method,fold,filename,target,target_label,prediction,prediction_label,top3_labels,top1_score
Zero-Shot CLAP,1,1-100032-A-0.wav,0,dog,5,cat,cat; crow; hen,0.3681281805038452
Zero-Shot CLAP,1,1-100038-A-14.wav,14,chirping birds,14,chirping birds,chirping birds; brushing teeth; hen,0.4189934730529785
Zero-Shot CLAP,1,1-100210-A-36.wav,36,vacuum cleaner,36,vacuum cleaner,vacuum cleaner; cat; brushing teeth,0.49821725487709045
Zero-Shot CLAP,1,1-100210-B-36.wav,36,vacuum cleaner,36,vacuum cleaner,vacuum cleaner; engine; airplane,0.5561876893043518
Zero-Shot CLAP,1,1-101296-A-19.wav,19,thunderstorm,19,thunderstorm,thunderstorm; crow; church bells,0.539890706539154
Zero-Shot CLAP,1,1-101296-B-19.wav,19,thunderstorm,19,thunderstorm,thunderstorm; crow; crickets,0.506393551826477
Zero-Shot CLAP,1,1-101336-A-30.wav,30,door wood knock,30,door wood knock,door wood knock; door wood creaks; footsteps,0.6136977076530457
Zero-Shot CLAP,1,1-101404-A-34.wav,34,can opening,34,can opening,can opening; pouring water; brushing teeth,0.29716363549232483
Zero-Shot CLAP,1,1-103298-A-9.wav,9,crow,9,crow,crow; rooster; hen,0.496220201253891
Zero-Shot CLAP,1,1-103995-A-30.wav,30,door wood knock,30,door wood knock,door wood knock; mouse click; door wood creaks,0.508634626865387
Zero-Shot CLAP,1,1-103999-A-30.wav,30,door wood knock,30,door wood knock,door wood knock; mouse click; door wood creaks,0.5121410489082336
Zero-Shot CLAP,1,1-104089-A-22.wav,22,clapping,22,clapping,clapping; brushing teeth; water drops,0.42260241508483887
Zero-Shot CLAP,1,1-104089-B-22.wav,22,clapping,22,clapping,clapping; water drops; brushing teeth,0.5685690641403198
Zero-Shot CLAP,1,1-105224-A-22.wav,22,clapping,22,clapping,clapping; brushing teeth; water drops,0.6107404232025146
Zero-Shot CLAP,1,1-110389-A-0.wav,0,dog,1,rooster,rooster; dog; crow,0.338739812374115
Zero-Shot CLAP,1,1-110537-A-22.wav,22,clapping,22,clapping,clapping; water drops; rain,0.5776016712188721
Zero-Shot CLAP,1,1-115521-A-19.wav,19,thunderstorm,19,thunderstorm,thunderstorm; crow; rain,0.5880131125450134
Zero-Shot CLAP,1,1-115545-A-48.wav,48,fireworks,19,thunderstorm,thunderstorm; fireworks; clapping,0.34006619453430176
Zero-Shot CLAP,1,1-115545-B-48.wav,48,fireworks,48,fireworks,fireworks; glass breaking; clapping,0.3512795567512512
Zero-Shot CLAP,1,1-115545-C-48.wav,48,fireworks,48,fireworks,fireworks; car horn; clapping,0.3800990581512451
Zero-Shot CLAP,1,1-115546-A-48.wav,48,fireworks,48,fireworks,fireworks; clapping; crow,0.30915799736976624
Zero-Shot CLAP,1,1-115920-A-22.wav,22,clapping,22,clapping,clapping; brushing teeth; mouse click,0.39657607674598694
Zero-Shot CLAP,1,1-115920-B-22.wav,22,clapping,22,clapping,clapping; glass breaking; mouse click,0.42163315415382385
Zero-Shot CLAP,1,1-115921-A-22.wav,22,clapping,22,clapping,clapping; brushing teeth; water drops,0.4795721173286438
Zero-Shot CLAP,1,1-116765-A-41.wav,41,chainsaw,41,chainsaw,chainsaw; hand saw; vacuum cleaner,0.5533876419067383
Zero-Shot CLAP,1,1-11687-A-47.wav,47,airplane,47,airplane,airplane; vacuum cleaner; helicopter,0.30471861362457275
Zero-Shot CLAP,1,1-118206-A-31.wav,31,mouse click,31,mouse click,mouse click; frog; door wood knock,0.4988827705383301
Zero-Shot CLAP,1,1-118559-A-17.wav,17,pouring water,17,pouring water,pouring water; drinking sipping; water drops,0.4474814832210541
Zero-Shot CLAP,1,1-119125-A-45.wav,45,train,45,train,train; car horn; footsteps,0.4126330316066742
Zero-Shot CLAP,1,1-121951-A-8.wav,8,sheep,8,sheep,sheep; cow; crow,0.4125766158103943
Zero-Shot CLAP,1,1-12653-A-15.wav,15,water drops,15,water drops,water drops; pouring water; drinking sipping,0.499499648809433
Zero-Shot CLAP,1,1-12654-A-15.wav,15,water drops,15,water drops,water drops; pouring water; mouse click,0.4839957058429718
Zero-Shot CLAP,1,1-12654-B-15.wav,15,water drops,15,water drops,water drops; pouring water; drinking sipping,0.4892166256904602
Zero-Shot CLAP,1,1-13571-A-46.wav,46,church bells,46,church bells,church bells; car horn; water drops,0.5725239515304565
Zero-Shot CLAP,1,1-13572-A-46.wav,46,church bells,46,church bells,church bells; car horn; clock alarm,0.5463270545005798
Zero-Shot CLAP,1,1-13613-A-37.wav,37,clock alarm,37,clock alarm,clock alarm; church bells; crickets,0.6192225217819214
Zero-Shot CLAP,1,1-137-A-32.wav,32,keyboard typing,32,keyboard typing,keyboard typing; mouse click; clapping,0.30248111486434937
Zero-Shot CLAP,1,1-137296-A-16.wav,16,wind,19,thunderstorm,thunderstorm; rain; wind,0.38746899366378784
Zero-Shot CLAP,1,1-14262-A-37.wav,37,clock alarm,37,clock alarm,clock alarm; frog; clock tick,0.5948795676231384
Zero-Shot CLAP,1,1-155858-A-25.wav,25,footsteps,25,footsteps,footsteps; door wood knock; water drops,0.3599154055118561
Zero-Shot CLAP,1,1-155858-B-25.wav,25,footsteps,25,footsteps,footsteps; door wood knock; water drops,0.3129199147224426
Zero-Shot CLAP,1,1-155858-C-25.wav,25,footsteps,25,footsteps,footsteps; door wood knock; drinking sipping,0.28075531125068665
Zero-Shot CLAP,1,1-155858-D-25.wav,25,footsteps,25,footsteps,footsteps; door wood knock; clock tick,0.2531363368034363
Zero-Shot CLAP,1,1-155858-E-25.wav,25,footsteps,25,footsteps,footsteps; door wood knock; clock tick,0.3678073287010193
Zero-Shot CLAP,1,1-155858-F-25.wav,25,footsteps,25,footsteps,footsteps; cat; door wood knock,0.32514333724975586
Zero-Shot CLAP,1,1-15689-A-4.wav,4,frog,4,frog,frog; rooster; cat,0.5637190341949463
Zero-Shot CLAP,1,1-15689-B-4.wav,4,frog,4,frog,frog; rooster; cat,0.5705150365829468
Zero-Shot CLAP,1,1-160563-A-48.wav,48,fireworks,48,fireworks,fireworks; clapping; crackling fire,0.4776380658149719
Zero-Shot CLAP,1,1-160563-B-48.wav,48,fireworks,48,fireworks,fireworks; clapping; water drops,0.36411985754966736
Zero-Shot CLAP,1,1-16568-A-3.wav,3,cow,3,cow,cow; rooster; frog,0.5159629583358765
Zero-Shot CLAP,1,1-16746-A-15.wav,15,water drops,15,water drops,water drops; pouring water; glass breaking,0.5099267363548279
Zero-Shot CLAP,1,1-17092-A-27.wav,27,brushing teeth,27,brushing teeth,brushing teeth; pig; washing machine,0.5056894421577454
Zero-Shot CLAP,1,1-17092-B-27.wav,27,brushing teeth,27,brushing teeth,brushing teeth; drinking sipping; pig,0.3607786297798157
Zero-Shot CLAP,1,1-17124-A-43.wav,43,car horn,43,car horn,car horn; clapping; crow,0.3801015615463257
Zero-Shot CLAP,1,1-17150-A-12.wav,12,crackling fire,12,crackling fire,crackling fire; chainsaw; frog,0.4160154461860657
Zero-Shot CLAP,1,1-172649-A-40.wav,40,helicopter,40,helicopter,helicopter; airplane; vacuum cleaner,0.45310550928115845
Zero-Shot CLAP,1,1-172649-B-40.wav,40,helicopter,40,helicopter,helicopter; airplane; engine,0.5082913637161255
Zero-Shot CLAP,1,1-172649-C-40.wav,40,helicopter,40,helicopter,helicopter; airplane; engine,0.5423398017883301
Zero-Shot CLAP,1,1-172649-D-40.wav,40,helicopter,40,helicopter,helicopter; engine; airplane,0.4862308204174042
Zero-Shot CLAP,1,1-172649-E-40.wav,40,helicopter,40,helicopter,helicopter; airplane; engine,0.4490931034088135
Zero-Shot CLAP,1,1-172649-F-40.wav,40,helicopter,40,helicopter,helicopter; airplane; hen,0.4668753445148468
Zero-Shot CLAP,1,1-17295-A-29.wav,29,drinking sipping,29,drinking sipping,drinking sipping; pouring water; pig,0.5941663384437561
Zero-Shot CLAP,1,1-17367-A-10.wav,10,rain,10,rain,rain; thunderstorm; water drops,0.4467220902442932
Zero-Shot CLAP,1,1-17565-A-12.wav,12,crackling fire,12,crackling fire,crackling fire; glass breaking; water drops,0.30666232109069824
Zero-Shot CLAP,1,1-17585-A-7.wav,7,insects,14,chirping birds,chirping birds; crickets; insects,0.2802482843399048
Zero-Shot CLAP,1,1-17742-A-12.wav,12,crackling fire,12,crackling fire,crackling fire; rain; water drops,0.47325482964515686
Zero-Shot CLAP,1,1-17808-A-12.wav,12,crackling fire,12,crackling fire,crackling fire; rain; water drops,0.41350501775741577
Zero-Shot CLAP,1,1-17808-B-12.wav,12,crackling fire,12,crackling fire,crackling fire; glass breaking; can opening,0.47775161266326904
Zero-Shot CLAP,1,1-1791-A-26.wav,26,laughing,26,laughing,laughing; hen; pig,0.6372320652008057
Zero-Shot CLAP,1,1-17970-A-4.wav,4,frog,4,frog,frog; rooster; cat,0.5111497044563293
Zero-Shot CLAP,1,1-18074-A-6.wav,6,hen,6,hen,hen; rooster; clapping,0.4425642490386963
Zero-Shot CLAP,1,1-18074-B-6.wav,6,hen,6,hen,hen; rooster; clapping,0.4344044029712677
Zero-Shot CLAP,1,1-181071-A-40.wav,40,helicopter,40,helicopter,helicopter; airplane; engine,0.430600106716156
Zero-Shot CLAP,1,1-181071-B-40.wav,40,helicopter,40,helicopter,helicopter; airplane; engine,0.4492536783218384
Zero-Shot CLAP,1,1-18527-A-44.wav,44,engine,44,engine,engine; airplane; car horn,0.08682866394519806
Zero-Shot CLAP,1,1-18527-B-44.wav,44,engine,44,engine,engine; airplane; snoring,0.16878360509872437
Zero-Shot CLAP,1,1-18631-A-23.wav,23,breathing,23,breathing,breathing; coughing; snoring,0.44034823775291443
Zero-Shot CLAP,1,1-18655-A-31.wav,31,mouse click,31,mouse click,mouse click; frog; keyboard typing,0.4661007523536682
Zero-Shot CLAP,1,1-187207-A-20.wav,20,crying baby,5,cat,cat; crying baby; hen,0.28125929832458496
Zero-Shot CLAP,1,1-18755-A-4.wav,4,frog,4,frog,frog; rooster; hen,0.4181194305419922
Zero-Shot CLAP,1,1-18755-B-4.wav,4,frog,4,frog,frog; rooster; hen,0.4392635226249695
Zero-Shot CLAP,1,1-18757-A-4.wav,4,frog,4,frog,frog; hen; rooster,0.4228716194629669
Zero-Shot CLAP,1,1-18810-A-49.wav,49,hand saw,49,hand saw,hand saw; brushing teeth; chainsaw,0.409688800573349
Zero-Shot CLAP,1,1-19026-A-43.wav,43,car horn,43,car horn,car horn; clock alarm; siren,0.4048517048358917
Zero-Shot CLAP,1,1-19111-A-24.wav,24,coughing,24,coughing,coughing; laughing; hen,0.4749770164489746
Zero-Shot CLAP,1,1-19118-A-24.wav,24,coughing,24,coughing,coughing; crow; hen,0.40724730491638184
Zero-Shot CLAP,1,1-19501-A-7.wav,7,insects,7,insects,insects; crickets; frog,0.48101872205734253
Zero-Shot CLAP,1,1-196660-A-8.wav,8,sheep,8,sheep,sheep; cow; rooster,0.4949512481689453
Zero-Shot CLAP,1,1-196660-B-8.wav,8,sheep,8,sheep,sheep; cow; hen,0.6002378463745117
Zero-Shot CLAP,1,1-19840-A-36.wav,36,vacuum cleaner,36,vacuum cleaner,vacuum cleaner; helicopter; airplane,0.37033581733703613
Zero-Shot CLAP,1,1-19872-A-36.wav,36,vacuum cleaner,36,vacuum cleaner,vacuum cleaner; airplane; helicopter,0.5256096124649048
Zero-Shot CLAP,1,1-19872-B-36.wav,36,vacuum cleaner,36,vacuum cleaner,vacuum cleaner; helicopter; crickets,0.46621400117874146
Zero-Shot CLAP,1,1-19898-A-41.wav,41,chainsaw,41,chainsaw,chainsaw; engine; hand saw,0.39461424946784973
Zero-Shot CLAP,1,1-19898-B-41.wav,41,chainsaw,41,chainsaw,chainsaw; hand saw; engine,0.5965373516082764
Zero-Shot CLAP,1,1-19898-C-41.wav,41,chainsaw,41,chainsaw,chainsaw; hand saw; engine,0.5283920764923096
Zero-Shot CLAP,1,1-20133-A-39.wav,39,glass breaking,39,glass breaking,glass breaking; can opening; cat,0.46371152997016907
Zero-Shot CLAP,1,1-202111-A-3.wav,3,cow,1,rooster,rooster; cow; snoring,0.40745222568511963
Zero-Shot CLAP,1,1-20545-A-28.wav,28,snoring,28,snoring,snoring; rooster; breathing,0.5036256313323975
Zero-Shot CLAP,1,1-20736-A-18.wav,18,toilet flush,18,toilet flush,toilet flush; brushing teeth; washing machine,0.5741132497787476
Zero-Shot CLAP,1,1-208757-A-2.wav,2,pig,2,pig,pig; rooster; dog,0.6406270265579224
Zero-Shot CLAP,1,1-208757-B-2.wav,2,pig,2,pig,pig; rooster; dog,0.5950578451156616
Zero-Shot CLAP,1,1-208757-C-2.wav,2,pig,2,pig,pig; rooster; dog,0.5109386444091797
Zero-Shot CLAP,1,1-208757-D-2.wav,2,pig,2,pig,pig; rooster; hen,0.5330711603164673
Zero-Shot CLAP,1,1-208757-E-2.wav,2,pig,2,pig,pig; rooster; hen,0.5307824611663818
Zero-Shot CLAP,1,1-211527-A-20.wav,20,crying baby,5,cat,cat; crying baby; cow,0.29878848791122437
Zero-Shot CLAP,1,1-211527-B-20.wav,20,crying baby,20,crying baby,crying baby; laughing; cat,0.3920336365699768
Zero-Shot CLAP,1,1-211527-C-20.wav,20,crying baby,20,crying baby,crying baby; cat; cow,0.42551538348197937
Zero-Shot CLAP,1,1-21189-A-10.wav,10,rain,10,rain,rain; water drops; clapping,0.5333308577537537
Zero-Shot CLAP,1,1-21421-A-46.wav,46,church bells,46,church bells,church bells; clock tick; clock alarm,0.558954119682312
Zero-Shot CLAP,1,1-21896-A-35.wav,35,washing machine,40,helicopter,helicopter; engine; clock tick,0.2650342583656311
Zero-Shot CLAP,1,1-21934-A-38.wav,38,clock tick,38,clock tick,clock tick; water drops; clock alarm,0.4938051700592041
Zero-Shot CLAP,1,1-21935-A-38.wav,38,clock tick,38,clock tick,clock tick; clock alarm; water drops,0.5774121880531311
Zero-Shot CLAP,1,1-223162-A-25.wav,25,footsteps,30,door wood knock,door wood knock; footsteps; cat,0.4405568242073059
Zero-Shot CLAP,1,1-22694-A-20.wav,20,crying baby,20,crying baby,crying baby; cat; clock alarm,0.4548271894454956
Zero-Shot CLAP,1,1-22694-B-20.wav,20,crying baby,20,crying baby,crying baby; door wood creaks; cat,0.4365043342113495
Zero-Shot CLAP,1,1-22804-A-46.wav,46,church bells,46,church bells,church bells; water drops; car horn,0.5549421906471252
Zero-Shot CLAP,1,1-22882-A-44.wav,44,engine,44,engine,engine; footsteps; car horn,0.16246294975280762
Zero-Shot CLAP,1,1-23094-A-15.wav,15,water drops,15,water drops,water drops; clock tick; clock alarm,0.4000438451766968
Zero-Shot CLAP,1,1-23094-B-15.wav,15,water drops,38,clock tick,clock tick; water drops; clock alarm,0.45790883898735046
Zero-Shot CLAP,1,1-23222-A-19.wav,19,thunderstorm,19,thunderstorm,thunderstorm; fireworks; clapping,0.5101446509361267
Zero-Shot CLAP,1,1-23222-B-19.wav,19,thunderstorm,19,thunderstorm,thunderstorm; crow; fireworks,0.4821814298629761
Zero-Shot CLAP,1,1-23706-A-49.wav,49,hand saw,49,hand saw,hand saw; chainsaw; brushing teeth,0.5834162831306458
Zero-Shot CLAP,1,1-23996-A-35.wav,35,washing machine,35,washing machine,washing machine; engine; train,0.3461611866950989
Zero-Shot CLAP,1,1-23996-B-35.wav,35,washing machine,40,helicopter,helicopter; airplane; engine,0.38514137268066406
Zero-Shot CLAP,1,1-24074-A-43.wav,43,car horn,43,car horn,car horn; siren; church bells,0.37649810314178467
Zero-Shot CLAP,1,1-24076-A-43.wav,43,car horn,43,car horn,car horn; siren; pouring water,0.353058397769928
Zero-Shot CLAP,1,1-24524-A-19.wav,19,thunderstorm,19,thunderstorm,thunderstorm; crow; glass breaking,0.4492642283439636
Zero-Shot CLAP,1,1-24524-B-19.wav,19,thunderstorm,19,thunderstorm,thunderstorm; glass breaking; water drops,0.40645110607147217
Zero-Shot CLAP,1,1-24524-C-19.wav,19,thunderstorm,19,thunderstorm,thunderstorm; glass breaking; church bells,0.47605985403060913
Zero-Shot CLAP,1,1-24796-A-47.wav,47,airplane,47,airplane,airplane; helicopter; engine,0.42649245262145996
Zero-Shot CLAP,1,1-254507-A-43.wav,43,car horn,43,car horn,car horn; siren; engine,0.3725508749485016
Zero-Shot CLAP,1,1-25777-A-48.wav,48,fireworks,48,fireworks,fireworks; clapping; crickets,0.31825435161590576
Zero-Shot CLAP,1,1-25781-A-48.wav,48,fireworks,48,fireworks,fireworks; crickets; clapping,0.5164406299591064
Zero-Shot CLAP,1,1-260640-A-2.wav,2,pig,2,pig,pig; rooster; hen,0.5939443707466125
Zero-Shot CLAP,1,1-260640-B-2.wav,2,pig,2,pig,pig; hen; rooster,0.568084716796875
Zero-Shot CLAP,1,1-260640-C-2.wav,2,pig,2,pig,pig; hen; rooster,0.5656173229217529
Zero-Shot CLAP,1,1-26143-A-21.wav,21,sneezing,21,sneezing,sneezing; coughing; glass breaking,0.5372872352600098
Zero-Shot CLAP,1,1-26176-A-43.wav,43,car horn,43,car horn,car horn; crow; siren,0.3302963674068451
Zero-Shot CLAP,1,1-26177-A-43.wav,43,car horn,43,car horn,car horn; siren; clapping,0.32197433710098267
Zero-Shot CLAP,1,1-26188-A-30.wav,30,door wood knock,30,door wood knock,door wood knock; door wood creaks; rooster,0.47411608695983887
Zero-Shot CLAP,1,1-26222-A-10.wav,10,rain,10,rain,rain; water drops; pouring water,0.4465882182121277
Zero-Shot CLAP,1,1-26806-A-1.wav,1,rooster,1,rooster,rooster; hen; crow,0.4050077199935913
Zero-Shot CLAP,1,1-27165-A-35.wav,35,washing machine,36,vacuum cleaner,vacuum cleaner; washing machine; engine,0.40815216302871704
Zero-Shot CLAP,1,1-27166-A-35.wav,35,washing machine,36,vacuum cleaner,vacuum cleaner; airplane; helicopter,0.4263506531715393
Zero-Shot CLAP,1,1-27403-A-28.wav,28,snoring,28,snoring,snoring; rooster; breathing,0.5397912859916687
Zero-Shot CLAP,1,1-27405-A-28.wav,28,snoring,28,snoring,snoring; rooster; pig,0.5343829393386841
Zero-Shot CLAP,1,1-27724-A-1.wav,1,rooster,6,hen,hen; rooster; crow,0.3615603446960449
Zero-Shot CLAP,1,1-28005-A-18.wav,18,toilet flush,18,toilet flush,toilet flush; pouring water; washing machine,0.598616898059845
Zero-Shot CLAP,1,1-28135-A-11.wav,11,sea waves,11,sea waves,sea waves; rain; wind,0.5741609930992126
Zero-Shot CLAP,1,1-28135-B-11.wav,11,sea waves,11,sea waves,sea waves; rain; wind,0.5607288479804993
Zero-Shot CLAP,1,1-28808-A-43.wav,43,car horn,43,car horn,car horn; rain; engine,0.3163231611251831
Zero-Shot CLAP,1,1-29532-A-16.wav,16,wind,40,helicopter,helicopter; siren; train,0.2587875723838806
Zero-Shot CLAP,1,1-29561-A-10.wav,10,rain,10,rain,rain; train; vacuum cleaner,0.3641260862350464
Zero-Shot CLAP,1,1-29680-A-21.wav,21,sneezing,21,sneezing,sneezing; coughing; rooster,0.4083523154258728
Zero-Shot CLAP,1,1-30039-A-26.wav,26,laughing,26,laughing,laughing; sneezing; pig,0.32728731632232666
Zero-Shot CLAP,1,1-30043-A-26.wav,26,laughing,26,laughing,laughing; clapping; pig,0.42654308676719666
Zero-Shot CLAP,1,1-30214-A-18.wav,18,toilet flush,18,toilet flush,toilet flush; brushing teeth; pouring water,0.5263839960098267
Zero-Shot CLAP,1,1-30226-A-0.wav,0,dog,0,dog,dog; car horn; footsteps,0.20790579915046692
Zero-Shot CLAP,1,1-30344-A-0.wav,0,dog,0,dog,dog; hen; clock alarm,0.3023643493652344
Zero-Shot CLAP,1,1-30709-A-23.wav,23,breathing,23,breathing,breathing; snoring; coughing,0.37821799516677856
Zero-Shot CLAP,1,1-30709-B-23.wav,23,breathing,23,breathing,breathing; snoring; coughing,0.34968405961990356
Zero-Shot CLAP,1,1-30709-C-23.wav,23,breathing,23,breathing,breathing; snoring; coughing,0.38689640164375305
Zero-Shot CLAP,1,1-30830-A-24.wav,24,coughing,24,coughing,coughing; rooster; laughing,0.5283252000808716
Zero-Shot CLAP,1,1-31251-A-6.wav,6,hen,6,hen,hen; chirping birds; rooster,0.44943514466285706
Zero-Shot CLAP,1,1-31251-B-6.wav,6,hen,6,hen,hen; laughing; rooster,0.47834306955337524
Zero-Shot CLAP,1,1-31482-A-42.wav,42,siren,42,siren,siren; clock alarm; car horn,0.3374601900577545
Zero-Shot CLAP,1,1-31482-B-42.wav,42,siren,42,siren,siren; glass breaking; crackling fire,0.38216760754585266
Zero-Shot CLAP,1,1-31748-A-21.wav,21,sneezing,21,sneezing,sneezing; coughing; cat,0.36814260482788086
Zero-Shot CLAP,1,1-31836-A-4.wav,4,frog,4,frog,frog; hen; chirping birds,0.4019926190376282
Zero-Shot CLAP,1,1-31836-B-4.wav,4,frog,4,frog,frog; rooster; crickets,0.4182819426059723
Zero-Shot CLAP,1,1-32318-A-0.wav,0,dog,0,dog,dog; cat; hen,0.37430763244628906
Zero-Shot CLAP,1,1-32373-A-35.wav,35,washing machine,44,engine,engine; cat; hen,0.2707621455192566
Zero-Shot CLAP,1,1-32373-B-35.wav,35,washing machine,40,helicopter,helicopter; engine; airplane,0.2675054967403412
Zero-Shot CLAP,1,1-32579-A-29.wav,29,drinking sipping,29,drinking sipping,drinking sipping; water drops; frog,0.34120357036590576
Zero-Shot CLAP,1,1-33658-A-26.wav,26,laughing,26,laughing,laughing; cat; hen,0.47740644216537476
Zero-Shot CLAP,1,1-34094-A-5.wav,5,cat,5,cat,cat; crow; crying baby,0.5399090051651001
Zero-Shot CLAP,1,1-34094-B-5.wav,5,cat,5,cat,cat; crow; crying baby,0.4844769835472107
Zero-Shot CLAP,1,1-34119-A-1.wav,1,rooster,6,hen,hen; rooster; cow,0.3731438219547272
Zero-Shot CLAP,1,1-34119-B-1.wav,1,rooster,1,rooster,rooster; hen; clapping,0.3671197295188904
Zero-Shot CLAP,1,1-34495-A-14.wav,14,chirping birds,14,chirping birds,chirping birds; water drops; crow,0.41467002034187317
Zero-Shot CLAP,1,1-34497-A-14.wav,14,chirping birds,14,chirping birds,chirping birds; water drops; rain,0.3529437184333801
Zero-Shot CLAP,1,1-34853-A-37.wav,37,clock alarm,37,clock alarm,clock alarm; clock tick; cat,0.4522601366043091
Zero-Shot CLAP,1,1-35687-A-38.wav,38,clock tick,38,clock tick,clock tick; clock alarm; mouse click,0.5851266384124756
Zero-Shot CLAP,1,1-36164-A-26.wav,26,laughing,26,laughing,laughing; cat; hen,0.4665287733078003
Zero-Shot CLAP,1,1-36164-B-26.wav,26,laughing,26,laughing,laughing; hen; clapping,0.4791458249092102
Zero-Shot CLAP,1,1-36393-A-23.wav,23,breathing,23,breathing,breathing; sneezing; coughing,0.3878207504749298
Zero-Shot CLAP,1,1-36397-A-23.wav,23,breathing,24,coughing,coughing; breathing; sneezing,0.39096665382385254
Zero-Shot CLAP,1,1-36400-A-23.wav,23,breathing,23,breathing,breathing; coughing; sneezing,0.3874925971031189
Zero-Shot CLAP,1,1-36402-A-23.wav,23,breathing,23,breathing,breathing; coughing; sneezing,0.4222676455974579
Zero-Shot CLAP,1,1-36929-A-47.wav,47,airplane,47,airplane,airplane; helicopter; car horn,0.276483952999115
Zero-Shot CLAP,1,1-37226-A-29.wav,29,drinking sipping,29,drinking sipping,drinking sipping; coughing; sneezing,0.5478759407997131
Zero-Shot CLAP,1,1-38559-A-14.wav,14,chirping birds,14,chirping birds,chirping birds; frog; crickets,0.44741690158843994
Zero-Shot CLAP,1,1-38560-A-14.wav,14,chirping birds,14,chirping birds,chirping birds; crow; clapping,0.4993516206741333
Zero-Shot CLAP,1,1-39835-A-9.wav,9,crow,9,crow,crow; rooster; hen,0.5569740533828735
Zero-Shot CLAP,1,1-39835-B-9.wav,9,crow,9,crow,crow; rooster; hen,0.4931560754776001
Zero-Shot CLAP,1,1-39901-A-11.wav,11,sea waves,11,sea waves,sea waves; washing machine; pouring water,0.3649201989173889
Zero-Shot CLAP,1,1-39901-B-11.wav,11,sea waves,11,sea waves,sea waves; washing machine; pouring water,0.39823585748672485
Zero-Shot CLAP,1,1-39923-A-1.wav,1,rooster,1,rooster,rooster; hen; clapping,0.4058308005332947
Zero-Shot CLAP,1,1-39937-A-28.wav,28,snoring,28,snoring,snoring; breathing; rooster,0.4978579878807068
Zero-Shot CLAP,1,1-40154-A-46.wav,46,church bells,46,church bells,church bells; clapping; water drops,0.5122974514961243
Zero-Shot CLAP,1,1-40621-A-28.wav,28,snoring,28,snoring,snoring; rooster; breathing,0.45470017194747925
Zero-Shot CLAP,1,1-40730-A-1.wav,1,rooster,1,rooster,rooster; hen; crow,0.38787007331848145
Zero-Shot CLAP,1,1-40967-A-28.wav,28,snoring,28,snoring,snoring; breathing; coughing,0.41162052750587463
Zero-Shot CLAP,1,1-41615-A-34.wav,34,can opening,34,can opening,can opening; glass breaking; mouse click,0.27943485975265503
Zero-Shot CLAP,1,1-4211-A-12.wav,12,crackling fire,12,crackling fire,crackling fire; glass breaking; footsteps,0.4872435927391052
Zero-Shot CLAP,1,1-42139-A-38.wav,38,clock tick,38,clock tick,clock tick; clock alarm; water drops,0.5449205636978149
Zero-Shot CLAP,1,1-43382-A-1.wav,1,rooster,6,hen,hen; rooster; cow,0.3877469301223755
Zero-Shot CLAP,1,1-43760-A-11.wav,11,sea waves,11,sea waves,sea waves; water drops; pouring water,0.34470418095588684
Zero-Shot CLAP,1,1-43764-A-34.wav,34,can opening,31,mouse click,mouse click; can opening; door wood creaks,0.30929550528526306
Zero-Shot CLAP,1,1-43807-A-47.wav,47,airplane,47,airplane,airplane; car horn; helicopter,0.43601882457733154
Zero-Shot CLAP,1,1-43807-B-47.wav,47,airplane,47,airplane,airplane; helicopter; engine,0.3594248592853546
Zero-Shot CLAP,1,1-43807-C-47.wav,47,airplane,47,airplane,airplane; helicopter; engine,0.3267897963523865
Zero-Shot CLAP,1,1-43807-D-47.wav,47,airplane,47,airplane,airplane; engine; car horn,0.34405070543289185
Zero-Shot CLAP,1,1-44831-A-1.wav,1,rooster,1,rooster,rooster; hen; cow,0.3971112072467804
Zero-Shot CLAP,1,1-45641-A-27.wav,27,brushing teeth,27,brushing teeth,brushing teeth; hand saw; pig,0.4942992925643921
Zero-Shot CLAP,1,1-45645-A-31.wav,31,mouse click,31,mouse click,mouse click; clock tick; water drops,0.45678651332855225
Zero-Shot CLAP,1,1-46040-A-14.wav,14,chirping birds,14,chirping birds,chirping birds; crow; hen,0.28384941816329956
Zero-Shot CLAP,1,1-46272-A-12.wav,12,crackling fire,12,crackling fire,crackling fire; thunderstorm; rain,0.5349195599555969
Zero-Shot CLAP,1,1-46274-A-18.wav,18,toilet flush,18,toilet flush,toilet flush; pouring water; brushing teeth,0.46395429968833923
Zero-Shot CLAP,1,1-46353-A-49.wav,49,hand saw,49,hand saw,hand saw; chainsaw; sheep,0.6471194624900818
Zero-Shot CLAP,1,1-46744-A-36.wav,36,vacuum cleaner,36,vacuum cleaner,vacuum cleaner; engine; airplane,0.5331476330757141
Zero-Shot CLAP,1,1-46938-A-7.wav,7,insects,7,insects,insects; cat; crickets,0.22735074162483215
Zero-Shot CLAP,1,1-46938-B-7.wav,7,insects,7,insects,insects; crickets; cat,0.31177955865859985
Zero-Shot CLAP,1,1-47250-A-41.wav,41,chainsaw,44,engine,engine; vacuum cleaner; chainsaw,0.3733605742454529
Zero-Shot CLAP,1,1-47250-B-41.wav,41,chainsaw,41,chainsaw,chainsaw; engine; vacuum cleaner,0.3429831266403198
Zero-Shot CLAP,1,1-47273-A-21.wav,21,sneezing,21,sneezing,sneezing; cat; coughing,0.47909533977508545
Zero-Shot CLAP,1,1-47274-A-21.wav,21,sneezing,21,sneezing,sneezing; coughing; glass breaking,0.5058748126029968
Zero-Shot CLAP,1,1-47709-A-16.wav,16,wind,16,wind,wind; sea waves; airplane,0.43419334292411804
Zero-Shot CLAP,1,1-47714-A-16.wav,16,wind,16,wind,wind; thunderstorm; airplane,0.3840126395225525
Zero-Shot CLAP,1,1-47819-A-5.wav,5,cat,5,cat,cat; crow; crying baby,0.6208717823028564
Zero-Shot CLAP,1,1-47819-B-5.wav,5,cat,5,cat,cat; door wood creaks; crow,0.6536350250244141
Zero-Shot CLAP,1,1-47819-C-5.wav,5,cat,5,cat,cat; crow; crying baby,0.5827445983886719
Zero-Shot CLAP,1,1-47923-A-28.wav,28,snoring,28,snoring,snoring; breathing; rooster,0.47520333528518677
Zero-Shot CLAP,1,1-48298-A-46.wav,46,church bells,46,church bells,church bells; clock alarm; clock tick,0.5515798330307007
Zero-Shot CLAP,1,1-48413-A-38.wav,38,clock tick,38,clock tick,clock tick; clock alarm; water drops,0.4897184371948242
Zero-Shot CLAP,1,1-49098-A-35.wav,35,washing machine,35,washing machine,washing machine; engine; train,0.4732500910758972
Zero-Shot CLAP,1,1-49409-A-8.wav,8,sheep,8,sheep,sheep; cow; hen,0.5093725919723511
Zero-Shot CLAP,1,1-49409-B-8.wav,8,sheep,8,sheep,sheep; cow; crow,0.5702618956565857
Zero-Shot CLAP,1,1-50060-A-10.wav,10,rain,10,rain,rain; water drops; pouring water,0.4660520553588867
Zero-Shot CLAP,1,1-50454-A-44.wav,44,engine,44,engine,engine; airplane; hen,0.23543792963027954
Zero-Shot CLAP,1,1-50455-A-44.wav,44,engine,44,engine,engine; hen; airplane,0.23194566369056702
Zero-Shot CLAP,1,1-50623-A-15.wav,15,water drops,15,water drops,water drops; pouring water; drinking sipping,0.4413042962551117
Zero-Shot CLAP,1,1-50625-A-17.wav,17,pouring water,17,pouring water,pouring water; water drops; drinking sipping,0.3641929626464844
Zero-Shot CLAP,1,1-50661-A-44.wav,44,engine,44,engine,engine; airplane; hen,0.27255016565322876
Zero-Shot CLAP,1,1-50688-A-17.wav,17,pouring water,15,water drops,water drops; pouring water; drinking sipping,0.28074175119400024
Zero-Shot CLAP,1,1-51035-A-16.wav,16,wind,16,wind,wind; sea waves; rain,0.40335267782211304
Zero-Shot CLAP,1,1-51036-A-16.wav,16,wind,10,rain,rain; wind; sea waves,0.40543073415756226
Zero-Shot CLAP,1,1-51037-A-16.wav,16,wind,11,sea waves,sea waves; wind; rain,0.4445304274559021
Zero-Shot CLAP,1,1-51147-A-25.wav,25,footsteps,15,water drops,water drops; brushing teeth; cat,0.4442249536514282
Zero-Shot CLAP,1,1-51170-A-18.wav,18,toilet flush,18,toilet flush,toilet flush; pouring water; brushing teeth,0.5225675702095032
Zero-Shot CLAP,1,1-51433-A-17.wav,17,pouring water,17,pouring water,pouring water; water drops; drinking sipping,0.41016584634780884
Zero-Shot CLAP,1,1-51436-A-17.wav,17,pouring water,17,pouring water,pouring water; water drops; drinking sipping,0.3572103977203369
Zero-Shot CLAP,1,1-51805-A-33.wav,33,door wood creaks,33,door wood creaks,door wood creaks; door wood knock; water drops,0.5446149706840515
Zero-Shot CLAP,1,1-51805-B-33.wav,33,door wood creaks,33,door wood creaks,door wood creaks; door wood knock; crying baby,0.5908780097961426
Zero-Shot CLAP,1,1-51805-C-33.wav,33,door wood creaks,33,door wood creaks,door wood creaks; crying baby; door wood knock,0.5019719004631042
Zero-Shot CLAP,1,1-51805-D-33.wav,33,door wood creaks,33,door wood creaks,door wood creaks; door wood knock; crow,0.536858320236206
Zero-Shot CLAP,1,1-51805-E-33.wav,33,door wood creaks,33,door wood creaks,door wood creaks; door wood knock; cat,0.6501325964927673
Zero-Shot CLAP,1,1-51805-F-33.wav,33,door wood creaks,33,door wood creaks,door wood creaks; door wood knock; cat,0.6295394897460938
Zero-Shot CLAP,1,1-51805-G-33.wav,33,door wood creaks,33,door wood creaks,door wood creaks; door wood knock; frog,0.5439627170562744
Zero-Shot CLAP,1,1-51805-H-33.wav,33,door wood creaks,33,door wood creaks,door wood creaks; door wood knock; cat,0.6886025667190552
Zero-Shot CLAP,1,1-52266-A-24.wav,24,coughing,24,coughing,coughing; laughing; rooster,0.4923574924468994
Zero-Shot CLAP,1,1-52290-A-30.wav,30,door wood knock,30,door wood knock,door wood knock; door wood creaks; rooster,0.5484585762023926
Zero-Shot CLAP,1,1-52323-A-24.wav,24,coughing,24,coughing,coughing; laughing; sneezing,0.47453147172927856
Zero-Shot CLAP,1,1-53444-A-28.wav,28,snoring,28,snoring,snoring; rooster; pig,0.47797834873199463
Zero-Shot CLAP,1,1-53467-A-47.wav,47,airplane,47,airplane,airplane; helicopter; engine,0.4327516555786133
Zero-Shot CLAP,1,1-53501-A-32.wav,32,keyboard typing,32,keyboard typing,keyboard typing; mouse click; clapping,0.49833935499191284
Zero-Shot CLAP,1,1-53663-A-24.wav,24,coughing,24,coughing,coughing; sneezing; crickets,0.5209238529205322
Zero-Shot CLAP,1,1-53670-A-18.wav,18,toilet flush,18,toilet flush,toilet flush; pouring water; brushing teeth,0.4465743899345398
Zero-Shot CLAP,1,1-54065-A-45.wav,45,train,45,train,train; thunderstorm; wind,0.2733781337738037
Zero-Shot CLAP,1,1-54065-B-45.wav,45,train,45,train,train; engine; glass breaking,0.22856104373931885
Zero-Shot CLAP,1,1-54084-A-42.wav,42,siren,42,siren,siren; car horn; clapping,0.3923485577106476
Zero-Shot CLAP,1,1-54505-A-21.wav,21,sneezing,21,sneezing,sneezing; coughing; breathing,0.6045323014259338
Zero-Shot CLAP,1,1-54747-A-46.wav,46,church bells,46,church bells,church bells; car horn; clapping,0.502683699131012
Zero-Shot CLAP,1,1-54752-A-18.wav,18,toilet flush,18,toilet flush,toilet flush; brushing teeth; pouring water,0.4467734098434448
Zero-Shot CLAP,1,1-54918-A-14.wav,14,chirping birds,14,chirping birds,chirping birds; siren; crow,0.2700619101524353
Zero-Shot CLAP,1,1-54918-B-14.wav,14,chirping birds,14,chirping birds,chirping birds; crow; water drops,0.29756665229797363
Zero-Shot CLAP,1,1-54958-A-10.wav,10,rain,10,rain,rain; clapping; water drops,0.36501961946487427
Zero-Shot CLAP,1,1-56233-A-9.wav,9,crow,9,crow,crow; rooster; hen,0.4669209420681
Zero-Shot CLAP,1,1-56234-A-9.wav,9,crow,9,crow,crow; hen; rooster,0.564063310623169
Zero-Shot CLAP,1,1-56269-A-18.wav,18,toilet flush,18,toilet flush,toilet flush; brushing teeth; pouring water,0.5862271785736084
Zero-Shot CLAP,1,1-56270-A-29.wav,29,drinking sipping,29,drinking sipping,drinking sipping; pig; water drops,0.4791289269924164
Zero-Shot CLAP,1,1-56311-A-10.wav,10,rain,10,rain,rain; clapping; water drops,0.4802047312259674
Zero-Shot CLAP,1,1-56380-A-5.wav,5,cat,5,cat,cat; crow; crying baby,0.6669005155563354
Zero-Shot CLAP,1,1-56380-B-5.wav,5,cat,5,cat,cat; crow; crying baby,0.6958065032958984
Zero-Shot CLAP,1,1-56907-A-46.wav,46,church bells,46,church bells,church bells; water drops; clock alarm,0.4848715662956238
Zero-Shot CLAP,1,1-57163-A-38.wav,38,clock tick,38,clock tick,clock tick; mouse click; clock alarm,0.4439498484134674
Zero-Shot CLAP,1,1-57316-A-13.wav,13,crickets,13,crickets,crickets; insects; frog,0.22007843852043152
Zero-Shot CLAP,1,1-57318-A-13.wav,13,crickets,13,crickets,crickets; insects; frog,0.44935914874076843
Zero-Shot CLAP,1,1-57795-A-8.wav,8,sheep,3,cow,cow; sheep; rooster,0.5718379020690918
Zero-Shot CLAP,1,1-58277-A-3.wav,3,cow,3,cow,cow; rooster; frog,0.5138756632804871
Zero-Shot CLAP,1,1-58792-A-24.wav,24,coughing,21,sneezing,sneezing; coughing; pouring water,0.566048264503479
Zero-Shot CLAP,1,1-58846-A-34.wav,34,can opening,34,can opening,can opening; pouring water; crackling fire,0.31944048404693604
Zero-Shot CLAP,1,1-58923-A-27.wav,27,brushing teeth,27,brushing teeth,brushing teeth; pig; hand saw,0.5887253284454346
Zero-Shot CLAP,1,1-58923-B-27.wav,27,brushing teeth,27,brushing teeth,brushing teeth; hand saw; pig,0.5923187136650085
Zero-Shot CLAP,1,1-59102-A-13.wav,13,crickets,13,crickets,crickets; insects; frog,0.5354832410812378
Zero-Shot CLAP,1,1-59324-A-21.wav,21,sneezing,21,sneezing,sneezing; coughing; cat,0.5759451985359192
Zero-Shot CLAP,1,1-59513-A-0.wav,0,dog,0,dog,dog; rooster; frog,0.37744206190109253
Zero-Shot CLAP,1,1-5996-A-6.wav,6,hen,6,hen,hen; laughing; rooster,0.5542089343070984
Zero-Shot CLAP,1,1-60460-A-36.wav,36,vacuum cleaner,36,vacuum cleaner,vacuum cleaner; cat; brushing teeth,0.5131873488426208
Zero-Shot CLAP,1,1-60676-A-34.wav,34,can opening,34,can opening,can opening; car horn; pouring water,0.32783782482147217
Zero-Shot CLAP,1,1-60997-A-20.wav,20,crying baby,20,crying baby,crying baby; cat; cow,0.3691568970680237
Zero-Shot CLAP,1,1-60997-B-20.wav,20,crying baby,20,crying baby,crying baby; clock alarm; cat,0.4385240077972412
Zero-Shot CLAP,1,1-61212-A-32.wav,32,keyboard typing,31,mouse click,mouse click; keyboard typing; clapping,0.3478217124938965
Zero-Shot CLAP,1,1-61221-A-17.wav,17,pouring water,17,pouring water,pouring water; drinking sipping; water drops,0.4591922163963318
Zero-Shot CLAP,1,1-61252-A-11.wav,11,sea waves,11,sea waves,sea waves; rain; wind,0.5758578777313232
Zero-Shot CLAP,1,1-61261-A-44.wav,44,engine,44,engine,engine; airplane; washing machine,0.28396379947662354
Zero-Shot CLAP,1,1-61534-A-27.wav,27,brushing teeth,27,brushing teeth,brushing teeth; pig; hen,0.5295202136039734
Zero-Shot CLAP,1,1-62509-A-45.wav,45,train,45,train,train; wind; clock alarm,0.314998984336853
Zero-Shot CLAP,1,1-62565-A-44.wav,44,engine,44,engine,engine; airplane; rooster,0.27116358280181885
Zero-Shot CLAP,1,1-62594-A-32.wav,32,keyboard typing,31,mouse click,mouse click; keyboard typing; drinking sipping,0.3110806941986084
Zero-Shot CLAP,1,1-62849-A-38.wav,38,clock tick,38,clock tick,clock tick; mouse click; water drops,0.4549410343170166
Zero-Shot CLAP,1,1-62850-A-38.wav,38,clock tick,38,clock tick,clock tick; water drops; mouse click,0.5193556547164917
Zero-Shot CLAP,1,1-63679-A-24.wav,24,coughing,24,coughing,coughing; laughing; rooster,0.4873139262199402
Zero-Shot CLAP,1,1-63871-A-10.wav,10,rain,10,rain,rain; crackling fire; water drops,0.3948080539703369
Zero-Shot CLAP,1,1-64398-A-41.wav,41,chainsaw,41,chainsaw,chainsaw; hand saw; cow,0.575092077255249
Zero-Shot CLAP,1,1-64398-B-41.wav,41,chainsaw,41,chainsaw,chainsaw; hand saw; vacuum cleaner,0.5127736926078796
Zero-Shot CLAP,1,1-64473-A-45.wav,45,train,45,train,train; clock alarm; engine,0.3879334628582001
Zero-Shot CLAP,1,1-65483-A-13.wav,13,crickets,13,crickets,crickets; insects; frog,0.4545722007751465
Zero-Shot CLAP,1,1-67033-A-37.wav,37,clock alarm,37,clock alarm,clock alarm; crickets; mouse click,0.35505175590515137
Zero-Shot CLAP,1,1-67152-A-17.wav,17,pouring water,17,pouring water,pouring water; water drops; drinking sipping,0.45504850149154663
Zero-Shot CLAP,1,1-67230-A-29.wav,29,drinking sipping,29,drinking sipping,drinking sipping; snoring; pig,0.3861534893512726
Zero-Shot CLAP,1,1-67432-A-27.wav,27,brushing teeth,27,brushing teeth,brushing teeth; hand saw; vacuum cleaner,0.4520970582962036
Zero-Shot CLAP,1,1-68628-A-27.wav,27,brushing teeth,27,brushing teeth,brushing teeth; pig; drinking sipping,0.4031193256378174
Zero-Shot CLAP,1,1-68670-A-34.wav,34,can opening,34,can opening,can opening; glass breaking; mouse click,0.4188411831855774
Zero-Shot CLAP,1,1-68734-A-34.wav,34,can opening,34,can opening,can opening; mouse click; glass breaking,0.3817386329174042
Zero-Shot CLAP,1,1-69165-A-34.wav,34,can opening,34,can opening,can opening; mouse click; glass breaking,0.4216400384902954
Zero-Shot CLAP,1,1-69422-A-3.wav,3,cow,3,cow,cow; rooster; frog,0.44791871309280396
Zero-Shot CLAP,1,1-69641-A-3.wav,3,cow,3,cow,cow; rooster; pig,0.4958738088607788
Zero-Shot CLAP,1,1-69760-A-16.wav,16,wind,11,sea waves,sea waves; wind; rain,0.5566478371620178
Zero-Shot CLAP,1,1-70300-A-45.wav,45,train,45,train,train; footsteps; clock tick,0.3970211148262024
Zero-Shot CLAP,1,1-7057-A-12.wav,12,crackling fire,12,crackling fire,crackling fire; crickets; insects,0.4761923551559448
Zero-Shot CLAP,1,1-71030-A-6.wav,6,hen,6,hen,hen; rooster; laughing,0.3964982032775879
Zero-Shot CLAP,1,1-72195-A-37.wav,37,clock alarm,37,clock alarm,clock alarm; cat; frog,0.5030159950256348
Zero-Shot CLAP,1,1-72195-B-37.wav,37,clock alarm,37,clock alarm,clock alarm; hen; frog,0.525265097618103
Zero-Shot CLAP,1,1-72229-A-6.wav,6,hen,6,hen,hen; chirping birds; rooster,0.49057403206825256
Zero-Shot CLAP,1,1-72229-B-6.wav,6,hen,6,hen,hen; laughing; chirping birds,0.4688819646835327
Zero-Shot CLAP,1,1-72695-A-26.wav,26,laughing,26,laughing,laughing; sneezing; coughing,0.3846263289451599
Zero-Shot CLAP,1,1-73123-A-26.wav,26,laughing,26,laughing,laughing; hen; coughing,0.4892074167728424
Zero-Shot CLAP,1,1-73585-A-7.wav,7,insects,14,chirping birds,chirping birds; wind; insects,0.25675636529922485
Zero-Shot CLAP,1,1-74517-A-37.wav,37,clock alarm,37,clock alarm,clock alarm; clock tick; door wood creaks,0.5951927304267883
Zero-Shot CLAP,1,1-7456-A-13.wav,13,crickets,13,crickets,crickets; helicopter; insects,0.40128839015960693
Zero-Shot CLAP,1,1-75162-A-9.wav,9,crow,9,crow,crow; rooster; hen,0.5559736490249634
Zero-Shot CLAP,1,1-75189-A-7.wav,7,insects,7,insects,insects; wind; brushing teeth,0.2320271134376526
Zero-Shot CLAP,1,1-75190-A-8.wav,8,sheep,8,sheep,sheep; cow; cat,0.6333539485931396
Zero-Shot CLAP,1,1-76831-A-42.wav,42,siren,42,siren,siren; glass breaking; car horn,0.529385507106781
Zero-Shot CLAP,1,1-76831-B-42.wav,42,siren,42,siren,siren; car horn; clock alarm,0.5463513731956482
Zero-Shot CLAP,1,1-76831-C-42.wav,42,siren,42,siren,siren; car horn; clock alarm,0.5514853596687317
Zero-Shot CLAP,1,1-76831-D-42.wav,42,siren,42,siren,siren; car horn; cat,0.5930507779121399
Zero-Shot CLAP,1,1-76831-E-42.wav,42,siren,42,siren,siren; car horn; cat,0.5945252776145935
Zero-Shot CLAP,1,1-77160-A-3.wav,3,cow,3,cow,cow; rooster; sheep,0.42385947704315186
Zero-Shot CLAP,1,1-77241-A-3.wav,3,cow,3,cow,cow; rooster; snoring,0.46367278695106506
Zero-Shot CLAP,1,1-79113-A-5.wav,5,cat,5,cat,cat; crying baby; crow,0.5310864448547363
Zero-Shot CLAP,1,1-79146-A-29.wav,29,drinking sipping,29,drinking sipping,drinking sipping; frog; pig,0.39306724071502686
Zero-Shot CLAP,1,1-79220-A-17.wav,17,pouring water,15,water drops,water drops; pouring water; drinking sipping,0.38522887229919434
Zero-Shot CLAP,1,1-79236-A-36.wav,36,vacuum cleaner,36,vacuum cleaner,vacuum cleaner; brushing teeth; cat,0.5773441791534424
Zero-Shot CLAP,1,1-79711-A-32.wav,32,keyboard typing,31,mouse click,mouse click; keyboard typing; clapping,0.3534795641899109
Zero-Shot CLAP,1,1-7973-A-7.wav,7,insects,5,cat,cat; insects; frog,0.36162054538726807
Zero-Shot CLAP,1,1-7974-A-49.wav,49,hand saw,49,hand saw,hand saw; chainsaw; mouse click,0.4613892436027527
Zero-Shot CLAP,1,1-7974-B-49.wav,49,hand saw,49,hand saw,hand saw; chainsaw; mouse click,0.5854974985122681
Zero-Shot CLAP,1,1-80785-A-7.wav,7,insects,43,car horn,car horn; door wood creaks; cat,0.36064180731773376
Zero-Shot CLAP,1,1-80840-A-13.wav,13,crickets,13,crickets,crickets; frog; insects,0.4434555768966675
Zero-Shot CLAP,1,1-80841-A-13.wav,13,crickets,13,crickets,crickets; insects; frog,0.530320405960083
Zero-Shot CLAP,1,1-81001-A-30.wav,30,door wood knock,30,door wood knock,door wood knock; door wood creaks; mouse click,0.5816978812217712
Zero-Shot CLAP,1,1-81001-B-30.wav,30,door wood knock,30,door wood knock,door wood knock; door wood creaks; mouse click,0.6431930661201477
Zero-Shot CLAP,1,1-81269-A-3.wav,3,cow,1,rooster,rooster; cow; chainsaw,0.37518951296806335
Zero-Shot CLAP,1,1-81851-A-31.wav,31,mouse click,31,mouse click,mouse click; frog; keyboard typing,0.4857137203216553
Zero-Shot CLAP,1,1-81883-A-21.wav,21,sneezing,21,sneezing,sneezing; coughing; cat,0.6216084361076355
Zero-Shot CLAP,1,1-82817-A-30.wav,30,door wood knock,30,door wood knock,door wood knock; mouse click; door wood creaks,0.5408995747566223
Zero-Shot CLAP,1,1-84393-A-32.wav,32,keyboard typing,31,mouse click,mouse click; keyboard typing; door wood knock,0.3295363783836365
Zero-Shot CLAP,1,1-84536-A-39.wav,39,glass breaking,39,glass breaking,glass breaking; cat; water drops,0.44692206382751465
Zero-Shot CLAP,1,1-84704-A-39.wav,39,glass breaking,39,glass breaking,glass breaking; can opening; cat,0.4802911579608917
Zero-Shot CLAP,1,1-84705-A-39.wav,39,glass breaking,39,glass breaking,glass breaking; can opening; cat,0.4980849027633667
Zero-Shot CLAP,1,1-85123-A-31.wav,31,mouse click,31,mouse click,mouse click; clock tick; door wood creaks,0.2939685583114624
Zero-Shot CLAP,1,1-85168-A-39.wav,39,glass breaking,39,glass breaking,glass breaking; can opening; clapping,0.44337552785873413
Zero-Shot CLAP,1,1-85184-A-39.wav,39,glass breaking,39,glass breaking,glass breaking; can opening; cat,0.5255672931671143
Zero-Shot CLAP,1,1-85362-A-0.wav,0,dog,0,dog,dog; glass breaking; crow,0.30454519391059875
Zero-Shot CLAP,1,1-85909-A-29.wav,29,drinking sipping,29,drinking sipping,drinking sipping; pig; water drops,0.4869346022605896
Zero-Shot CLAP,1,1-87565-A-29.wav,29,drinking sipping,29,drinking sipping,drinking sipping; frog; water drops,0.45577818155288696
Zero-Shot CLAP,1,1-88409-A-45.wav,45,train,45,train,train; car horn; footsteps,0.34997352957725525
Zero-Shot CLAP,1,1-88409-B-45.wav,45,train,45,train,train; car horn; footsteps,0.3348703980445862
Zero-Shot CLAP,1,1-88574-A-8.wav,8,sheep,8,sheep,sheep; cow; crow,0.5120459198951721
Zero-Shot CLAP,1,1-88807-A-39.wav,39,glass breaking,39,glass breaking,glass breaking; can opening; sea waves,0.2860265374183655
Zero-Shot CLAP,1,1-90797-A-15.wav,15,water drops,15,water drops,water drops; brushing teeth; pouring water,0.37983474135398865
Zero-Shot CLAP,1,1-91359-A-11.wav,11,sea waves,11,sea waves,sea waves; vacuum cleaner; rain,0.5083897113800049
Zero-Shot CLAP,1,1-91359-B-11.wav,11,sea waves,11,sea waves,sea waves; vacuum cleaner; pouring water,0.4833480715751648
Zero-Shot CLAP,1,1-94036-A-22.wav,22,clapping,22,clapping,clapping; brushing teeth; water drops,0.5604485273361206
Zero-Shot CLAP,1,1-94231-A-32.wav,32,keyboard typing,31,mouse click,mouse click; keyboard typing; door wood creaks,0.30095288157463074
Zero-Shot CLAP,1,1-94231-B-32.wav,32,keyboard typing,32,keyboard typing,keyboard typing; mouse click; clapping,0.3513408899307251
Zero-Shot CLAP,1,1-95563-A-31.wav,31,mouse click,31,mouse click,mouse click; keyboard typing; frog,0.46281909942626953
Zero-Shot CLAP,1,1-96890-A-37.wav,37,clock alarm,37,clock alarm,clock alarm; crickets; clock tick,0.6060791015625
Zero-Shot CLAP,1,1-96950-A-9.wav,9,crow,9,crow,crow; rooster; cat,0.5568867921829224
Zero-Shot CLAP,1,1-96950-B-9.wav,9,crow,9,crow,crow; rooster; hen,0.5459411144256592
Zero-Shot CLAP,1,1-97392-A-0.wav,0,dog,0,dog,dog; brushing teeth; rooster,0.22458374500274658
Zero-Shot CLAP,1,1-977-A-39.wav,39,glass breaking,39,glass breaking,glass breaking; clapping; can opening,0.4484729766845703
Zero-Shot CLAP,1,1-97793-A-31.wav,31,mouse click,31,mouse click,mouse click; frog; cat,0.3947668671607971
Zero-Shot CLAP,1,1-9841-A-13.wav,13,crickets,13,crickets,crickets; insects; frog,0.5253390073776245
Zero-Shot CLAP,1,1-9886-A-49.wav,49,hand saw,49,hand saw,hand saw; chainsaw; hen,0.41540735960006714
Zero-Shot CLAP,1,1-9887-A-49.wav,49,hand saw,49,hand saw,hand saw; brushing teeth; hen,0.39257845282554626
Zero-Shot CLAP,1,1-9887-B-49.wav,49,hand saw,49,hand saw,hand saw; chainsaw; vacuum cleaner,0.6240700483322144
Zero-Shot CLAP,1,1-99958-A-31.wav,31,mouse click,31,mouse click,mouse click; frog; keyboard typing,0.5236915946006775
Proto-LC,1,1-100032-A-0.wav,0,dog,0,dog,dog; rooster; sneezing,0.688915491104126
Proto-LC,1,1-100038-A-14.wav,14,chirping birds,14,chirping birds,chirping birds; hen; pig,0.6700098514556885
Proto-LC,1,1-100210-A-36.wav,36,vacuum cleaner,36,vacuum cleaner,vacuum cleaner; engine; washing machine,0.7862496376037598
Proto-LC,1,1-100210-B-36.wav,36,vacuum cleaner,36,vacuum cleaner,vacuum cleaner; engine; washing machine,0.8200950622558594
Proto-LC,1,1-101296-A-19.wav,19,thunderstorm,19,thunderstorm,thunderstorm; wind; crickets,0.8875869512557983
Proto-LC,1,1-101296-B-19.wav,19,thunderstorm,19,thunderstorm,thunderstorm; wind; crickets,0.8969005942344666
Proto-LC,1,1-101336-A-30.wav,30,door wood knock,30,door wood knock,door wood knock; door wood creaks; footsteps,0.896612286567688
Proto-LC,1,1-101404-A-34.wav,34,can opening,34,can opening,can opening; pouring water; drinking sipping,0.7228180170059204
Proto-LC,1,1-103298-A-9.wav,9,crow,9,crow,crow; chirping birds; wind,0.9038648009300232
Proto-LC,1,1-103995-A-30.wav,30,door wood knock,30,door wood knock,door wood knock; door wood creaks; mouse click,0.7901841402053833
Proto-LC,1,1-103999-A-30.wav,30,door wood knock,30,door wood knock,door wood knock; door wood creaks; mouse click,0.8253424763679504
Proto-LC,1,1-104089-A-22.wav,22,clapping,22,clapping,clapping; water drops; pouring water,0.7529972791671753
Proto-LC,1,1-104089-B-22.wav,22,clapping,22,clapping,clapping; laughing; rain,0.9131882190704346
Proto-LC,1,1-105224-A-22.wav,22,clapping,22,clapping,clapping; laughing; keyboard typing,0.9477710723876953
Proto-LC,1,1-110389-A-0.wav,0,dog,0,dog,dog; rooster; crow,0.7202373743057251
Proto-LC,1,1-110537-A-22.wav,22,clapping,22,clapping,clapping; rain; laughing,0.8986990451812744
Proto-LC,1,1-115521-A-19.wav,19,thunderstorm,19,thunderstorm,thunderstorm; wind; rain,0.8911966681480408
Proto-LC,1,1-115545-A-48.wav,48,fireworks,19,thunderstorm,thunderstorm; fireworks; crackling fire,0.6720236539840698
Proto-LC,1,1-115545-B-48.wav,48,fireworks,48,fireworks,fireworks; thunderstorm; car horn,0.7968158721923828
Proto-LC,1,1-115545-C-48.wav,48,fireworks,48,fireworks,fireworks; thunderstorm; car horn,0.8387763500213623
Proto-LC,1,1-115546-A-48.wav,48,fireworks,48,fireworks,fireworks; thunderstorm; siren,0.78564453125
Proto-LC,1,1-115920-A-22.wav,22,clapping,22,clapping,clapping; water drops; keyboard typing,0.7417930960655212
Proto-LC,1,1-115920-B-22.wav,22,clapping,22,clapping,clapping; laughing; glass breaking,0.8140793442726135
Proto-LC,1,1-115921-A-22.wav,22,clapping,22,clapping,clapping; water drops; rain,0.8739810585975647
Proto-LC,1,1-116765-A-41.wav,41,chainsaw,41,chainsaw,chainsaw; hand saw; engine,0.8422770500183105
Proto-LC,1,1-11687-A-47.wav,47,airplane,47,airplane,airplane; helicopter; vacuum cleaner,0.6808932423591614
Proto-LC,1,1-118206-A-31.wav,31,mouse click,31,mouse click,mouse click; keyboard typing; clock tick,0.8019155263900757
Proto-LC,1,1-118559-A-17.wav,17,pouring water,17,pouring water,pouring water; drinking sipping; water drops,0.8131307363510132
Proto-LC,1,1-119125-A-45.wav,45,train,45,train,train; wind; airplane,0.8807008266448975
Proto-LC,1,1-121951-A-8.wav,8,sheep,8,sheep,sheep; cow; crow,0.7913806438446045
Proto-LC,1,1-12653-A-15.wav,15,water drops,15,water drops,water drops; pouring water; drinking sipping,0.8542568683624268
Proto-LC,1,1-12654-A-15.wav,15,water drops,15,water drops,water drops; pouring water; mouse click,0.8611875772476196
Proto-LC,1,1-12654-B-15.wav,15,water drops,15,water drops,water drops; pouring water; drinking sipping,0.8559033870697021
Proto-LC,1,1-13571-A-46.wav,46,church bells,46,church bells,church bells; car horn; thunderstorm,0.92710280418396
Proto-LC,1,1-13572-A-46.wav,46,church bells,46,church bells,church bells; car horn; thunderstorm,0.942421555519104
Proto-LC,1,1-13613-A-37.wav,37,clock alarm,37,clock alarm,clock alarm; church bells; clock tick,0.8593658208847046
Proto-LC,1,1-137-A-32.wav,32,keyboard typing,32,keyboard typing,keyboard typing; mouse click; clock tick,0.8728162050247192
Proto-LC,1,1-137296-A-16.wav,16,wind,16,wind,wind; thunderstorm; rain,0.7582546472549438
Proto-LC,1,1-14262-A-37.wav,37,clock alarm,37,clock alarm,clock alarm; clock tick; rooster,0.8855605125427246
Proto-LC,1,1-155858-A-25.wav,25,footsteps,25,footsteps,footsteps; fireworks; water drops,0.7243853807449341
Proto-LC,1,1-155858-B-25.wav,25,footsteps,25,footsteps,footsteps; water drops; door wood knock,0.7745787501335144
Proto-LC,1,1-155858-C-25.wav,25,footsteps,25,footsteps,footsteps; door wood knock; water drops,0.7422429919242859
Proto-LC,1,1-155858-D-25.wav,25,footsteps,25,footsteps,footsteps; water drops; train,0.7218133807182312
Proto-LC,1,1-155858-E-25.wav,25,footsteps,25,footsteps,footsteps; door wood knock; train,0.7660854458808899
Proto-LC,1,1-155858-F-25.wav,25,footsteps,25,footsteps,footsteps; wind; crackling fire,0.7575490474700928
Proto-LC,1,1-15689-A-4.wav,4,frog,4,frog,frog; insects; crickets,0.8807399272918701
Proto-LC,1,1-15689-B-4.wav,4,frog,4,frog,frog; insects; crickets,0.898076057434082
Proto-LC,1,1-160563-A-48.wav,48,fireworks,48,fireworks,fireworks; clapping; thunderstorm,0.8024005889892578
Proto-LC,1,1-160563-B-48.wav,48,fireworks,48,fireworks,fireworks; footsteps; thunderstorm,0.8276395797729492
Proto-LC,1,1-16568-A-3.wav,3,cow,3,cow,cow; rooster; sheep,0.763738751411438
Proto-LC,1,1-16746-A-15.wav,15,water drops,15,water drops,water drops; pouring water; drinking sipping,0.8070389032363892
Proto-LC,1,1-17092-A-27.wav,27,brushing teeth,27,brushing teeth,brushing teeth; washing machine; drinking sipping,0.7978593111038208
Proto-LC,1,1-17092-B-27.wav,27,brushing teeth,27,brushing teeth,brushing teeth; drinking sipping; can opening,0.5581411123275757
Proto-LC,1,1-17124-A-43.wav,43,car horn,43,car horn,car horn; clapping; siren,0.8033989667892456
Proto-LC,1,1-17150-A-12.wav,12,crackling fire,12,crackling fire,crackling fire; rain; fireworks,0.7092751264572144
Proto-LC,1,1-172649-A-40.wav,40,helicopter,40,helicopter,helicopter; airplane; engine,0.742999792098999
Proto-LC,1,1-172649-B-40.wav,40,helicopter,40,helicopter,helicopter; airplane; engine,0.7503831386566162
Proto-LC,1,1-172649-C-40.wav,40,helicopter,40,helicopter,helicopter; airplane; engine,0.7611731886863708
Proto-LC,1,1-172649-D-40.wav,40,helicopter,40,helicopter,helicopter; engine; airplane,0.7038365602493286
Proto-LC,1,1-172649-E-40.wav,40,helicopter,40,helicopter,helicopter; airplane; engine,0.8639267683029175
Proto-LC,1,1-172649-F-40.wav,40,helicopter,40,helicopter,helicopter; airplane; engine,0.8468210697174072
Proto-LC,1,1-17295-A-29.wav,29,drinking sipping,29,drinking sipping,drinking sipping; pouring water; water drops,0.8500928282737732
Proto-LC,1,1-17367-A-10.wav,10,rain,10,rain,rain; water drops; thunderstorm,0.8197076916694641
Proto-LC,1,1-17565-A-12.wav,12,crackling fire,12,crackling fire,crackling fire; water drops; rain,0.6493716835975647
Proto-LC,1,1-17585-A-7.wav,7,insects,14,chirping birds,chirping birds; insects; crickets,0.6691669821739197
Proto-LC,1,1-17742-A-12.wav,12,crackling fire,12,crackling fire,crackling fire; rain; water drops,0.8777172565460205
Proto-LC,1,1-17808-A-12.wav,12,crackling fire,12,crackling fire,crackling fire; rain; washing machine,0.8640710711479187
Proto-LC,1,1-17808-B-12.wav,12,crackling fire,12,crackling fire,crackling fire; can opening; glass breaking,0.8485430479049683
Proto-LC,1,1-1791-A-26.wav,26,laughing,26,laughing,laughing; dog; coughing,0.8528772592544556
Proto-LC,1,1-17970-A-4.wav,4,frog,4,frog,frog; insects; crickets,0.9326043128967285
Proto-LC,1,1-18074-A-6.wav,6,hen,6,hen,hen; rooster; chirping birds,0.8818726539611816
Proto-LC,1,1-18074-B-6.wav,6,hen,6,hen,hen; rooster; dog,0.8785689473152161
Proto-LC,1,1-181071-A-40.wav,40,helicopter,40,helicopter,helicopter; airplane; engine,0.8316588997840881
Proto-LC,1,1-181071-B-40.wav,40,helicopter,40,helicopter,helicopter; airplane; engine,0.8350344896316528
Proto-LC,1,1-18527-A-44.wav,44,engine,40,helicopter,helicopter; engine; airplane,0.5139662027359009
Proto-LC,1,1-18527-B-44.wav,44,engine,44,engine,engine; helicopter; airplane,0.6099445819854736
Proto-LC,1,1-18631-A-23.wav,23,breathing,23,breathing,breathing; snoring; footsteps,0.8453682661056519
Proto-LC,1,1-18655-A-31.wav,31,mouse click,31,mouse click,mouse click; keyboard typing; clock tick,0.7941610813140869
Proto-LC,1,1-187207-A-20.wav,20,crying baby,20,crying baby,crying baby; laughing; coughing,0.6885342597961426
Proto-LC,1,1-18755-A-4.wav,4,frog,4,frog,frog; insects; hen,0.8601034879684448
Proto-LC,1,1-18755-B-4.wav,4,frog,4,frog,frog; insects; crickets,0.8571188449859619
Proto-LC,1,1-18757-A-4.wav,4,frog,4,frog,frog; hen; insects,0.8201512098312378
Proto-LC,1,1-18810-A-49.wav,49,hand saw,49,hand saw,hand saw; chainsaw; brushing teeth,0.720933735370636
Proto-LC,1,1-19026-A-43.wav,43,car horn,43,car horn,car horn; clock tick; clock alarm,0.8170299530029297
Proto-LC,1,1-19111-A-24.wav,24,coughing,24,coughing,coughing; laughing; sneezing,0.8681821823120117
Proto-LC,1,1-19118-A-24.wav,24,coughing,24,coughing,coughing; laughing; sneezing,0.665061891078949
Proto-LC,1,1-19501-A-7.wav,7,insects,7,insects,insects; crickets; chirping birds,0.6044962406158447
Proto-LC,1,1-196660-A-8.wav,8,sheep,8,sheep,sheep; cow; crow,0.8541637659072876
Proto-LC,1,1-196660-B-8.wav,8,sheep,8,sheep,sheep; cow; wind,0.9296779632568359
Proto-LC,1,1-19840-A-36.wav,36,vacuum cleaner,36,vacuum cleaner,vacuum cleaner; engine; helicopter,0.7730912566184998
Proto-LC,1,1-19872-A-36.wav,36,vacuum cleaner,36,vacuum cleaner,vacuum cleaner; engine; helicopter,0.8360432386398315
Proto-LC,1,1-19872-B-36.wav,36,vacuum cleaner,36,vacuum cleaner,vacuum cleaner; engine; helicopter,0.7821130752563477
Proto-LC,1,1-19898-A-41.wav,41,chainsaw,41,chainsaw,chainsaw; engine; hand saw,0.7445774078369141
Proto-LC,1,1-19898-B-41.wav,41,chainsaw,41,chainsaw,chainsaw; hand saw; engine,0.9027488231658936
Proto-LC,1,1-19898-C-41.wav,41,chainsaw,41,chainsaw,chainsaw; hand saw; engine,0.8853726387023926
Proto-LC,1,1-20133-A-39.wav,39,glass breaking,39,glass breaking,glass breaking; can opening; vacuum cleaner,0.8283605575561523
Proto-LC,1,1-202111-A-3.wav,3,cow,3,cow,cow; rooster; snoring,0.7017057538032532
Proto-LC,1,1-20545-A-28.wav,28,snoring,28,snoring,snoring; breathing; drinking sipping,0.8988156914710999
Proto-LC,1,1-20736-A-18.wav,18,toilet flush,18,toilet flush,toilet flush; washing machine; pouring water,0.896411657333374
Proto-LC,1,1-208757-A-2.wav,2,pig,2,pig,pig; dog; hen,0.8751674890518188
Proto-LC,1,1-208757-B-2.wav,2,pig,2,pig,pig; dog; hen,0.8338809013366699
Proto-LC,1,1-208757-C-2.wav,2,pig,2,pig,pig; dog; hen,0.8773437142372131
Proto-LC,1,1-208757-D-2.wav,2,pig,2,pig,pig; dog; hen,0.896683931350708
Proto-LC,1,1-208757-E-2.wav,2,pig,2,pig,pig; dog; hen,0.9128295183181763
Proto-LC,1,1-211527-A-20.wav,20,crying baby,20,crying baby,crying baby; cat; sheep,0.7333124876022339
Proto-LC,1,1-211527-B-20.wav,20,crying baby,20,crying baby,crying baby; laughing; cat,0.8106263279914856
Proto-LC,1,1-211527-C-20.wav,20,crying baby,20,crying baby,crying baby; cat; sheep,0.8794857263565063
Proto-LC,1,1-21189-A-10.wav,10,rain,10,rain,rain; wind; water drops,0.8528080582618713
Proto-LC,1,1-21421-A-46.wav,46,church bells,46,church bells,church bells; car horn; clock tick,0.9291887879371643
Proto-LC,1,1-21896-A-35.wav,35,washing machine,40,helicopter,helicopter; engine; train,0.5730777978897095
Proto-LC,1,1-21934-A-38.wav,38,clock tick,38,clock tick,clock tick; clock alarm; mouse click,0.8660257458686829
Proto-LC,1,1-21935-A-38.wav,38,clock tick,38,clock tick,clock tick; clock alarm; mouse click,0.9099453091621399
Proto-LC,1,1-223162-A-25.wav,25,footsteps,30,door wood knock,door wood knock; footsteps; door wood creaks,0.7010015249252319
Proto-LC,1,1-22694-A-20.wav,20,crying baby,20,crying baby,crying baby; cat; clock alarm,0.9109774231910706
Proto-LC,1,1-22694-B-20.wav,20,crying baby,20,crying baby,crying baby; cat; door wood creaks,0.8254491090774536
Proto-LC,1,1-22804-A-46.wav,46,church bells,46,church bells,church bells; thunderstorm; car horn,0.9278811812400818
Proto-LC,1,1-22882-A-44.wav,44,engine,44,engine,engine; helicopter; airplane,0.5329776406288147
Proto-LC,1,1-23094-A-15.wav,15,water drops,15,water drops,water drops; clock tick; pouring water,0.6326240301132202
Proto-LC,1,1-23094-B-15.wav,15,water drops,38,clock tick,clock tick; water drops; clock alarm,0.7236384749412537
Proto-LC,1,1-23222-A-19.wav,19,thunderstorm,19,thunderstorm,thunderstorm; fireworks; church bells,0.9071242809295654
Proto-LC,1,1-23222-B-19.wav,19,thunderstorm,19,thunderstorm,thunderstorm; fireworks; wind,0.920922040939331
Proto-LC,1,1-23706-A-49.wav,49,hand saw,49,hand saw,hand saw; chainsaw; footsteps,0.873965859413147
Proto-LC,1,1-23996-A-35.wav,35,washing machine,35,washing machine,washing machine; engine; train,0.7439823150634766
Proto-LC,1,1-23996-B-35.wav,35,washing machine,40,helicopter,helicopter; engine; airplane,0.779425859451294
Proto-LC,1,1-24074-A-43.wav,43,car horn,43,car horn,car horn; siren; church bells,0.8060551881790161
Proto-LC,1,1-24076-A-43.wav,43,car horn,43,car horn,car horn; siren; crow,0.7708895206451416
Proto-LC,1,1-24524-A-19.wav,19,thunderstorm,19,thunderstorm,thunderstorm; fireworks; church bells,0.9030473232269287
Proto-LC,1,1-24524-B-19.wav,19,thunderstorm,19,thunderstorm,thunderstorm; fireworks; rain,0.8885875940322876
Proto-LC,1,1-24524-C-19.wav,19,thunderstorm,19,thunderstorm,thunderstorm; fireworks; rain,0.9368796944618225
Proto-LC,1,1-24796-A-47.wav,47,airplane,47,airplane,airplane; helicopter; wind,0.8144100308418274
Proto-LC,1,1-254507-A-43.wav,43,car horn,43,car horn,car horn; siren; crow,0.7550137042999268
Proto-LC,1,1-25777-A-48.wav,48,fireworks,48,fireworks,fireworks; thunderstorm; clapping,0.8194371461868286
Proto-LC,1,1-25781-A-48.wav,48,fireworks,48,fireworks,fireworks; thunderstorm; crackling fire,0.8858729600906372
Proto-LC,1,1-260640-A-2.wav,2,pig,2,pig,pig; dog; hen,0.9115302562713623
Proto-LC,1,1-260640-B-2.wav,2,pig,2,pig,pig; dog; hen,0.8898137807846069
Proto-LC,1,1-260640-C-2.wav,2,pig,2,pig,pig; hen; dog,0.8380283117294312
Proto-LC,1,1-26143-A-21.wav,21,sneezing,21,sneezing,sneezing; coughing; glass breaking,0.8772120475769043
Proto-LC,1,1-26176-A-43.wav,43,car horn,43,car horn,car horn; siren; engine,0.7443296909332275
Proto-LC,1,1-26177-A-43.wav,43,car horn,43,car horn,car horn; siren; clapping,0.7818448543548584
Proto-LC,1,1-26188-A-30.wav,30,door wood knock,30,door wood knock,door wood knock; door wood creaks; rooster,0.7886571288108826
Proto-LC,1,1-26222-A-10.wav,10,rain,10,rain,rain; water drops; crackling fire,0.9342056512832642
Proto-LC,1,1-26806-A-1.wav,1,rooster,1,rooster,rooster; hen; crow,0.8654924035072327
Proto-LC,1,1-27165-A-35.wav,35,washing machine,36,vacuum cleaner,vacuum cleaner; engine; washing machine,0.7794011831283569
Proto-LC,1,1-27166-A-35.wav,35,washing machine,36,vacuum cleaner,vacuum cleaner; engine; airplane,0.7873287200927734
Proto-LC,1,1-27403-A-28.wav,28,snoring,28,snoring,snoring; breathing; mouse click,0.9161531329154968
Proto-LC,1,1-27405-A-28.wav,28,snoring,28,snoring,snoring; breathing; dog,0.8873584270477295
Proto-LC,1,1-27724-A-1.wav,1,rooster,1,rooster,rooster; hen; chirping birds,0.7400415539741516
Proto-LC,1,1-28005-A-18.wav,18,toilet flush,18,toilet flush,toilet flush; pouring water; washing machine,0.8929970264434814
Proto-LC,1,1-28135-A-11.wav,11,sea waves,11,sea waves,sea waves; wind; rain,0.9227051138877869
Proto-LC,1,1-28135-B-11.wav,11,sea waves,11,sea waves,sea waves; wind; rain,0.92816162109375
Proto-LC,1,1-28808-A-43.wav,43,car horn,43,car horn,car horn; siren; rain,0.7406597137451172
Proto-LC,1,1-29532-A-16.wav,16,wind,40,helicopter,helicopter; airplane; wind,0.5320218801498413
Proto-LC,1,1-29561-A-10.wav,10,rain,10,rain,rain; crackling fire; washing machine,0.6863945722579956
Proto-LC,1,1-29680-A-21.wav,21,sneezing,21,sneezing,sneezing; coughing; breathing,0.7589594125747681
Proto-LC,1,1-30039-A-26.wav,26,laughing,26,laughing,laughing; clapping; train,0.5757057070732117
Proto-LC,1,1-30043-A-26.wav,26,laughing,26,laughing,laughing; clapping; coughing,0.7153634428977966
Proto-LC,1,1-30214-A-18.wav,18,toilet flush,18,toilet flush,toilet flush; brushing teeth; pouring water,0.8443336486816406
Proto-LC,1,1-30226-A-0.wav,0,dog,0,dog,dog; car horn; wind,0.5238798260688782
Proto-LC,1,1-30344-A-0.wav,0,dog,0,dog,dog; clock alarm; coughing,0.6749399900436401
Proto-LC,1,1-30709-A-23.wav,23,breathing,23,breathing,breathing; snoring; mouse click,0.8529248237609863
Proto-LC,1,1-30709-B-23.wav,23,breathing,23,breathing,breathing; snoring; clock tick,0.8309687376022339
Proto-LC,1,1-30709-C-23.wav,23,breathing,23,breathing,breathing; snoring; hand saw,0.8677016496658325
Proto-LC,1,1-30830-A-24.wav,24,coughing,24,coughing,coughing; laughing; sneezing,0.8922567963600159
Proto-LC,1,1-31251-A-6.wav,6,hen,6,hen,hen; chirping birds; crow,0.7706477642059326
Proto-LC,1,1-31251-B-6.wav,6,hen,6,hen,hen; chirping birds; crow,0.7698656916618347
Proto-LC,1,1-31482-A-42.wav,42,siren,42,siren,siren; clock alarm; train,0.5169663429260254
Proto-LC,1,1-31482-B-42.wav,42,siren,42,siren,siren; car horn; wind,0.7674754858016968
Proto-LC,1,1-31748-A-21.wav,21,sneezing,21,sneezing,sneezing; coughing; breathing,0.6218663454055786
Proto-LC,1,1-31836-A-4.wav,4,frog,4,frog,frog; chirping birds; crow,0.7573714256286621
Proto-LC,1,1-31836-B-4.wav,4,frog,4,frog,frog; insects; crickets,0.8983246088027954
Proto-LC,1,1-32318-A-0.wav,0,dog,0,dog,dog; cow; pig,0.7641527652740479
Proto-LC,1,1-32373-A-35.wav,35,washing machine,44,engine,engine; helicopter; airplane,0.6093606948852539
Proto-LC,1,1-32373-B-35.wav,35,washing machine,40,helicopter,helicopter; engine; airplane,0.6645923852920532
Proto-LC,1,1-32579-A-29.wav,29,drinking sipping,29,drinking sipping,drinking sipping; water drops; pouring water,0.7366839647293091
Proto-LC,1,1-33658-A-26.wav,26,laughing,26,laughing,laughing; coughing; crying baby,0.7626487016677856
Proto-LC,1,1-34094-A-5.wav,5,cat,5,cat,cat; crow; wind,0.8959923982620239
Proto-LC,1,1-34094-B-5.wav,5,cat,5,cat,cat; crow; crying baby,0.8634640574455261
Proto-LC,1,1-34119-A-1.wav,1,rooster,1,rooster,rooster; hen; cow,0.7886840105056763
Proto-LC,1,1-34119-B-1.wav,1,rooster,1,rooster,rooster; hen; cow,0.8014638423919678
Proto-LC,1,1-34495-A-14.wav,14,chirping birds,14,chirping birds,chirping birds; crickets; insects,0.8880300521850586
Proto-LC,1,1-34497-A-14.wav,14,chirping birds,14,chirping birds,chirping birds; crickets; insects,0.8522939085960388
Proto-LC,1,1-34853-A-37.wav,37,clock alarm,37,clock alarm,clock alarm; clock tick; siren,0.7896361351013184
Proto-LC,1,1-35687-A-38.wav,38,clock tick,38,clock tick,clock tick; clock alarm; mouse click,0.8877117037773132
Proto-LC,1,1-36164-A-26.wav,26,laughing,26,laughing,laughing; crying baby; coughing,0.7345988750457764
Proto-LC,1,1-36164-B-26.wav,26,laughing,26,laughing,laughing; crying baby; clapping,0.7743659019470215
Proto-LC,1,1-36393-A-23.wav,23,breathing,23,breathing,breathing; sneezing; snoring,0.7252669334411621
Proto-LC,1,1-36397-A-23.wav,23,breathing,23,breathing,breathing; snoring; drinking sipping,0.7270314693450928
Proto-LC,1,1-36400-A-23.wav,23,breathing,23,breathing,breathing; snoring; sneezing,0.7557977437973022
Proto-LC,1,1-36402-A-23.wav,23,breathing,23,breathing,breathing; snoring; coughing,0.7573977708816528
Proto-LC,1,1-36929-A-47.wav,47,airplane,40,helicopter,helicopter; airplane; engine,0.6149864196777344
Proto-LC,1,1-37226-A-29.wav,29,drinking sipping,29,drinking sipping,drinking sipping; coughing; sneezing,0.7196276783943176
Proto-LC,1,1-38559-A-14.wav,14,chirping birds,14,chirping birds,chirping birds; insects; crickets,0.7534127831459045
Proto-LC,1,1-38560-A-14.wav,14,chirping birds,14,chirping birds,chirping birds; crow; crickets,0.8866180777549744
Proto-LC,1,1-39835-A-9.wav,9,crow,9,crow,crow; chirping birds; cat,0.9251365661621094
Proto-LC,1,1-39835-B-9.wav,9,crow,9,crow,crow; chirping birds; rooster,0.9038697481155396
Proto-LC,1,1-39901-A-11.wav,11,sea waves,11,sea waves,sea waves; wind; washing machine,0.8079876899719238
Proto-LC,1,1-39901-B-11.wav,11,sea waves,11,sea waves,sea waves; wind; washing machine,0.8847169876098633
Proto-LC,1,1-39923-A-1.wav,1,rooster,1,rooster,rooster; hen; cow,0.8498878479003906
Proto-LC,1,1-39937-A-28.wav,28,snoring,28,snoring,snoring; breathing; drinking sipping,0.8793862462043762
Proto-LC,1,1-40154-A-46.wav,46,church bells,46,church bells,church bells; thunderstorm; car horn,0.9188014268875122
Proto-LC,1,1-40621-A-28.wav,28,snoring,28,snoring,snoring; breathing; drinking sipping,0.8760590553283691
Proto-LC,1,1-40730-A-1.wav,1,rooster,1,rooster,rooster; hen; cow,0.8235265016555786
Proto-LC,1,1-40967-A-28.wav,28,snoring,23,breathing,breathing; snoring; mouse click,0.8137651681900024
Proto-LC,1,1-41615-A-34.wav,34,can opening,34,can opening,can opening; mouse click; drinking sipping,0.7677031755447388
Proto-LC,1,1-4211-A-12.wav,12,crackling fire,12,crackling fire,crackling fire; rain; glass breaking,0.7130332589149475
Proto-LC,1,1-42139-A-38.wav,38,clock tick,38,clock tick,clock tick; clock alarm; mouse click,0.7968910932540894
Proto-LC,1,1-43382-A-1.wav,1,rooster,1,rooster,rooster; hen; cow,0.8370456695556641
Proto-LC,1,1-43760-A-11.wav,11,sea waves,11,sea waves,sea waves; wind; water drops,0.7844990491867065
Proto-LC,1,1-43764-A-34.wav,34,can opening,34,can opening,can opening; mouse click; door wood creaks,0.6609286069869995
Proto-LC,1,1-43807-A-47.wav,47,airplane,47,airplane,airplane; helicopter; engine,0.7099049091339111
Proto-LC,1,1-43807-B-47.wav,47,airplane,47,airplane,airplane; helicopter; wind,0.825580358505249
Proto-LC,1,1-43807-C-47.wav,47,airplane,47,airplane,airplane; helicopter; engine,0.7734987735748291
Proto-LC,1,1-43807-D-47.wav,47,airplane,47,airplane,airplane; helicopter; engine,0.7759822607040405
Proto-LC,1,1-44831-A-1.wav,1,rooster,1,rooster,rooster; hen; crow,0.7366776466369629
Proto-LC,1,1-45641-A-27.wav,27,brushing teeth,27,brushing teeth,brushing teeth; hand saw; washing machine,0.7982119917869568
Proto-LC,1,1-45645-A-31.wav,31,mouse click,31,mouse click,mouse click; clock tick; keyboard typing,0.7656828165054321
Proto-LC,1,1-46040-A-14.wav,14,chirping birds,14,chirping birds,chirping birds; crow; wind,0.6461753249168396
Proto-LC,1,1-46272-A-12.wav,12,crackling fire,12,crackling fire,crackling fire; rain; thunderstorm,0.8482739925384521
Proto-LC,1,1-46274-A-18.wav,18,toilet flush,18,toilet flush,toilet flush; pouring water; washing machine,0.9607690572738647
Proto-LC,1,1-46353-A-49.wav,49,hand saw,49,hand saw,hand saw; chainsaw; engine,0.8906060457229614
Proto-LC,1,1-46744-A-36.wav,36,vacuum cleaner,36,vacuum cleaner,vacuum cleaner; engine; washing machine,0.8927533626556396
Proto-LC,1,1-46938-A-7.wav,7,insects,7,insects,insects; crickets; engine,0.6204855442047119
Proto-LC,1,1-46938-B-7.wav,7,insects,7,insects,insects; crickets; brushing teeth,0.6711611151695251
Proto-LC,1,1-47250-A-41.wav,41,chainsaw,44,engine,engine; vacuum cleaner; chainsaw,0.683256983757019
Proto-LC,1,1-47250-B-41.wav,41,chainsaw,44,engine,engine; chainsaw; wind,0.5923104286193848
Proto-LC,1,1-47273-A-21.wav,21,sneezing,21,sneezing,sneezing; coughing; breathing,0.8411693572998047
Proto-LC,1,1-47274-A-21.wav,21,sneezing,21,sneezing,sneezing; coughing; glass breaking,0.8497234582901001
Proto-LC,1,1-47709-A-16.wav,16,wind,16,wind,wind; sea waves; airplane,0.7291243076324463
Proto-LC,1,1-47714-A-16.wav,16,wind,16,wind,wind; airplane; thunderstorm,0.5917198657989502
Proto-LC,1,1-47819-A-5.wav,5,cat,5,cat,cat; crow; wind,0.9320400357246399
Proto-LC,1,1-47819-B-5.wav,5,cat,5,cat,cat; crow; wind,0.8980804681777954
Proto-LC,1,1-47819-C-5.wav,5,cat,5,cat,cat; crow; wind,0.9044392704963684
Proto-LC,1,1-47923-A-28.wav,28,snoring,28,snoring,snoring; breathing; crying baby,0.8014554977416992
Proto-LC,1,1-48298-A-46.wav,46,church bells,46,church bells,church bells; thunderstorm; car horn,0.8773360252380371
Proto-LC,1,1-48413-A-38.wav,38,clock tick,38,clock tick,clock tick; clock alarm; mouse click,0.91457200050354
Proto-LC,1,1-49098-A-35.wav,35,washing machine,35,washing machine,washing machine; engine; train,0.6351729035377502
Proto-LC,1,1-49409-A-8.wav,8,sheep,8,sheep,sheep; cow; crow,0.8946430683135986
Proto-LC,1,1-49409-B-8.wav,8,sheep,8,sheep,sheep; cow; rooster,0.9369256496429443
Proto-LC,1,1-50060-A-10.wav,10,rain,10,rain,rain; water drops; washing machine,0.8693011403083801
Proto-LC,1,1-50454-A-44.wav,44,engine,44,engine,engine; helicopter; airplane,0.5624549388885498
Proto-LC,1,1-50455-A-44.wav,44,engine,44,engine,engine; car horn; helicopter,0.5874714851379395
Proto-LC,1,1-50623-A-15.wav,15,water drops,15,water drops,water drops; pouring water; drinking sipping,0.8534789085388184
Proto-LC,1,1-50625-A-17.wav,17,pouring water,17,pouring water,pouring water; water drops; drinking sipping,0.8464765548706055
Proto-LC,1,1-50661-A-44.wav,44,engine,44,engine,engine; helicopter; airplane,0.7127950191497803
Proto-LC,1,1-50688-A-17.wav,17,pouring water,17,pouring water,pouring water; water drops; drinking sipping,0.7785593867301941
Proto-LC,1,1-51035-A-16.wav,16,wind,16,wind,wind; sea waves; rain,0.8420475721359253
Proto-LC,1,1-51036-A-16.wav,16,wind,16,wind,wind; sea waves; rain,0.8197730779647827
Proto-LC,1,1-51037-A-16.wav,16,wind,16,wind,wind; sea waves; rain,0.7680717706680298
Proto-LC,1,1-51147-A-25.wav,25,footsteps,15,water drops,water drops; washing machine; pouring water,0.5591445565223694
Proto-LC,1,1-51170-A-18.wav,18,toilet flush,18,toilet flush,toilet flush; pouring water; brushing teeth,0.9443825483322144
Proto-LC,1,1-51433-A-17.wav,17,pouring water,17,pouring water,pouring water; water drops; drinking sipping,0.8814991116523743
Proto-LC,1,1-51436-A-17.wav,17,pouring water,17,pouring water,pouring water; water drops; drinking sipping,0.8454593420028687
Proto-LC,1,1-51805-A-33.wav,33,door wood creaks,33,door wood creaks,door wood creaks; door wood knock; crying baby,0.7635334134101868
Proto-LC,1,1-51805-B-33.wav,33,door wood creaks,33,door wood creaks,door wood creaks; door wood knock; crying baby,0.7984263896942139
Proto-LC,1,1-51805-C-33.wav,33,door wood creaks,33,door wood creaks,door wood creaks; crying baby; cat,0.6966001391410828
Proto-LC,1,1-51805-D-33.wav,33,door wood creaks,33,door wood creaks,door wood creaks; door wood knock; thunderstorm,0.748002290725708
Proto-LC,1,1-51805-E-33.wav,33,door wood creaks,33,door wood creaks,door wood creaks; door wood knock; cat,0.8409256935119629
Proto-LC,1,1-51805-F-33.wav,33,door wood creaks,33,door wood creaks,door wood creaks; door wood knock; cat,0.8181705474853516
Proto-LC,1,1-51805-G-33.wav,33,door wood creaks,33,door wood creaks,door wood creaks; door wood knock; thunderstorm,0.7559409737586975
Proto-LC,1,1-51805-H-33.wav,33,door wood creaks,33,door wood creaks,door wood creaks; door wood knock; clock alarm,0.8141672611236572
Proto-LC,1,1-52266-A-24.wav,24,coughing,24,coughing,coughing; laughing; dog,0.8825510740280151
Proto-LC,1,1-52290-A-30.wav,30,door wood knock,30,door wood knock,door wood knock; door wood creaks; footsteps,0.8612422943115234
Proto-LC,1,1-52323-A-24.wav,24,coughing,24,coughing,coughing; laughing; sneezing,0.897356390953064
Proto-LC,1,1-53444-A-28.wav,28,snoring,28,snoring,snoring; breathing; drinking sipping,0.8168058395385742
Proto-LC,1,1-53467-A-47.wav,47,airplane,47,airplane,airplane; helicopter; engine,0.8365312814712524
Proto-LC,1,1-53501-A-32.wav,32,keyboard typing,32,keyboard typing,keyboard typing; mouse click; clapping,0.7994842529296875
Proto-LC,1,1-53663-A-24.wav,24,coughing,24,coughing,coughing; sneezing; laughing,0.9195497632026672
Proto-LC,1,1-53670-A-18.wav,18,toilet flush,18,toilet flush,toilet flush; washing machine; pouring water,0.9188340902328491
Proto-LC,1,1-54065-A-45.wav,45,train,45,train,train; wind; engine,0.8661150336265564
Proto-LC,1,1-54065-B-45.wav,45,train,45,train,train; airplane; helicopter,0.7879656553268433
Proto-LC,1,1-54084-A-42.wav,42,siren,42,siren,siren; thunderstorm; airplane,0.7918719053268433
Proto-LC,1,1-54505-A-21.wav,21,sneezing,21,sneezing,sneezing; coughing; breathing,0.9137905836105347
Proto-LC,1,1-54747-A-46.wav,46,church bells,46,church bells,church bells; chirping birds; wind,0.9156492948532104
Proto-LC,1,1-54752-A-18.wav,18,toilet flush,18,toilet flush,toilet flush; washing machine; pouring water,0.8781051635742188
Proto-LC,1,1-54918-A-14.wav,14,chirping birds,14,chirping birds,chirping birds; crickets; crow,0.7378706932067871
Proto-LC,1,1-54918-B-14.wav,14,chirping birds,14,chirping birds,chirping birds; crow; crickets,0.7059188485145569
Proto-LC,1,1-54958-A-10.wav,10,rain,10,rain,rain; crackling fire; engine,0.7378211617469788
Proto-LC,1,1-56233-A-9.wav,9,crow,9,crow,crow; chirping birds; hen,0.915671706199646
Proto-LC,1,1-56234-A-9.wav,9,crow,9,crow,crow; chirping birds; rooster,0.8691102266311646
Proto-LC,1,1-56269-A-18.wav,18,toilet flush,18,toilet flush,toilet flush; pouring water; brushing teeth,0.9295177459716797
Proto-LC,1,1-56270-A-29.wav,29,drinking sipping,29,drinking sipping,drinking sipping; water drops; coughing,0.810059666633606
Proto-LC,1,1-56311-A-10.wav,10,rain,10,rain,rain; wind; thunderstorm,0.8550893068313599
Proto-LC,1,1-56380-A-5.wav,5,cat,5,cat,cat; sheep; crow,0.8768796920776367
Proto-LC,1,1-56380-B-5.wav,5,cat,5,cat,cat; crow; sheep,0.9144357442855835
Proto-LC,1,1-56907-A-46.wav,46,church bells,46,church bells,church bells; chirping birds; crow,0.90284663438797
Proto-LC,1,1-57163-A-38.wav,38,clock tick,38,clock tick,clock tick; clock alarm; mouse click,0.850205659866333
Proto-LC,1,1-57316-A-13.wav,13,crickets,7,insects,insects; crickets; brushing teeth,0.5502241253852844
Proto-LC,1,1-57318-A-13.wav,13,crickets,13,crickets,crickets; insects; engine,0.7816237807273865
Proto-LC,1,1-57795-A-8.wav,8,sheep,3,cow,cow; sheep; rooster,0.865887463092804
Proto-LC,1,1-58277-A-3.wav,3,cow,1,rooster,rooster; cow; sheep,0.7541406154632568
Proto-LC,1,1-58792-A-24.wav,24,coughing,21,sneezing,sneezing; coughing; crying baby,0.816666841506958
Proto-LC,1,1-58846-A-34.wav,34,can opening,34,can opening,can opening; pouring water; crackling fire,0.8236234188079834
Proto-LC,1,1-58923-A-27.wav,27,brushing teeth,27,brushing teeth,brushing teeth; washing machine; hand saw,0.7858032584190369
Proto-LC,1,1-58923-B-27.wav,27,brushing teeth,27,brushing teeth,brushing teeth; hand saw; washing machine,0.835549533367157
Proto-LC,1,1-59102-A-13.wav,13,crickets,13,crickets,crickets; insects; frog,0.7715508937835693
Proto-LC,1,1-59324-A-21.wav,21,sneezing,21,sneezing,sneezing; coughing; dog,0.8907885551452637
Proto-LC,1,1-59513-A-0.wav,0,dog,0,dog,dog; rooster; pig,0.7187422513961792
Proto-LC,1,1-5996-A-6.wav,6,hen,6,hen,hen; rooster; laughing,0.8812196850776672
Proto-LC,1,1-60460-A-36.wav,36,vacuum cleaner,36,vacuum cleaner,vacuum cleaner; engine; washing machine,0.8496469855308533
Proto-LC,1,1-60676-A-34.wav,34,can opening,34,can opening,can opening; coughing; car horn,0.7850990891456604
Proto-LC,1,1-60997-A-20.wav,20,crying baby,20,crying baby,crying baby; cat; clock alarm,0.8510032892227173
Proto-LC,1,1-60997-B-20.wav,20,crying baby,20,crying baby,crying baby; cat; clock alarm,0.9103214740753174
Proto-LC,1,1-61212-A-32.wav,32,keyboard typing,32,keyboard typing,keyboard typing; mouse click; clock tick,0.80814528465271
Proto-LC,1,1-61221-A-17.wav,17,pouring water,17,pouring water,pouring water; drinking sipping; water drops,0.8087825775146484
Proto-LC,1,1-61252-A-11.wav,11,sea waves,11,sea waves,sea waves; wind; rain,0.9592993855476379
Proto-LC,1,1-61261-A-44.wav,44,engine,44,engine,engine; airplane; helicopter,0.6397451758384705
Proto-LC,1,1-61534-A-27.wav,27,brushing teeth,27,brushing teeth,brushing teeth; dog; pig,0.6430485248565674
Proto-LC,1,1-62509-A-45.wav,45,train,45,train,train; wind; footsteps,0.8972975015640259
Proto-LC,1,1-62565-A-44.wav,44,engine,44,engine,engine; airplane; helicopter,0.6190276145935059
Proto-LC,1,1-62594-A-32.wav,32,keyboard typing,32,keyboard typing,keyboard typing; mouse click; clock tick,0.6818514466285706
Proto-LC,1,1-62849-A-38.wav,38,clock tick,38,clock tick,clock tick; mouse click; clock alarm,0.837569534778595
Proto-LC,1,1-62850-A-38.wav,38,clock tick,38,clock tick,clock tick; mouse click; clock alarm,0.8390522003173828
Proto-LC,1,1-63679-A-24.wav,24,coughing,24,coughing,coughing; laughing; breathing,0.8504194617271423
Proto-LC,1,1-63871-A-10.wav,10,rain,10,rain,rain; water drops; crackling fire,0.8469768762588501
Proto-LC,1,1-64398-A-41.wav,41,chainsaw,41,chainsaw,chainsaw; hand saw; engine,0.8914601802825928
Proto-LC,1,1-64398-B-41.wav,41,chainsaw,41,chainsaw,chainsaw; vacuum cleaner; hand saw,0.8346465229988098
Proto-LC,1,1-64473-A-45.wav,45,train,45,train,train; church bells; engine,0.7501164078712463
Proto-LC,1,1-65483-A-13.wav,13,crickets,13,crickets,crickets; insects; frog,0.7704436779022217
Proto-LC,1,1-67033-A-37.wav,37,clock alarm,37,clock alarm,clock alarm; clock tick; mouse click,0.7491380572319031
Proto-LC,1,1-67152-A-17.wav,17,pouring water,17,pouring water,pouring water; water drops; drinking sipping,0.8839988708496094
Proto-LC,1,1-67230-A-29.wav,29,drinking sipping,28,snoring,snoring; drinking sipping; breathing,0.7215517163276672
Proto-LC,1,1-67432-A-27.wav,27,brushing teeth,27,brushing teeth,brushing teeth; hand saw; chainsaw,0.7617740035057068
Proto-LC,1,1-68628-A-27.wav,27,brushing teeth,27,brushing teeth,brushing teeth; drinking sipping; can opening,0.635317325592041
Proto-LC,1,1-68670-A-34.wav,34,can opening,34,can opening,can opening; glass breaking; water drops,0.7927651405334473
Proto-LC,1,1-68734-A-34.wav,34,can opening,34,can opening,can opening; glass breaking; mouse click,0.7831733822822571
Proto-LC,1,1-69165-A-34.wav,34,can opening,34,can opening,can opening; glass breaking; mouse click,0.7547584772109985
Proto-LC,1,1-69422-A-3.wav,3,cow,1,rooster,rooster; cow; sheep,0.6989278197288513
Proto-LC,1,1-69641-A-3.wav,3,cow,3,cow,cow; rooster; snoring,0.7060164213180542
Proto-LC,1,1-69760-A-16.wav,16,wind,11,sea waves,sea waves; wind; rain,0.8090063333511353
Proto-LC,1,1-70300-A-45.wav,45,train,45,train,train; footsteps; washing machine,0.8680553436279297
Proto-LC,1,1-7057-A-12.wav,12,crackling fire,12,crackling fire,crackling fire; thunderstorm; fireworks,0.7932596206665039
Proto-LC,1,1-71030-A-6.wav,6,hen,6,hen,hen; rooster; sheep,0.7591758966445923
Proto-LC,1,1-72195-A-37.wav,37,clock alarm,37,clock alarm,clock alarm; clock tick; mouse click,0.8429273366928101
Proto-LC,1,1-72195-B-37.wav,37,clock alarm,37,clock alarm,clock alarm; clock tick; mouse click,0.883530855178833
Proto-LC,1,1-72229-A-6.wav,6,hen,6,hen,hen; chirping birds; rooster,0.8424593210220337
Proto-LC,1,1-72229-B-6.wav,6,hen,6,hen,hen; chirping birds; rooster,0.8267595767974854
Proto-LC,1,1-72695-A-26.wav,26,laughing,26,laughing,laughing; sneezing; coughing,0.6277462840080261
Proto-LC,1,1-73123-A-26.wav,26,laughing,26,laughing,laughing; coughing; clapping,0.7169662714004517
Proto-LC,1,1-73585-A-7.wav,7,insects,7,insects,insects; chirping birds; crickets,0.6089845299720764
Proto-LC,1,1-74517-A-37.wav,37,clock alarm,37,clock alarm,clock alarm; clock tick; car horn,0.8698681592941284
Proto-LC,1,1-7456-A-13.wav,13,crickets,13,crickets,crickets; insects; helicopter,0.7476685643196106
Proto-LC,1,1-75162-A-9.wav,9,crow,9,crow,crow; chirping birds; rooster,0.9065519571304321
Proto-LC,1,1-75189-A-7.wav,7,insects,7,insects,insects; crickets; brushing teeth,0.595150351524353
Proto-LC,1,1-75190-A-8.wav,8,sheep,8,sheep,sheep; cow; rooster,0.9579341411590576
Proto-LC,1,1-76831-A-42.wav,42,siren,42,siren,siren; car horn; sea waves,0.8024802207946777
Proto-LC,1,1-76831-B-42.wav,42,siren,42,siren,siren; car horn; clock alarm,0.815226674079895
Proto-LC,1,1-76831-C-42.wav,42,siren,42,siren,siren; car horn; clock alarm,0.8194049596786499
Proto-LC,1,1-76831-D-42.wav,42,siren,42,siren,siren; car horn; cat,0.8248099088668823
Proto-LC,1,1-76831-E-42.wav,42,siren,42,siren,siren; car horn; clock alarm,0.8202971816062927
Proto-LC,1,1-77160-A-3.wav,3,cow,3,cow,cow; rooster; sheep,0.7632080316543579
Proto-LC,1,1-77241-A-3.wav,3,cow,1,rooster,rooster; cow; sheep,0.7656751871109009
Proto-LC,1,1-79113-A-5.wav,5,cat,5,cat,cat; crying baby; crow,0.7617400884628296
Proto-LC,1,1-79146-A-29.wav,29,drinking sipping,29,drinking sipping,drinking sipping; water drops; coughing,0.7386528253555298
Proto-LC,1,1-79220-A-17.wav,17,pouring water,17,pouring water,pouring water; water drops; drinking sipping,0.7075195908546448
Proto-LC,1,1-79236-A-36.wav,36,vacuum cleaner,36,vacuum cleaner,vacuum cleaner; engine; washing machine,0.8538264036178589
Proto-LC,1,1-79711-A-32.wav,32,keyboard typing,32,keyboard typing,keyboard typing; mouse click; water drops,0.8874014616012573
Proto-LC,1,1-7973-A-7.wav,7,insects,7,insects,insects; crickets; cat,0.6466388702392578
Proto-LC,1,1-7974-A-49.wav,49,hand saw,49,hand saw,hand saw; chainsaw; door wood creaks,0.7838222980499268
Proto-LC,1,1-7974-B-49.wav,49,hand saw,49,hand saw,hand saw; chainsaw; door wood knock,0.8963007926940918
Proto-LC,1,1-80785-A-7.wav,7,insects,7,insects,insects; engine; washing machine,0.38896840810775757
Proto-LC,1,1-80840-A-13.wav,13,crickets,13,crickets,crickets; insects; frog,0.7648599147796631
Proto-LC,1,1-80841-A-13.wav,13,crickets,13,crickets,crickets; insects; chirping birds,0.8647801876068115
Proto-LC,1,1-81001-A-30.wav,30,door wood knock,30,door wood knock,door wood knock; footsteps; door wood creaks,0.8252204656600952
Proto-LC,1,1-81001-B-30.wav,30,door wood knock,30,door wood knock,door wood knock; footsteps; door wood creaks,0.794074296951294
Proto-LC,1,1-81269-A-3.wav,3,cow,3,cow,cow; rooster; sheep,0.7034750580787659
Proto-LC,1,1-81851-A-31.wav,31,mouse click,31,mouse click,mouse click; keyboard typing; clock tick,0.8503099679946899
Proto-LC,1,1-81883-A-21.wav,21,sneezing,21,sneezing,sneezing; coughing; breathing,0.9484471082687378
Proto-LC,1,1-82817-A-30.wav,30,door wood knock,30,door wood knock,door wood knock; door wood creaks; mouse click,0.8555809259414673
Proto-LC,1,1-84393-A-32.wav,32,keyboard typing,32,keyboard typing,keyboard typing; mouse click; door wood knock,0.718604564666748
Proto-LC,1,1-84536-A-39.wav,39,glass breaking,39,glass breaking,glass breaking; can opening; crackling fire,0.8817590475082397
Proto-LC,1,1-84704-A-39.wav,39,glass breaking,39,glass breaking,glass breaking; can opening; sneezing,0.8123857975006104
Proto-LC,1,1-84705-A-39.wav,39,glass breaking,39,glass breaking,glass breaking; can opening; crackling fire,0.8895951509475708
Proto-LC,1,1-85123-A-31.wav,31,mouse click,31,mouse click,mouse click; clock tick; thunderstorm,0.5854893922805786
Proto-LC,1,1-85168-A-39.wav,39,glass breaking,39,glass breaking,glass breaking; can opening; clapping,0.8603696227073669
Proto-LC,1,1-85184-A-39.wav,39,glass breaking,39,glass breaking,glass breaking; can opening; chainsaw,0.9004839658737183
Proto-LC,1,1-85362-A-0.wav,0,dog,0,dog,dog; clock alarm; rooster,0.5844061374664307
Proto-LC,1,1-85909-A-29.wav,29,drinking sipping,29,drinking sipping,drinking sipping; water drops; pouring water,0.8505533933639526
Proto-LC,1,1-87565-A-29.wav,29,drinking sipping,29,drinking sipping,drinking sipping; water drops; pouring water,0.8104705810546875
Proto-LC,1,1-88409-A-45.wav,45,train,45,train,train; helicopter; footsteps,0.742642879486084
Proto-LC,1,1-88409-B-45.wav,45,train,45,train,train; helicopter; airplane,0.9204027652740479
Proto-LC,1,1-88574-A-8.wav,8,sheep,8,sheep,sheep; cow; crow,0.8864516615867615
Proto-LC,1,1-88807-A-39.wav,39,glass breaking,39,glass breaking,glass breaking; can opening; clapping,0.5689895153045654
Proto-LC,1,1-90797-A-15.wav,15,water drops,15,water drops,water drops; pouring water; can opening,0.7442116737365723
Proto-LC,1,1-91359-A-11.wav,11,sea waves,11,sea waves,sea waves; wind; rain,0.9187914133071899
Proto-LC,1,1-91359-B-11.wav,11,sea waves,11,sea waves,sea waves; wind; washing machine,0.8015630841255188
Proto-LC,1,1-94036-A-22.wav,22,clapping,22,clapping,clapping; laughing; rain,0.9365165829658508
Proto-LC,1,1-94231-A-32.wav,32,keyboard typing,32,keyboard typing,keyboard typing; mouse click; door wood creaks,0.6602210998535156
Proto-LC,1,1-94231-B-32.wav,32,keyboard typing,32,keyboard typing,keyboard typing; mouse click; clock tick,0.8675527572631836
Proto-LC,1,1-95563-A-31.wav,31,mouse click,31,mouse click,mouse click; keyboard typing; clock tick,0.8445940613746643
Proto-LC,1,1-96890-A-37.wav,37,clock alarm,37,clock alarm,clock alarm; clock tick; mouse click,0.8397926092147827
Proto-LC,1,1-96950-A-9.wav,9,crow,9,crow,crow; chirping birds; rooster,0.9220138788223267
Proto-LC,1,1-96950-B-9.wav,9,crow,9,crow,crow; chirping birds; rooster,0.9301950931549072
Proto-LC,1,1-97392-A-0.wav,0,dog,0,dog,dog; rooster; clock alarm,0.6699839234352112
Proto-LC,1,1-977-A-39.wav,39,glass breaking,39,glass breaking,glass breaking; can opening; crackling fire,0.8556513786315918
Proto-LC,1,1-97793-A-31.wav,31,mouse click,31,mouse click,mouse click; can opening; keyboard typing,0.6951262950897217
Proto-LC,1,1-9841-A-13.wav,13,crickets,13,crickets,crickets; insects; chirping birds,0.8528095483779907
Proto-LC,1,1-9886-A-49.wav,49,hand saw,49,hand saw,hand saw; chainsaw; engine,0.744144082069397
Proto-LC,1,1-9887-A-49.wav,49,hand saw,49,hand saw,hand saw; washing machine; engine,0.6027940511703491
Proto-LC,1,1-9887-B-49.wav,49,hand saw,49,hand saw,hand saw; chainsaw; engine,0.841092586517334
Proto-LC,1,1-99958-A-31.wav,31,mouse click,31,mouse click,mouse click; keyboard typing; clock tick,0.8851767182350159
Logistic Regression,1,1-100032-A-0.wav,0,dog,0,dog,dog; sneezing; coughing,0.9961119294166565
Logistic Regression,1,1-100038-A-14.wav,14,chirping birds,14,chirping birds,chirping birds; pig; hen,0.9994897246360779
Logistic Regression,1,1-100210-A-36.wav,36,vacuum cleaner,36,vacuum cleaner,vacuum cleaner; washing machine; chainsaw,0.9995220899581909
Logistic Regression,1,1-100210-B-36.wav,36,vacuum cleaner,36,vacuum cleaner,vacuum cleaner; washing machine; wind,0.9998149275779724
Logistic Regression,1,1-101296-A-19.wav,19,thunderstorm,19,thunderstorm,thunderstorm; wind; crickets,0.9984890222549438
Logistic Regression,1,1-101296-B-19.wav,19,thunderstorm,19,thunderstorm,thunderstorm; crickets; wind,0.9985579252243042
Logistic Regression,1,1-101336-A-30.wav,30,door wood knock,30,door wood knock,door wood knock; footsteps; door wood creaks,0.9964251518249512
Logistic Regression,1,1-101404-A-34.wav,34,can opening,34,can opening,can opening; crackling fire; snoring,0.998634934425354
Logistic Regression,1,1-103298-A-9.wav,9,crow,9,crow,crow; frog; can opening,0.9996752142906189
Logistic Regression,1,1-103995-A-30.wav,30,door wood knock,30,door wood knock,door wood knock; door wood creaks; water drops,0.9987369775772095
Logistic Regression,1,1-103999-A-30.wav,30,door wood knock,30,door wood knock,door wood knock; water drops; door wood creaks,0.9989759922027588
Logistic Regression,1,1-104089-A-22.wav,22,clapping,22,clapping,clapping; laughing; engine,0.9993484020233154
Logistic Regression,1,1-104089-B-22.wav,22,clapping,22,clapping,clapping; laughing; rain,0.9990826845169067
Logistic Regression,1,1-105224-A-22.wav,22,clapping,22,clapping,clapping; laughing; fireworks,0.9996604919433594
Logistic Regression,1,1-110389-A-0.wav,0,dog,0,dog,dog; rooster; pig,0.9994665384292603
Logistic Regression,1,1-110537-A-22.wav,22,clapping,22,clapping,clapping; rain; laughing,0.998849093914032
Logistic Regression,1,1-115521-A-19.wav,19,thunderstorm,19,thunderstorm,thunderstorm; airplane; rain,0.9980490803718567
Logistic Regression,1,1-115545-A-48.wav,48,fireworks,48,fireworks,fireworks; thunderstorm; airplane,0.4991966187953949
Logistic Regression,1,1-115545-B-48.wav,48,fireworks,48,fireworks,fireworks; thunderstorm; sneezing,0.9902288913726807
Logistic Regression,1,1-115545-C-48.wav,48,fireworks,48,fireworks,fireworks; thunderstorm; door wood knock,0.981160581111908
Logistic Regression,1,1-115546-A-48.wav,48,fireworks,48,fireworks,fireworks; thunderstorm; airplane,0.9436980485916138
Logistic Regression,1,1-115920-A-22.wav,22,clapping,22,clapping,clapping; laughing; keyboard typing,0.999402642250061
Logistic Regression,1,1-115920-B-22.wav,22,clapping,22,clapping,clapping; laughing; car horn,0.999635636806488
Logistic Regression,1,1-115921-A-22.wav,22,clapping,22,clapping,clapping; laughing; keyboard typing,0.999727725982666
Logistic Regression,1,1-116765-A-41.wav,41,chainsaw,41,chainsaw,chainsaw; door wood creaks; hand saw,0.9996802806854248
Logistic Regression,1,1-11687-A-47.wav,47,airplane,47,airplane,airplane; vacuum cleaner; helicopter,0.9997198581695557
Logistic Regression,1,1-118206-A-31.wav,31,mouse click,31,mouse click,mouse click; door wood knock; water drops,0.9993425607681274
Logistic Regression,1,1-118559-A-17.wav,17,pouring water,17,pouring water,pouring water; drinking sipping; water drops,0.8662482500076294
Logistic Regression,1,1-119125-A-45.wav,45,train,45,train,train; washing machine; rain,0.9995297193527222
Logistic Regression,1,1-121951-A-8.wav,8,sheep,8,sheep,sheep; cow; car horn,0.9956228733062744
Logistic Regression,1,1-12653-A-15.wav,15,water drops,15,water drops,water drops; pouring water; toilet flush,0.9993687272071838
Logistic Regression,1,1-12654-A-15.wav,15,water drops,15,water drops,water drops; mouse click; pouring water,0.9983615279197693
Logistic Regression,1,1-12654-B-15.wav,15,water drops,15,water drops,water drops; mouse click; pouring water,0.9984757304191589
Logistic Regression,1,1-13571-A-46.wav,46,church bells,46,church bells,church bells; thunderstorm; clock tick,0.9994649887084961
Logistic Regression,1,1-13572-A-46.wav,46,church bells,46,church bells,church bells; car horn; footsteps,0.9997909069061279
Logistic Regression,1,1-13613-A-37.wav,37,clock alarm,37,clock alarm,clock alarm; church bells; washing machine,0.9993695020675659
Logistic Regression,1,1-137-A-32.wav,32,keyboard typing,32,keyboard typing,keyboard typing; mouse click; clock tick,0.9998944401741028
Logistic Regression,1,1-137296-A-16.wav,16,wind,16,wind,wind; thunderstorm; airplane,0.9952428936958313
Logistic Regression,1,1-14262-A-37.wav,37,clock alarm,37,clock alarm,clock alarm; clock tick; washing machine,0.999822199344635
Logistic Regression,1,1-155858-A-25.wav,25,footsteps,25,footsteps,footsteps; water drops; fireworks,0.9994469881057739
Logistic Regression,1,1-155858-B-25.wav,25,footsteps,25,footsteps,footsteps; helicopter; water drops,0.999545156955719
Logistic Regression,1,1-155858-C-25.wav,25,footsteps,25,footsteps,footsteps; helicopter; drinking sipping,0.9993087649345398
Logistic Regression,1,1-155858-D-25.wav,25,footsteps,25,footsteps,footsteps; helicopter; water drops,0.99961918592453
Logistic Regression,1,1-155858-E-25.wav,25,footsteps,25,footsteps,footsteps; helicopter; water drops,0.9997752904891968
Logistic Regression,1,1-155858-F-25.wav,25,footsteps,25,footsteps,footsteps; wind; helicopter,0.9998562932014465
Logistic Regression,1,1-15689-A-4.wav,4,frog,4,frog,frog; snoring; drinking sipping,0.9995207786560059
Logistic Regression,1,1-15689-B-4.wav,4,frog,4,frog,frog; thunderstorm; snoring,0.9996325969696045
Logistic Regression,1,1-160563-A-48.wav,48,fireworks,48,fireworks,fireworks; crackling fire; thunderstorm,0.9963692426681519
Logistic Regression,1,1-160563-B-48.wav,48,fireworks,48,fireworks,fireworks; footsteps; engine,0.9925926923751831
Logistic Regression,1,1-16568-A-3.wav,3,cow,3,cow,cow; sheep; frog,0.9983189702033997
Logistic Regression,1,1-16746-A-15.wav,15,water drops,15,water drops,water drops; pouring water; drinking sipping,0.9985722899436951
Logistic Regression,1,1-17092-A-27.wav,27,brushing teeth,27,brushing teeth,brushing teeth; drinking sipping; mouse click,0.9997847676277161
Logistic Regression,1,1-17092-B-27.wav,27,brushing teeth,27,brushing teeth,brushing teeth; drinking sipping; mouse click,0.5973048806190491
Logistic Regression,1,1-17124-A-43.wav,43,car horn,43,car horn,car horn; clock tick; mouse click,0.9997445940971375
Logistic Regression,1,1-17150-A-12.wav,12,crackling fire,12,crackling fire,crackling fire; footsteps; mouse click,0.9981563091278076
Logistic Regression,1,1-172649-A-40.wav,40,helicopter,35,washing machine,washing machine; airplane; helicopter,0.4839223027229309
Logistic Regression,1,1-172649-B-40.wav,40,helicopter,35,washing machine,washing machine; helicopter; airplane,0.6155789494514465
Logistic Regression,1,1-172649-C-40.wav,40,helicopter,40,helicopter,helicopter; washing machine; crickets,0.9947425723075867
Logistic Regression,1,1-172649-D-40.wav,40,helicopter,40,helicopter,helicopter; washing machine; chainsaw,0.9860365986824036
Logistic Regression,1,1-172649-E-40.wav,40,helicopter,40,helicopter,helicopter; washing machine; engine,0.9987429976463318
Logistic Regression,1,1-172649-F-40.wav,40,helicopter,40,helicopter,helicopter; airplane; washing machine,0.9987919926643372
Logistic Regression,1,1-17295-A-29.wav,29,drinking sipping,29,drinking sipping,drinking sipping; pouring water; pig,0.9998422861099243
Logistic Regression,1,1-17367-A-10.wav,10,rain,10,rain,rain; thunderstorm; pouring water,0.9974628686904907
Logistic Regression,1,1-17565-A-12.wav,12,crackling fire,12,crackling fire,crackling fire; glass breaking; footsteps,0.9364123940467834
Logistic Regression,1,1-17585-A-7.wav,7,insects,7,insects,insects; chirping birds; crickets,0.7970758080482483
Logistic Regression,1,1-17742-A-12.wav,12,crackling fire,12,crackling fire,crackling fire; rain; mouse click,0.9994139671325684
Logistic Regression,1,1-17808-A-12.wav,12,crackling fire,12,crackling fire,crackling fire; washing machine; rain,0.9995730519294739
Logistic Regression,1,1-17808-B-12.wav,12,crackling fire,12,crackling fire,crackling fire; can opening; mouse click,0.9998887181282043
Logistic Regression,1,1-1791-A-26.wav,26,laughing,26,laughing,laughing; coughing; pig,0.997708797454834
Logistic Regression,1,1-17970-A-4.wav,4,frog,4,frog,frog; drinking sipping; crickets,0.9996184706687927
Logistic Regression,1,1-18074-A-6.wav,6,hen,6,hen,hen; rooster; engine,0.9899960160255432
Logistic Regression,1,1-18074-B-6.wav,6,hen,6,hen,hen; rooster; engine,0.9914976954460144
Logistic Regression,1,1-181071-A-40.wav,40,helicopter,40,helicopter,helicopter; engine; airplane,0.9992115497589111
Logistic Regression,1,1-181071-B-40.wav,40,helicopter,40,helicopter,helicopter; washing machine; engine,0.9998245239257812
Logistic Regression,1,1-18527-A-44.wav,44,engine,44,engine,engine; airplane; car horn,0.8077775239944458
Logistic Regression,1,1-18527-B-44.wav,44,engine,44,engine,engine; helicopter; car horn,0.8791064023971558
Logistic Regression,1,1-18631-A-23.wav,23,breathing,23,breathing,breathing; snoring; drinking sipping,0.999695360660553
Logistic Regression,1,1-18655-A-31.wav,31,mouse click,31,mouse click,mouse click; keyboard typing; drinking sipping,0.9986394047737122
Logistic Regression,1,1-187207-A-20.wav,20,crying baby,20,crying baby,crying baby; laughing; drinking sipping,0.7749613523483276
Logistic Regression,1,1-18755-A-4.wav,4,frog,4,frog,frog; hen; engine,0.9992595911026001
Logistic Regression,1,1-18755-B-4.wav,4,frog,4,frog,frog; hen; engine,0.9991670846939087
Logistic Regression,1,1-18757-A-4.wav,4,frog,4,frog,frog; hen; laughing,0.9988377690315247
Logistic Regression,1,1-18810-A-49.wav,49,hand saw,49,hand saw,hand saw; footsteps; vacuum cleaner,0.9929128289222717
Logistic Regression,1,1-19026-A-43.wav,43,car horn,43,car horn,car horn; clock tick; clock alarm,0.9995689392089844
Logistic Regression,1,1-19111-A-24.wav,24,coughing,24,coughing,coughing; laughing; sneezing,0.9950902462005615
Logistic Regression,1,1-19118-A-24.wav,24,coughing,24,coughing,coughing; water drops; drinking sipping,0.8119729161262512
Logistic Regression,1,1-19501-A-7.wav,7,insects,7,insects,insects; crickets; sneezing,0.9964672327041626
Logistic Regression,1,1-196660-A-8.wav,8,sheep,8,sheep,sheep; cow; insects,0.9994414448738098
Logistic Regression,1,1-196660-B-8.wav,8,sheep,8,sheep,sheep; cow; helicopter,0.9994376301765442
Logistic Regression,1,1-19840-A-36.wav,36,vacuum cleaner,36,vacuum cleaner,vacuum cleaner; washing machine; airplane,0.9952507615089417
Logistic Regression,1,1-19872-A-36.wav,36,vacuum cleaner,36,vacuum cleaner,vacuum cleaner; chainsaw; airplane,0.9986071586608887
Logistic Regression,1,1-19872-B-36.wav,36,vacuum cleaner,36,vacuum cleaner,vacuum cleaner; washing machine; chainsaw,0.9930981397628784
Logistic Regression,1,1-19898-A-41.wav,41,chainsaw,41,chainsaw,chainsaw; engine; snoring,0.9898632168769836
Logistic Regression,1,1-19898-B-41.wav,41,chainsaw,41,chainsaw,chainsaw; engine; hand saw,0.997737467288971
Logistic Regression,1,1-19898-C-41.wav,41,chainsaw,41,chainsaw,chainsaw; engine; hand saw,0.9994859099388123
Logistic Regression,1,1-20133-A-39.wav,39,glass breaking,39,glass breaking,glass breaking; vacuum cleaner; drinking sipping,0.9920856952667236
Logistic Regression,1,1-202111-A-3.wav,3,cow,3,cow,cow; snoring; pig,0.9979851245880127
Logistic Regression,1,1-20545-A-28.wav,28,snoring,28,snoring,snoring; breathing; drinking sipping,0.9997304677963257
Logistic Regression,1,1-20736-A-18.wav,18,toilet flush,18,toilet flush,toilet flush; sea waves; rain,0.9990054368972778
Logistic Regression,1,1-208757-A-2.wav,2,pig,2,pig,pig; hen; washing machine,0.9999170899391174
Logistic Regression,1,1-208757-B-2.wav,2,pig,2,pig,pig; drinking sipping; washing machine,0.9998169541358948
Logistic Regression,1,1-208757-C-2.wav,2,pig,2,pig,pig; dog; hen,0.9993176460266113
Logistic Regression,1,1-208757-D-2.wav,2,pig,2,pig,pig; hen; clock tick,0.9996241927146912
Logistic Regression,1,1-208757-E-2.wav,2,pig,2,pig,pig; hen; washing machine,0.9997373223304749
Logistic Regression,1,1-211527-A-20.wav,20,crying baby,20,crying baby,crying baby; cat; brushing teeth,0.8735610842704773
Logistic Regression,1,1-211527-B-20.wav,20,crying baby,20,crying baby,crying baby; laughing; cat,0.5280674695968628
Logistic Regression,1,1-211527-C-20.wav,20,crying baby,20,crying baby,crying baby; cat; sheep,0.9956319332122803
Logistic Regression,1,1-21189-A-10.wav,10,rain,10,rain,rain; wind; car horn,0.9997473359107971
Logistic Regression,1,1-21421-A-46.wav,46,church bells,46,church bells,church bells; clock tick; car horn,0.9994758367538452
Logistic Regression,1,1-21896-A-35.wav,35,washing machine,35,washing machine,washing machine; helicopter; engine,0.9989780783653259
Logistic Regression,1,1-21934-A-38.wav,38,clock tick,38,clock tick,clock tick; water drops; mouse click,0.9998276233673096
Logistic Regression,1,1-21935-A-38.wav,38,clock tick,38,clock tick,clock tick; mouse click; water drops,0.9998518228530884
Logistic Regression,1,1-223162-A-25.wav,25,footsteps,30,door wood knock,door wood knock; footsteps; door wood creaks,0.817791223526001
Logistic Regression,1,1-22694-A-20.wav,20,crying baby,20,crying baby,crying baby; cat; keyboard typing,0.9995675086975098
Logistic Regression,1,1-22694-B-20.wav,20,crying baby,20,crying baby,crying baby; cat; door wood knock,0.9943587183952332
Logistic Regression,1,1-22804-A-46.wav,46,church bells,46,church bells,church bells; wind; thunderstorm,0.9998878836631775
Logistic Regression,1,1-22882-A-44.wav,44,engine,44,engine,engine; washing machine; helicopter,0.9984406232833862
Logistic Regression,1,1-23094-A-15.wav,15,water drops,15,water drops,water drops; mouse click; clock tick,0.9647486805915833
Logistic Regression,1,1-23094-B-15.wav,15,water drops,15,water drops,water drops; clock tick; mouse click,0.9362449645996094
Logistic Regression,1,1-23222-A-19.wav,19,thunderstorm,19,thunderstorm,thunderstorm; airplane; fireworks,0.9988470077514648
Logistic Regression,1,1-23222-B-19.wav,19,thunderstorm,19,thunderstorm,thunderstorm; wind; airplane,0.9968894720077515
Logistic Regression,1,1-23706-A-49.wav,49,hand saw,49,hand saw,hand saw; footsteps; brushing teeth,0.9967600107192993
Logistic Regression,1,1-23996-A-35.wav,35,washing machine,35,washing machine,washing machine; hand saw; rain,0.998914897441864
Logistic Regression,1,1-23996-B-35.wav,35,washing machine,35,washing machine,washing machine; engine; vacuum cleaner,0.9982783794403076
Logistic Regression,1,1-24074-A-43.wav,43,car horn,43,car horn,car horn; helicopter; siren,0.9998772144317627
Logistic Regression,1,1-24076-A-43.wav,43,car horn,43,car horn,car horn; siren; helicopter,0.9976049661636353
Logistic Regression,1,1-24524-A-19.wav,19,thunderstorm,19,thunderstorm,thunderstorm; airplane; rooster,0.9996437430381775
Logistic Regression,1,1-24524-B-19.wav,19,thunderstorm,19,thunderstorm,thunderstorm; fireworks; airplane,0.9994728565216064
Logistic Regression,1,1-24524-C-19.wav,19,thunderstorm,19,thunderstorm,thunderstorm; airplane; rain,0.9994726181030273
Logistic Regression,1,1-24796-A-47.wav,47,airplane,47,airplane,airplane; helicopter; engine,0.9994513392448425
Logistic Regression,1,1-254507-A-43.wav,43,car horn,43,car horn,car horn; helicopter; siren,0.9975829124450684
Logistic Regression,1,1-25777-A-48.wav,48,fireworks,48,fireworks,fireworks; thunderstorm; engine,0.9931555986404419
Logistic Regression,1,1-25781-A-48.wav,48,fireworks,48,fireworks,fireworks; sneezing; crackling fire,0.9997427463531494
Logistic Regression,1,1-260640-A-2.wav,2,pig,2,pig,pig; frog; hen,0.9998635053634644
Logistic Regression,1,1-260640-B-2.wav,2,pig,2,pig,pig; hen; frog,0.9995301961898804
Logistic Regression,1,1-260640-C-2.wav,2,pig,2,pig,pig; hen; frog,0.9981938600540161
Logistic Regression,1,1-26143-A-21.wav,21,sneezing,21,sneezing,sneezing; glass breaking; vacuum cleaner,0.9999415278434753
Logistic Regression,1,1-26176-A-43.wav,43,car horn,43,car horn,car horn; sneezing; door wood creaks,0.999724268913269
Logistic Regression,1,1-26177-A-43.wav,43,car horn,43,car horn,car horn; siren; rain,0.9985902905464172
Logistic Regression,1,1-26188-A-30.wav,30,door wood knock,30,door wood knock,door wood knock; door wood creaks; rooster,0.9977923631668091
Logistic Regression,1,1-26222-A-10.wav,10,rain,10,rain,rain; wind; pouring water,0.9999445676803589
Logistic Regression,1,1-26806-A-1.wav,1,rooster,1,rooster,rooster; hen; door wood knock,0.9954221844673157
Logistic Regression,1,1-27165-A-35.wav,35,washing machine,36,vacuum cleaner,vacuum cleaner; washing machine; chainsaw,0.5659136772155762
Logistic Regression,1,1-27166-A-35.wav,35,washing machine,36,vacuum cleaner,vacuum cleaner; airplane; washing machine,0.9896307587623596
Logistic Regression,1,1-27403-A-28.wav,28,snoring,28,snoring,snoring; breathing; drinking sipping,0.9995254278182983
Logistic Regression,1,1-27405-A-28.wav,28,snoring,28,snoring,snoring; drinking sipping; pig,0.9984440803527832
Logistic Regression,1,1-27724-A-1.wav,1,rooster,1,rooster,rooster; hen; wind,0.9957197904586792
Logistic Regression,1,1-28005-A-18.wav,18,toilet flush,18,toilet flush,toilet flush; washing machine; pouring water,0.9990485310554504
Logistic Regression,1,1-28135-A-11.wav,11,sea waves,11,sea waves,sea waves; wind; rain,0.9996042847633362
Logistic Regression,1,1-28135-B-11.wav,11,sea waves,11,sea waves,sea waves; wind; rain,0.9996429085731506
Logistic Regression,1,1-28808-A-43.wav,43,car horn,43,car horn,car horn; helicopter; rain,0.9998913407325745
Logistic Regression,1,1-29532-A-16.wav,16,wind,16,wind,wind; airplane; siren,0.4097580313682556
Logistic Regression,1,1-29561-A-10.wav,10,rain,10,rain,rain; crackling fire; wind,0.9889556765556335
Logistic Regression,1,1-29680-A-21.wav,21,sneezing,21,sneezing,sneezing; drinking sipping; breathing,0.9746600985527039
Logistic Regression,1,1-30039-A-26.wav,26,laughing,26,laughing,laughing; clapping; helicopter,0.9985389113426208
Logistic Regression,1,1-30043-A-26.wav,26,laughing,26,laughing,laughing; clapping; coughing,0.997012197971344
Logistic Regression,1,1-30214-A-18.wav,18,toilet flush,18,toilet flush,toilet flush; drinking sipping; pouring water,0.9967435002326965
Logistic Regression,1,1-30226-A-0.wav,0,dog,0,dog,dog; car horn; footsteps,0.9964581727981567
Logistic Regression,1,1-30344-A-0.wav,0,dog,0,dog,dog; coughing; clock alarm,0.9993205666542053
Logistic Regression,1,1-30709-A-23.wav,23,breathing,23,breathing,breathing; snoring; wind,0.9947838187217712
Logistic Regression,1,1-30709-B-23.wav,23,breathing,23,breathing,breathing; snoring; clock tick,0.9992525577545166
Logistic Regression,1,1-30709-C-23.wav,23,breathing,23,breathing,breathing; snoring; hand saw,0.9998257756233215
Logistic Regression,1,1-30830-A-24.wav,24,coughing,24,coughing,coughing; laughing; door wood knock,0.9997586607933044
Logistic Regression,1,1-31251-A-6.wav,6,hen,6,hen,hen; chirping birds; crow,0.9938592314720154
Logistic Regression,1,1-31251-B-6.wav,6,hen,6,hen,hen; chirping birds; pig,0.9641876220703125
Logistic Regression,1,1-31482-A-42.wav,42,siren,42,siren,siren; clock alarm; helicopter,0.8555301427841187
Logistic Regression,1,1-31482-B-42.wav,42,siren,42,siren,siren; helicopter; car horn,0.9991896748542786
Logistic Regression,1,1-31748-A-21.wav,21,sneezing,21,sneezing,sneezing; chirping birds; breathing,0.9543731808662415
Logistic Regression,1,1-31836-A-4.wav,4,frog,4,frog,frog; chirping birds; hen,0.9887551069259644
Logistic Regression,1,1-31836-B-4.wav,4,frog,4,frog,frog; crickets; engine,0.9994494915008545
Logistic Regression,1,1-32318-A-0.wav,0,dog,0,dog,dog; pig; cat,0.9993531703948975
Logistic Regression,1,1-32373-A-35.wav,35,washing machine,44,engine,engine; washing machine; chainsaw,0.7601836323738098
Logistic Regression,1,1-32373-B-35.wav,35,washing machine,44,engine,engine; washing machine; helicopter,0.522872805595398
Logistic Regression,1,1-32579-A-29.wav,29,drinking sipping,29,drinking sipping,drinking sipping; water drops; engine,0.9995933771133423
Logistic Regression,1,1-33658-A-26.wav,26,laughing,26,laughing,laughing; vacuum cleaner; drinking sipping,0.9999616146087646
Logistic Regression,1,1-34094-A-5.wav,5,cat,5,cat,cat; siren; sheep,0.9991430044174194
Logistic Regression,1,1-34094-B-5.wav,5,cat,5,cat,cat; sheep; siren,0.9991247653961182
Logistic Regression,1,1-34119-A-1.wav,1,rooster,1,rooster,rooster; hen; door wood knock,0.9985294938087463
Logistic Regression,1,1-34119-B-1.wav,1,rooster,1,rooster,rooster; hen; door wood knock,0.9995496273040771
Logistic Regression,1,1-34495-A-14.wav,14,chirping birds,14,chirping birds,chirping birds; crickets; wind,0.999915361404419
Logistic Regression,1,1-34497-A-14.wav,14,chirping birds,14,chirping birds,chirping birds; crickets; wind,0.9988689422607422
Logistic Regression,1,1-34853-A-37.wav,37,clock alarm,37,clock alarm,clock alarm; clock tick; helicopter,0.999252438545227
Logistic Regression,1,1-35687-A-38.wav,38,clock tick,38,clock tick,clock tick; mouse click; washing machine,0.9989002346992493
Logistic Regression,1,1-36164-A-26.wav,26,laughing,26,laughing,laughing; breathing; cat,0.9992035627365112
Logistic Regression,1,1-36164-B-26.wav,26,laughing,26,laughing,laughing; keyboard typing; hen,0.9999821782112122
Logistic Regression,1,1-36393-A-23.wav,23,breathing,23,breathing,breathing; drinking sipping; snoring,0.9752858877182007
Logistic Regression,1,1-36397-A-23.wav,23,breathing,23,breathing,breathing; drinking sipping; snoring,0.9281862378120422
Logistic Regression,1,1-36400-A-23.wav,23,breathing,23,breathing,breathing; drinking sipping; snoring,0.9908419251441956
Logistic Regression,1,1-36402-A-23.wav,23,breathing,23,breathing,breathing; snoring; drinking sipping,0.9972282648086548
Logistic Regression,1,1-36929-A-47.wav,47,airplane,47,airplane,airplane; wind; chainsaw,0.930088460445404
Logistic Regression,1,1-37226-A-29.wav,29,drinking sipping,29,drinking sipping,drinking sipping; sneezing; coughing,0.996106743812561
Logistic Regression,1,1-38559-A-14.wav,14,chirping birds,14,chirping birds,chirping birds; crickets; hen,0.9723390936851501
Logistic Regression,1,1-38560-A-14.wav,14,chirping birds,14,chirping birds,chirping birds; wind; crickets,0.9997543692588806
Logistic Regression,1,1-39835-A-9.wav,9,crow,9,crow,crow; frog; chainsaw,0.9994738698005676
Logistic Regression,1,1-39835-B-9.wav,9,crow,9,crow,crow; frog; chainsaw,0.9997503757476807
Logistic Regression,1,1-39901-A-11.wav,11,sea waves,11,sea waves,sea waves; water drops; drinking sipping,0.9952699542045593
Logistic Regression,1,1-39901-B-11.wav,11,sea waves,11,sea waves,sea waves; footsteps; drinking sipping,0.9986679553985596
Logistic Regression,1,1-39923-A-1.wav,1,rooster,1,rooster,rooster; coughing; door wood knock,0.999554455280304
Logistic Regression,1,1-39937-A-28.wav,28,snoring,28,snoring,snoring; breathing; cow,0.9990646839141846
Logistic Regression,1,1-40154-A-46.wav,46,church bells,46,church bells,church bells; wind; thunderstorm,0.9997015595436096
Logistic Regression,1,1-40621-A-28.wav,28,snoring,28,snoring,snoring; breathing; helicopter,0.9997231364250183
Logistic Regression,1,1-40730-A-1.wav,1,rooster,1,rooster,rooster; hen; coughing,0.9991691708564758
Logistic Regression,1,1-40967-A-28.wav,28,snoring,23,breathing,breathing; snoring; drinking sipping,0.988177478313446
Logistic Regression,1,1-41615-A-34.wav,34,can opening,34,can opening,can opening; mouse click; crackling fire,0.9999127984046936
Logistic Regression,1,1-4211-A-12.wav,12,crackling fire,12,crackling fire,crackling fire; washing machine; rain,0.9979813694953918
Logistic Regression,1,1-42139-A-38.wav,38,clock tick,38,clock tick,clock tick; water drops; washing machine,0.9972438216209412
Logistic Regression,1,1-43382-A-1.wav,1,rooster,1,rooster,rooster; hen; door wood knock,0.9989502429962158
Logistic Regression,1,1-43760-A-11.wav,11,sea waves,11,sea waves,sea waves; rain; clapping,0.9940552115440369
Logistic Regression,1,1-43764-A-34.wav,34,can opening,34,can opening,can opening; mouse click; drinking sipping,0.8847236633300781
Logistic Regression,1,1-43807-A-47.wav,47,airplane,47,airplane,airplane; helicopter; engine,0.9882438778877258
Logistic Regression,1,1-43807-B-47.wav,47,airplane,47,airplane,airplane; helicopter; washing machine,0.5332123637199402
Logistic Regression,1,1-43807-C-47.wav,47,airplane,47,airplane,airplane; helicopter; engine,0.712626039981842
Logistic Regression,1,1-43807-D-47.wav,47,airplane,47,airplane,airplane; helicopter; engine,0.997692883014679
Logistic Regression,1,1-44831-A-1.wav,1,rooster,1,rooster,rooster; clock alarm; cat,0.9977636933326721
Logistic Regression,1,1-45641-A-27.wav,27,brushing teeth,27,brushing teeth,brushing teeth; hand saw; insects,0.9997502565383911
Logistic Regression,1,1-45645-A-31.wav,31,mouse click,31,mouse click,mouse click; clock tick; water drops,0.9987245798110962
Logistic Regression,1,1-46040-A-14.wav,14,chirping birds,14,chirping birds,chirping birds; chainsaw; wind,0.9680754542350769
Logistic Regression,1,1-46272-A-12.wav,12,crackling fire,12,crackling fire,crackling fire; rain; thunderstorm,0.9990714192390442
Logistic Regression,1,1-46274-A-18.wav,18,toilet flush,18,toilet flush,toilet flush; pouring water; insects,0.9992005228996277
Logistic Regression,1,1-46353-A-49.wav,49,hand saw,49,hand saw,hand saw; chainsaw; engine,0.9979180693626404
Logistic Regression,1,1-46744-A-36.wav,36,vacuum cleaner,36,vacuum cleaner,vacuum cleaner; chainsaw; washing machine,0.9996262192726135
Logistic Regression,1,1-46938-A-7.wav,7,insects,7,insects,insects; crickets; helicopter,0.9997448921203613
Logistic Regression,1,1-46938-B-7.wav,7,insects,7,insects,insects; crickets; airplane,0.9998680353164673
Logistic Regression,1,1-47250-A-41.wav,41,chainsaw,41,chainsaw,chainsaw; helicopter; rain,0.9976757764816284
Logistic Regression,1,1-47250-B-41.wav,41,chainsaw,41,chainsaw,chainsaw; helicopter; sea waves,0.9970307946205139
Logistic Regression,1,1-47273-A-21.wav,21,sneezing,21,sneezing,sneezing; glass breaking; crying baby,0.9998064637184143
Logistic Regression,1,1-47274-A-21.wav,21,sneezing,21,sneezing,sneezing; vacuum cleaner; drinking sipping,0.999721884727478
Logistic Regression,1,1-47709-A-16.wav,16,wind,11,sea waves,sea waves; wind; airplane,0.6707600355148315
Logistic Regression,1,1-47714-A-16.wav,16,wind,16,wind,wind; airplane; breathing,0.2555769681930542
Logistic Regression,1,1-47819-A-5.wav,5,cat,5,cat,cat; sheep; wind,0.9993675351142883
Logistic Regression,1,1-47819-B-5.wav,5,cat,5,cat,cat; wind; sheep,0.9987915754318237
Logistic Regression,1,1-47819-C-5.wav,5,cat,5,cat,cat; sheep; frog,0.9981138706207275
Logistic Regression,1,1-47923-A-28.wav,28,snoring,28,snoring,snoring; breathing; crying baby,0.9926671385765076
Logistic Regression,1,1-48298-A-46.wav,46,church bells,46,church bells,church bells; wind; water drops,0.9995750784873962
Logistic Regression,1,1-48413-A-38.wav,38,clock tick,38,clock tick,clock tick; water drops; mouse click,0.9995394945144653
Logistic Regression,1,1-49098-A-35.wav,35,washing machine,35,washing machine,washing machine; helicopter; door wood creaks,0.7268733382225037
Logistic Regression,1,1-49409-A-8.wav,8,sheep,8,sheep,sheep; cat; frog,0.998956024646759
Logistic Regression,1,1-49409-B-8.wav,8,sheep,8,sheep,sheep; cow; cat,0.9992110133171082
Logistic Regression,1,1-50060-A-10.wav,10,rain,10,rain,rain; wind; water drops,0.9992281198501587
Logistic Regression,1,1-50454-A-44.wav,44,engine,44,engine,engine; helicopter; washing machine,0.5290597081184387
Logistic Regression,1,1-50455-A-44.wav,44,engine,44,engine,engine; helicopter; car horn,0.834280252456665
Logistic Regression,1,1-50623-A-15.wav,15,water drops,15,water drops,water drops; pouring water; drinking sipping,0.9999539256095886
Logistic Regression,1,1-50625-A-17.wav,17,pouring water,17,pouring water,pouring water; water drops; drinking sipping,0.999844491481781
Logistic Regression,1,1-50661-A-44.wav,44,engine,44,engine,engine; washing machine; helicopter,0.9997121691703796
Logistic Regression,1,1-50688-A-17.wav,17,pouring water,17,pouring water,pouring water; water drops; crying baby,0.9994285106658936
Logistic Regression,1,1-51035-A-16.wav,16,wind,16,wind,wind; sea waves; rain,0.9965956807136536
Logistic Regression,1,1-51036-A-16.wav,16,wind,16,wind,wind; sea waves; rain,0.9666029810905457
Logistic Regression,1,1-51037-A-16.wav,16,wind,11,sea waves,sea waves; wind; rain,0.6754168272018433
Logistic Regression,1,1-51147-A-25.wav,25,footsteps,15,water drops,water drops; rain; brushing teeth,0.7894068360328674
Logistic Regression,1,1-51170-A-18.wav,18,toilet flush,18,toilet flush,toilet flush; pouring water; clapping,0.999492883682251
Logistic Regression,1,1-51433-A-17.wav,17,pouring water,17,pouring water,pouring water; water drops; clapping,0.9997925162315369
Logistic Regression,1,1-51436-A-17.wav,17,pouring water,17,pouring water,pouring water; water drops; clapping,0.9999317526817322
Logistic Regression,1,1-51805-A-33.wav,33,door wood creaks,33,door wood creaks,door wood creaks; chainsaw; wind,0.998334527015686
Logistic Regression,1,1-51805-B-33.wav,33,door wood creaks,33,door wood creaks,door wood creaks; wind; crying baby,0.9993814826011658
Logistic Regression,1,1-51805-C-33.wav,33,door wood creaks,33,door wood creaks,door wood creaks; crying baby; wind,0.9981471300125122
Logistic Regression,1,1-51805-D-33.wav,33,door wood creaks,33,door wood creaks,door wood creaks; wind; door wood knock,0.9990392327308655
Logistic Regression,1,1-51805-E-33.wav,33,door wood creaks,33,door wood creaks,door wood creaks; door wood knock; wind,0.9993717670440674
Logistic Regression,1,1-51805-F-33.wav,33,door wood creaks,33,door wood creaks,door wood creaks; door wood knock; frog,0.9992452263832092
Logistic Regression,1,1-51805-G-33.wav,33,door wood creaks,33,door wood creaks,door wood creaks; door wood knock; chainsaw,0.9994422197341919
Logistic Regression,1,1-51805-H-33.wav,33,door wood creaks,33,door wood creaks,door wood creaks; mouse click; clock alarm,0.9996368885040283
Logistic Regression,1,1-52266-A-24.wav,24,coughing,24,coughing,coughing; laughing; can opening,0.9996189475059509
Logistic Regression,1,1-52290-A-30.wav,30,door wood knock,30,door wood knock,door wood knock; door wood creaks; rooster,0.9990800023078918
Logistic Regression,1,1-52323-A-24.wav,24,coughing,24,coughing,coughing; laughing; sneezing,0.9969927072525024
Logistic Regression,1,1-53444-A-28.wav,28,snoring,28,snoring,snoring; cow; drinking sipping,0.999788224697113
Logistic Regression,1,1-53467-A-47.wav,47,airplane,47,airplane,airplane; helicopter; engine,0.999914288520813
Logistic Regression,1,1-53501-A-32.wav,32,keyboard typing,32,keyboard typing,keyboard typing; mouse click; crackling fire,0.7219981551170349
Logistic Regression,1,1-53663-A-24.wav,24,coughing,24,coughing,coughing; sneezing; crickets,0.9993641376495361
Logistic Regression,1,1-53670-A-18.wav,18,toilet flush,18,toilet flush,toilet flush; washing machine; pouring water,0.9993876814842224
Logistic Regression,1,1-54065-A-45.wav,45,train,45,train,train; wind; rain,0.9913733601570129
Logistic Regression,1,1-54065-B-45.wav,45,train,45,train,train; siren; airplane,0.9798641204833984
Logistic Regression,1,1-54084-A-42.wav,42,siren,42,siren,siren; wind; clock alarm,0.9987390637397766
Logistic Regression,1,1-54505-A-21.wav,21,sneezing,21,sneezing,sneezing; breathing; drinking sipping,0.9994634389877319
Logistic Regression,1,1-54747-A-46.wav,46,church bells,46,church bells,church bells; wind; crow,0.9993148446083069
Logistic Regression,1,1-54752-A-18.wav,18,toilet flush,18,toilet flush,toilet flush; washing machine; pouring water,0.9979857206344604
Logistic Regression,1,1-54918-A-14.wav,14,chirping birds,14,chirping birds,chirping birds; wind; chainsaw,0.987022876739502
Logistic Regression,1,1-54918-B-14.wav,14,chirping birds,14,chirping birds,chirping birds; wind; crickets,0.9953617453575134
Logistic Regression,1,1-54958-A-10.wav,10,rain,10,rain,rain; vacuum cleaner; engine,0.9911007881164551
Logistic Regression,1,1-56233-A-9.wav,9,crow,9,crow,crow; frog; car horn,0.9998080134391785
Logistic Regression,1,1-56234-A-9.wav,9,crow,9,crow,crow; can opening; rooster,0.9990224242210388
Logistic Regression,1,1-56269-A-18.wav,18,toilet flush,18,toilet flush,toilet flush; pouring water; clapping,0.9995858669281006
Logistic Regression,1,1-56270-A-29.wav,29,drinking sipping,29,drinking sipping,drinking sipping; water drops; footsteps,0.9995285272598267
Logistic Regression,1,1-56311-A-10.wav,10,rain,10,rain,rain; wind; thunderstorm,0.9998394250869751
Logistic Regression,1,1-56380-A-5.wav,5,cat,5,cat,cat; sheep; crying baby,0.9987067580223083
Logistic Regression,1,1-56380-B-5.wav,5,cat,5,cat,cat; sheep; crying baby,0.9996684193611145
Logistic Regression,1,1-56907-A-46.wav,46,church bells,46,church bells,church bells; wind; airplane,0.9998064041137695
Logistic Regression,1,1-57163-A-38.wav,38,clock tick,38,clock tick,clock tick; mouse click; clock alarm,0.9990940690040588
Logistic Regression,1,1-57316-A-13.wav,13,crickets,13,crickets,crickets; brushing teeth; mouse click,0.8347291946411133
Logistic Regression,1,1-57318-A-13.wav,13,crickets,13,crickets,crickets; mouse click; brushing teeth,0.9998977184295654
Logistic Regression,1,1-57795-A-8.wav,8,sheep,8,sheep,sheep; cow; pig,0.9960572719573975
Logistic Regression,1,1-58277-A-3.wav,3,cow,3,cow,cow; pig; snoring,0.9985052347183228
Logistic Regression,1,1-58792-A-24.wav,24,coughing,21,sneezing,sneezing; coughing; vacuum cleaner,0.9961888790130615
Logistic Regression,1,1-58846-A-34.wav,34,can opening,34,can opening,can opening; crackling fire; pouring water,0.9998268485069275
Logistic Regression,1,1-58923-A-27.wav,27,brushing teeth,27,brushing teeth,brushing teeth; drinking sipping; hand saw,0.9988671541213989
Logistic Regression,1,1-58923-B-27.wav,27,brushing teeth,27,brushing teeth,brushing teeth; hand saw; insects,0.9995943307876587
Logistic Regression,1,1-59102-A-13.wav,13,crickets,13,crickets,crickets; breathing; insects,0.9998713731765747
Logistic Regression,1,1-59324-A-21.wav,21,sneezing,21,sneezing,sneezing; drinking sipping; vacuum cleaner,0.999859094619751
Logistic Regression,1,1-59513-A-0.wav,0,dog,0,dog,dog; coughing; crickets,0.999165952205658
Logistic Regression,1,1-5996-A-6.wav,6,hen,6,hen,hen; rooster; engine,0.999163806438446
Logistic Regression,1,1-60460-A-36.wav,36,vacuum cleaner,36,vacuum cleaner,vacuum cleaner; washing machine; chainsaw,0.9998604655265808
Logistic Regression,1,1-60676-A-34.wav,34,can opening,34,can opening,can opening; car horn; crackling fire,0.9994039535522461
Logistic Regression,1,1-60997-A-20.wav,20,crying baby,20,crying baby,crying baby; cat; helicopter,0.9998794794082642
Logistic Regression,1,1-60997-B-20.wav,20,crying baby,20,crying baby,crying baby; cat; keyboard typing,0.9999244809150696
Logistic Regression,1,1-61212-A-32.wav,32,keyboard typing,32,keyboard typing,keyboard typing; mouse click; clock tick,0.9706787467002869
Logistic Regression,1,1-61221-A-17.wav,17,pouring water,17,pouring water,pouring water; drinking sipping; water drops,0.9257022738456726
Logistic Regression,1,1-61252-A-11.wav,11,sea waves,11,sea waves,sea waves; wind; chainsaw,0.9999455213546753
Logistic Regression,1,1-61261-A-44.wav,44,engine,44,engine,engine; airplane; washing machine,0.9989697337150574
Logistic Regression,1,1-61534-A-27.wav,27,brushing teeth,27,brushing teeth,brushing teeth; drinking sipping; sheep,0.9740723967552185
Logistic Regression,1,1-62509-A-45.wav,45,train,45,train,train; footsteps; wind,0.9995559453964233
Logistic Regression,1,1-62565-A-44.wav,44,engine,44,engine,engine; washing machine; helicopter,0.9761026501655579
Logistic Regression,1,1-62594-A-32.wav,32,keyboard typing,32,keyboard typing,keyboard typing; mouse click; drinking sipping,0.9925372004508972
Logistic Regression,1,1-62849-A-38.wav,38,clock tick,38,clock tick,clock tick; mouse click; water drops,0.9987837076187134
Logistic Regression,1,1-62850-A-38.wav,38,clock tick,38,clock tick,clock tick; water drops; mouse click,0.9989344477653503
Logistic Regression,1,1-63679-A-24.wav,24,coughing,24,coughing,coughing; laughing; footsteps,0.9942858815193176
Logistic Regression,1,1-63871-A-10.wav,10,rain,10,rain,rain; thunderstorm; crackling fire,0.999902069568634
Logistic Regression,1,1-64398-A-41.wav,41,chainsaw,41,chainsaw,chainsaw; engine; hand saw,0.9986848831176758
Logistic Regression,1,1-64398-B-41.wav,41,chainsaw,41,chainsaw,chainsaw; vacuum cleaner; hand saw,0.9941683411598206
Logistic Regression,1,1-64473-A-45.wav,45,train,45,train,train; washing machine; church bells,0.9906852841377258
Logistic Regression,1,1-65483-A-13.wav,13,crickets,13,crickets,crickets; insects; frog,0.9994992017745972
Logistic Regression,1,1-67033-A-37.wav,37,clock alarm,37,clock alarm,clock alarm; clock tick; mouse click,0.9997032284736633
Logistic Regression,1,1-67152-A-17.wav,17,pouring water,17,pouring water,pouring water; water drops; rain,0.9996835589408875
Logistic Regression,1,1-67230-A-29.wav,29,drinking sipping,29,drinking sipping,drinking sipping; snoring; pouring water,0.884723424911499
Logistic Regression,1,1-67432-A-27.wav,27,brushing teeth,27,brushing teeth,brushing teeth; insects; hand saw,0.9988418221473694
Logistic Regression,1,1-68628-A-27.wav,27,brushing teeth,27,brushing teeth,brushing teeth; drinking sipping; pig,0.969796895980835
Logistic Regression,1,1-68670-A-34.wav,34,can opening,34,can opening,can opening; water drops; crackling fire,0.9983748197555542
Logistic Regression,1,1-68734-A-34.wav,34,can opening,34,can opening,can opening; crackling fire; water drops,0.9987649917602539
Logistic Regression,1,1-69165-A-34.wav,34,can opening,34,can opening,can opening; drinking sipping; glass breaking,0.9999447464942932
Logistic Regression,1,1-69422-A-3.wav,3,cow,3,cow,cow; frog; sheep,0.9932054877281189
Logistic Regression,1,1-69641-A-3.wav,3,cow,3,cow,cow; breathing; pig,0.9982035160064697
Logistic Regression,1,1-69760-A-16.wav,16,wind,11,sea waves,sea waves; wind; rain,0.9967520833015442
Logistic Regression,1,1-70300-A-45.wav,45,train,45,train,train; footsteps; hand saw,0.9972552061080933
Logistic Regression,1,1-7057-A-12.wav,12,crackling fire,12,crackling fire,crackling fire; mouse click; fireworks,0.999835193157196
Logistic Regression,1,1-71030-A-6.wav,6,hen,6,hen,hen; engine; pig,0.9907897114753723
Logistic Regression,1,1-72195-A-37.wav,37,clock alarm,37,clock alarm,clock alarm; mouse click; chirping birds,0.9995356798171997
Logistic Regression,1,1-72195-B-37.wav,37,clock alarm,37,clock alarm,clock alarm; clock tick; chirping birds,0.9998716115951538
Logistic Regression,1,1-72229-A-6.wav,6,hen,6,hen,hen; chirping birds; pig,0.9993183016777039
Logistic Regression,1,1-72229-B-6.wav,6,hen,6,hen,hen; engine; chirping birds,0.9963958859443665
Logistic Regression,1,1-72695-A-26.wav,26,laughing,26,laughing,laughing; sneezing; frog,0.9991652369499207
Logistic Regression,1,1-73123-A-26.wav,26,laughing,26,laughing,laughing; can opening; vacuum cleaner,0.9999521970748901
Logistic Regression,1,1-73585-A-7.wav,7,insects,7,insects,insects; chirping birds; crickets,0.974234938621521
Logistic Regression,1,1-74517-A-37.wav,37,clock alarm,37,clock alarm,clock alarm; clock tick; washing machine,0.9994431734085083
Logistic Regression,1,1-7456-A-13.wav,13,crickets,13,crickets,crickets; helicopter; washing machine,0.997886061668396
Logistic Regression,1,1-75162-A-9.wav,9,crow,9,crow,crow; sheep; rooster,0.9990403652191162
Logistic Regression,1,1-75189-A-7.wav,7,insects,7,insects,insects; toilet flush; airplane,0.9998147487640381
Logistic Regression,1,1-75190-A-8.wav,8,sheep,8,sheep,sheep; cow; cat,0.9995089769363403
Logistic Regression,1,1-76831-A-42.wav,42,siren,42,siren,siren; helicopter; chainsaw,0.9998567700386047
Logistic Regression,1,1-76831-B-42.wav,42,siren,42,siren,siren; clock alarm; car horn,0.9985604286193848
Logistic Regression,1,1-76831-C-42.wav,42,siren,42,siren,siren; clock alarm; car horn,0.9990969300270081
Logistic Regression,1,1-76831-D-42.wav,42,siren,42,siren,siren; chainsaw; keyboard typing,0.9997928142547607
Logistic Regression,1,1-76831-E-42.wav,42,siren,42,siren,siren; car horn; clock alarm,0.9995918273925781
Logistic Regression,1,1-77160-A-3.wav,3,cow,3,cow,cow; sheep; chainsaw,0.9995743036270142
Logistic Regression,1,1-77241-A-3.wav,3,cow,3,cow,cow; rooster; chainsaw,0.9995673894882202
Logistic Regression,1,1-79113-A-5.wav,5,cat,5,cat,cat; crying baby; rooster,0.9914934635162354
Logistic Regression,1,1-79146-A-29.wav,29,drinking sipping,29,drinking sipping,drinking sipping; water drops; engine,0.9998346567153931
Logistic Regression,1,1-79220-A-17.wav,17,pouring water,17,pouring water,pouring water; water drops; brushing teeth,0.690246045589447
Logistic Regression,1,1-79236-A-36.wav,36,vacuum cleaner,36,vacuum cleaner,vacuum cleaner; chainsaw; sneezing,0.9999176859855652
Logistic Regression,1,1-79711-A-32.wav,32,keyboard typing,32,keyboard typing,keyboard typing; mouse click; brushing teeth,0.9995262622833252
Logistic Regression,1,1-7973-A-7.wav,7,insects,7,insects,insects; door wood knock; toilet flush,0.9997574090957642
Logistic Regression,1,1-7974-A-49.wav,49,hand saw,49,hand saw,hand saw; chainsaw; door wood creaks,0.9984270930290222
Logistic Regression,1,1-7974-B-49.wav,49,hand saw,49,hand saw,hand saw; door wood knock; chainsaw,0.9991878271102905
Logistic Regression,1,1-80785-A-7.wav,7,insects,7,insects,insects; car horn; door wood creaks,0.9968367218971252
Logistic Regression,1,1-80840-A-13.wav,13,crickets,13,crickets,crickets; insects; cow,0.9763032793998718
Logistic Regression,1,1-80841-A-13.wav,13,crickets,13,crickets,crickets; insects; chirping birds,0.9997429847717285
Logistic Regression,1,1-81001-A-30.wav,30,door wood knock,30,door wood knock,door wood knock; footsteps; hand saw,0.9994296431541443
Logistic Regression,1,1-81001-B-30.wav,30,door wood knock,30,door wood knock,door wood knock; footsteps; door wood creaks,0.997582197189331
Logistic Regression,1,1-81269-A-3.wav,3,cow,3,cow,cow; siren; chainsaw,0.9984520673751831
Logistic Regression,1,1-81851-A-31.wav,31,mouse click,31,mouse click,mouse click; keyboard typing; clock tick,0.9990183115005493
Logistic Regression,1,1-81883-A-21.wav,21,sneezing,21,sneezing,sneezing; breathing; footsteps,0.999884307384491
Logistic Regression,1,1-82817-A-30.wav,30,door wood knock,30,door wood knock,door wood knock; door wood creaks; mouse click,0.9975030422210693
Logistic Regression,1,1-84393-A-32.wav,32,keyboard typing,32,keyboard typing,keyboard typing; door wood knock; mouse click,0.9437307715415955
Logistic Regression,1,1-84536-A-39.wav,39,glass breaking,39,glass breaking,glass breaking; drinking sipping; vacuum cleaner,0.99781733751297
Logistic Regression,1,1-84704-A-39.wav,39,glass breaking,39,glass breaking,glass breaking; drinking sipping; water drops,0.9996946454048157
Logistic Regression,1,1-84705-A-39.wav,39,glass breaking,39,glass breaking,glass breaking; can opening; vacuum cleaner,0.9977046847343445
Logistic Regression,1,1-85123-A-31.wav,31,mouse click,31,mouse click,mouse click; wind; water drops,0.8811729550361633
Logistic Regression,1,1-85168-A-39.wav,39,glass breaking,39,glass breaking,glass breaking; vacuum cleaner; drinking sipping,0.9996517896652222
Logistic Regression,1,1-85184-A-39.wav,39,glass breaking,39,glass breaking,glass breaking; drinking sipping; can opening,0.9996219873428345
Logistic Regression,1,1-85362-A-0.wav,0,dog,0,dog,dog; clock alarm; clapping,0.999625027179718
Logistic Regression,1,1-85909-A-29.wav,29,drinking sipping,29,drinking sipping,drinking sipping; footsteps; water drops,0.9999704360961914
Logistic Regression,1,1-87565-A-29.wav,29,drinking sipping,29,drinking sipping,drinking sipping; water drops; frog,0.9994498491287231
Logistic Regression,1,1-88409-A-45.wav,45,train,45,train,train; rain; laughing,0.9991735219955444
Logistic Regression,1,1-88409-B-45.wav,45,train,45,train,train; washing machine; airplane,0.999652087688446
Logistic Regression,1,1-88574-A-8.wav,8,sheep,8,sheep,sheep; cat; crow,0.9978663921356201
Logistic Regression,1,1-88807-A-39.wav,39,glass breaking,39,glass breaking,glass breaking; drinking sipping; wind,0.9940891861915588
Logistic Regression,1,1-90797-A-15.wav,15,water drops,15,water drops,water drops; pouring water; glass breaking,0.999578595161438
Logistic Regression,1,1-91359-A-11.wav,11,sea waves,11,sea waves,sea waves; chainsaw; wind,0.9999496340751648
Logistic Regression,1,1-91359-B-11.wav,11,sea waves,11,sea waves,sea waves; helicopter; rain,0.9931238293647766
Logistic Regression,1,1-94036-A-22.wav,22,clapping,22,clapping,clapping; laughing; rain,0.9996647238731384
Logistic Regression,1,1-94231-A-32.wav,32,keyboard typing,32,keyboard typing,keyboard typing; mouse click; door wood creaks,0.6347423195838928
Logistic Regression,1,1-94231-B-32.wav,32,keyboard typing,32,keyboard typing,keyboard typing; mouse click; clock tick,0.9675315022468567
Logistic Regression,1,1-95563-A-31.wav,31,mouse click,31,mouse click,mouse click; keyboard typing; helicopter,0.9997358322143555
Logistic Regression,1,1-96890-A-37.wav,37,clock alarm,37,clock alarm,clock alarm; clock tick; crying baby,0.9994862079620361
Logistic Regression,1,1-96950-A-9.wav,9,crow,9,crow,crow; sheep; frog,0.9985834360122681
Logistic Regression,1,1-96950-B-9.wav,9,crow,9,crow,crow; frog; sheep,0.9995233416557312
Logistic Regression,1,1-97392-A-0.wav,0,dog,0,dog,dog; clock alarm; coughing,0.9998688697814941
Logistic Regression,1,1-977-A-39.wav,39,glass breaking,39,glass breaking,glass breaking; crackling fire; vacuum cleaner,0.9991902709007263
Logistic Regression,1,1-97793-A-31.wav,31,mouse click,31,mouse click,mouse click; can opening; crackling fire,0.9974272847175598
Logistic Regression,1,1-9841-A-13.wav,13,crickets,13,crickets,crickets; wind; crackling fire,0.9998928308486938
Logistic Regression,1,1-9886-A-49.wav,49,hand saw,49,hand saw,hand saw; chainsaw; door wood creaks,0.9115613102912903
Logistic Regression,1,1-9887-A-49.wav,49,hand saw,49,hand saw,hand saw; door wood creaks; pig,0.9908090233802795
Logistic Regression,1,1-9887-B-49.wav,49,hand saw,49,hand saw,hand saw; engine; chainsaw,0.9993250966072083
Logistic Regression,1,1-99958-A-31.wav,31,mouse click,31,mouse click,mouse click; keyboard typing; clock tick,0.9987953305244446
Zero-Shot CLAP,2,2-100648-A-43.wav,43,car horn,43,car horn,car horn; pouring water; engine,0.3312922716140747
Zero-Shot CLAP,2,2-100786-A-1.wav,1,rooster,1,rooster,rooster; hen; cow,0.4313814043998718
Zero-Shot CLAP,2,2-101676-A-10.wav,10,rain,15,water drops,water drops; pouring water; rain,0.469788134098053
Zero-Shot CLAP,2,2-102414-A-17.wav,17,pouring water,17,pouring water,pouring water; drinking sipping; water drops,0.35937243700027466
Zero-Shot CLAP,2,2-102414-B-17.wav,17,pouring water,17,pouring water,pouring water; water drops; drinking sipping,0.4702140688896179
Zero-Shot CLAP,2,2-102414-C-17.wav,17,pouring water,17,pouring water,pouring water; water drops; drinking sipping,0.393130898475647
Zero-Shot CLAP,2,2-102414-D-17.wav,17,pouring water,17,pouring water,pouring water; water drops; drinking sipping,0.3947924077510834
Zero-Shot CLAP,2,2-102414-E-17.wav,17,pouring water,17,pouring water,pouring water; water drops; drinking sipping,0.41512399911880493
Zero-Shot CLAP,2,2-102414-F-17.wav,17,pouring water,17,pouring water,pouring water; water drops; brushing teeth,0.429266095161438
Zero-Shot CLAP,2,2-102414-G-17.wav,17,pouring water,17,pouring water,pouring water; water drops; drinking sipping,0.5204257369041443
Zero-Shot CLAP,2,2-102435-A-37.wav,37,clock alarm,37,clock alarm,clock alarm; rooster; frog,0.4428105056285858
Zero-Shot CLAP,2,2-102567-A-35.wav,35,washing machine,40,helicopter,helicopter; airplane; engine,0.4275830388069153
Zero-Shot CLAP,2,2-102567-B-35.wav,35,washing machine,35,washing machine,washing machine; engine; helicopter,0.31497257947921753
Zero-Shot CLAP,2,2-102567-C-35.wav,35,washing machine,47,airplane,airplane; helicopter; engine,0.38440218567848206
Zero-Shot CLAP,2,2-102567-D-35.wav,35,washing machine,47,airplane,airplane; helicopter; engine,0.4146217703819275
Zero-Shot CLAP,2,2-102568-A-35.wav,35,washing machine,35,washing machine,washing machine; engine; water drops,0.44459813833236694
Zero-Shot CLAP,2,2-102581-A-29.wav,29,drinking sipping,4,frog,frog; water drops; coughing,0.5613254308700562
Zero-Shot CLAP,2,2-102581-B-29.wav,29,drinking sipping,4,frog,frog; cat; water drops,0.46848270297050476
Zero-Shot CLAP,2,2-102852-A-11.wav,11,sea waves,11,sea waves,sea waves; water drops; pouring water,0.37977761030197144
Zero-Shot CLAP,2,2-103423-A-3.wav,3,cow,3,cow,cow; rooster; sheep,0.5005770325660706
Zero-Shot CLAP,2,2-103424-A-3.wav,3,cow,3,cow,cow; rooster; sheep,0.519460916519165
Zero-Shot CLAP,2,2-103426-A-3.wav,3,cow,3,cow,cow; frog; rooster,0.5221520662307739
Zero-Shot CLAP,2,2-103427-A-3.wav,3,cow,3,cow,cow; rooster; snoring,0.5322145223617554
Zero-Shot CLAP,2,2-103428-A-3.wav,3,cow,3,cow,cow; rooster; snoring,0.5390025973320007
Zero-Shot CLAP,2,2-104105-A-19.wav,19,thunderstorm,19,thunderstorm,thunderstorm; rain; crow,0.48538196086883545
Zero-Shot CLAP,2,2-104105-B-19.wav,19,thunderstorm,19,thunderstorm,thunderstorm; rain; crow,0.5593591928482056
Zero-Shot CLAP,2,2-104168-A-32.wav,32,keyboard typing,32,keyboard typing,keyboard typing; mouse click; clapping,0.4864928126335144
Zero-Shot CLAP,2,2-104475-A-37.wav,37,clock alarm,37,clock alarm,clock alarm; crickets; car horn,0.534031867980957
Zero-Shot CLAP,2,2-104476-A-37.wav,37,clock alarm,37,clock alarm,clock alarm; crickets; frog,0.5310249328613281
Zero-Shot CLAP,2,2-104877-A-3.wav,3,cow,3,cow,cow; rooster; pig,0.3903164267539978
Zero-Shot CLAP,2,2-104952-A-16.wav,16,wind,19,thunderstorm,thunderstorm; rain; wind,0.3733583688735962
Zero-Shot CLAP,2,2-104952-B-16.wav,16,wind,16,wind,wind; sea waves; rain,0.26997849345207214
Zero-Shot CLAP,2,2-105270-A-47.wav,47,airplane,47,airplane,airplane; helicopter; engine,0.38144630193710327
Zero-Shot CLAP,2,2-106014-A-44.wav,44,engine,47,airplane,airplane; engine; vacuum cleaner,0.2722092866897583
Zero-Shot CLAP,2,2-106015-A-44.wav,44,engine,44,engine,engine; hen; rooster,0.19798174500465393
Zero-Shot CLAP,2,2-106015-B-44.wav,44,engine,44,engine,engine; hen; car horn,0.19676822423934937
Zero-Shot CLAP,2,2-106019-A-13.wav,13,crickets,13,crickets,crickets; insects; frog,0.5565897226333618
Zero-Shot CLAP,2,2-106072-A-36.wav,36,vacuum cleaner,36,vacuum cleaner,vacuum cleaner; airplane; engine,0.3673297166824341
Zero-Shot CLAP,2,2-106073-A-36.wav,36,vacuum cleaner,36,vacuum cleaner,vacuum cleaner; airplane; engine,0.45812898874282837
Zero-Shot CLAP,2,2-106486-A-44.wav,44,engine,44,engine,engine; hen; washing machine,0.3095751404762268
Zero-Shot CLAP,2,2-106487-A-44.wav,44,engine,44,engine,engine; hen; airplane,0.29725438356399536
Zero-Shot CLAP,2,2-106849-A-47.wav,47,airplane,47,airplane,airplane; helicopter; engine,0.3983722925186157
Zero-Shot CLAP,2,2-106881-A-39.wav,39,glass breaking,39,glass breaking,glass breaking; can opening; crackling fire,0.41453737020492554
Zero-Shot CLAP,2,2-107228-A-44.wav,44,engine,44,engine,engine; helicopter; hen,0.30211013555526733
Zero-Shot CLAP,2,2-107228-B-44.wav,44,engine,44,engine,engine; hen; rooster,0.32197460532188416
Zero-Shot CLAP,2,2-107351-A-20.wav,20,crying baby,20,crying baby,crying baby; hen; clock alarm,0.5304583311080933
Zero-Shot CLAP,2,2-107351-B-20.wav,20,crying baby,20,crying baby,crying baby; laughing; hen,0.38641971349716187
Zero-Shot CLAP,2,2-108017-A-24.wav,24,coughing,24,coughing,coughing; cat; rooster,0.3531052768230438
Zero-Shot CLAP,2,2-108760-A-14.wav,14,chirping birds,14,chirping birds,chirping birds; crow; hen,0.3421565294265747
Zero-Shot CLAP,2,2-108760-B-14.wav,14,chirping birds,14,chirping birds,chirping birds; crow; hen,0.36864978075027466
Zero-Shot CLAP,2,2-108761-A-14.wav,14,chirping birds,14,chirping birds,chirping birds; crow; hen,0.36224663257598877
Zero-Shot CLAP,2,2-108763-A-9.wav,9,crow,9,crow,crow; cat; car horn,0.4780416190624237
Zero-Shot CLAP,2,2-108766-A-9.wav,9,crow,9,crow,crow; car horn; hen,0.4475395977497101
Zero-Shot CLAP,2,2-108767-A-9.wav,9,crow,9,crow,crow; rooster; cat,0.5090970396995544
Zero-Shot CLAP,2,2-108767-B-9.wav,9,crow,9,crow,crow; cat; hen,0.5258679389953613
Zero-Shot CLAP,2,2-108767-C-9.wav,9,crow,9,crow,crow; rooster; hen,0.498635470867157
Zero-Shot CLAP,2,2-109231-A-9.wav,9,crow,9,crow,crow; chirping birds; rooster,0.3626890778541565
Zero-Shot CLAP,2,2-109231-B-9.wav,9,crow,9,crow,crow; rooster; chirping birds,0.3323461711406708
Zero-Shot CLAP,2,2-109231-C-9.wav,9,crow,9,crow,crow; rooster; car horn,0.41994965076446533
Zero-Shot CLAP,2,2-109316-A-32.wav,32,keyboard typing,31,mouse click,mouse click; keyboard typing; door wood knock,0.3459310531616211
Zero-Shot CLAP,2,2-109371-A-16.wav,16,wind,16,wind,wind; airplane; train,0.23325175046920776
Zero-Shot CLAP,2,2-109371-B-16.wav,16,wind,16,wind,wind; train; airplane,0.24927844107151031
Zero-Shot CLAP,2,2-109371-C-16.wav,16,wind,19,thunderstorm,thunderstorm; car horn; airplane,0.21084503829479218
Zero-Shot CLAP,2,2-109371-D-16.wav,16,wind,47,airplane,airplane; wind; thunderstorm,0.33313941955566406
Zero-Shot CLAP,2,2-109374-A-16.wav,16,wind,38,clock tick,clock tick; clock alarm; water drops,0.2895292043685913
Zero-Shot CLAP,2,2-109505-A-21.wav,21,sneezing,21,sneezing,sneezing; coughing; crow,0.5115461349487305
Zero-Shot CLAP,2,2-109759-A-26.wav,26,laughing,24,coughing,coughing; sneezing; laughing,0.40522152185440063
Zero-Shot CLAP,2,2-109759-B-26.wav,26,laughing,26,laughing,laughing; coughing; sneezing,0.46251747012138367
Zero-Shot CLAP,2,2-110010-A-5.wav,5,cat,5,cat,cat; crow; door wood creaks,0.593599259853363
Zero-Shot CLAP,2,2-110011-A-5.wav,5,cat,5,cat,cat; crow; crying baby,0.6102361083030701
Zero-Shot CLAP,2,2-110417-A-28.wav,28,snoring,28,snoring,snoring; rooster; pig,0.41529786586761475
Zero-Shot CLAP,2,2-110417-B-28.wav,28,snoring,28,snoring,snoring; rooster; pig,0.4552403688430786
Zero-Shot CLAP,2,2-110613-A-13.wav,13,crickets,13,crickets,crickets; insects; frog,0.5787615776062012
Zero-Shot CLAP,2,2-110614-A-8.wav,8,sheep,8,sheep,sheep; cow; rooster,0.5976901054382324
Zero-Shot CLAP,2,2-110614-B-8.wav,8,sheep,8,sheep,sheep; cow; crow,0.626868724822998
Zero-Shot CLAP,2,2-112213-A-39.wav,39,glass breaking,39,glass breaking,glass breaking; can opening; cat,0.45436856150627136
Zero-Shot CLAP,2,2-112213-B-39.wav,39,glass breaking,39,glass breaking,glass breaking; clapping; can opening,0.422199010848999
Zero-Shot CLAP,2,2-114254-A-30.wav,30,door wood knock,30,door wood knock,door wood knock; mouse click; crow,0.47111374139785767
Zero-Shot CLAP,2,2-114280-A-0.wav,0,dog,0,dog,dog; rooster; hen,0.2800520658493042
Zero-Shot CLAP,2,2-114587-A-0.wav,0,dog,0,dog,dog; hen; brushing teeth,0.26993197202682495
Zero-Shot CLAP,2,2-114609-A-28.wav,28,snoring,28,snoring,snoring; breathing; rooster,0.2869226336479187
Zero-Shot CLAP,2,2-114609-B-28.wav,28,snoring,28,snoring,snoring; breathing; rooster,0.3487306237220764
Zero-Shot CLAP,2,2-116400-A-0.wav,0,dog,0,dog,dog; rooster; clapping,0.17071205377578735
Zero-Shot CLAP,2,2-117116-A-37.wav,37,clock alarm,37,clock alarm,clock alarm; crickets; clock tick,0.4774527847766876
Zero-Shot CLAP,2,2-117271-A-0.wav,0,dog,0,dog,dog; hen; clapping,0.3225651979446411
Zero-Shot CLAP,2,2-117330-A-28.wav,28,snoring,28,snoring,snoring; breathing; rooster,0.42748668789863586
Zero-Shot CLAP,2,2-117615-A-48.wav,48,fireworks,48,fireworks,fireworks; clapping; clock alarm,0.3359096646308899
Zero-Shot CLAP,2,2-117615-B-48.wav,48,fireworks,48,fireworks,fireworks; clapping; door wood knock,0.3813377022743225
Zero-Shot CLAP,2,2-117615-C-48.wav,48,fireworks,48,fireworks,fireworks; clapping; crow,0.4947282373905182
Zero-Shot CLAP,2,2-117615-D-48.wav,48,fireworks,48,fireworks,fireworks; door wood knock; glass breaking,0.41757285594940186
Zero-Shot CLAP,2,2-117615-E-48.wav,48,fireworks,48,fireworks,fireworks; can opening; crackling fire,0.39472872018814087
Zero-Shot CLAP,2,2-117616-A-48.wav,48,fireworks,48,fireworks,fireworks; clapping; glass breaking,0.5299739837646484
Zero-Shot CLAP,2,2-117617-A-48.wav,48,fireworks,48,fireworks,fireworks; clapping; glass breaking,0.4959394335746765
Zero-Shot CLAP,2,2-117625-A-10.wav,10,rain,10,rain,rain; water drops; wind,0.40065133571624756
Zero-Shot CLAP,2,2-117795-A-3.wav,3,cow,3,cow,cow; rooster; sheep,0.40841144323349
Zero-Shot CLAP,2,2-117795-B-3.wav,3,cow,3,cow,cow; rooster; sheep,0.45888012647628784
Zero-Shot CLAP,2,2-118072-A-0.wav,0,dog,9,crow,crow; dog; rooster,0.3739004135131836
Zero-Shot CLAP,2,2-118104-A-21.wav,21,sneezing,21,sneezing,sneezing; vacuum cleaner; coughing,0.5900411009788513
Zero-Shot CLAP,2,2-118459-A-32.wav,32,keyboard typing,32,keyboard typing,keyboard typing; mouse click; cat,0.3433370590209961
Zero-Shot CLAP,2,2-118459-B-32.wav,32,keyboard typing,32,keyboard typing,keyboard typing; mouse click; cat,0.36786577105522156
Zero-Shot CLAP,2,2-118624-A-30.wav,30,door wood knock,30,door wood knock,door wood knock; door wood creaks; cow,0.5796841382980347
Zero-Shot CLAP,2,2-118625-A-30.wav,30,door wood knock,30,door wood knock,door wood knock; door wood creaks; footsteps,0.5759232044219971
Zero-Shot CLAP,2,2-118817-A-32.wav,32,keyboard typing,31,mouse click,mouse click; keyboard typing; water drops,0.2731736898422241
Zero-Shot CLAP,2,2-118964-A-0.wav,0,dog,0,dog,dog; crow; cat,0.40222644805908203
Zero-Shot CLAP,2,2-119102-A-21.wav,21,sneezing,21,sneezing,sneezing; cat; coughing,0.5952061414718628
Zero-Shot CLAP,2,2-119139-A-31.wav,31,mouse click,31,mouse click,mouse click; frog; can opening,0.3074248433113098
Zero-Shot CLAP,2,2-119161-A-8.wav,8,sheep,8,sheep,sheep; cow; cat,0.5458568930625916
Zero-Shot CLAP,2,2-119161-B-8.wav,8,sheep,8,sheep,sheep; cow; cat,0.44454702734947205
Zero-Shot CLAP,2,2-119161-C-8.wav,8,sheep,8,sheep,sheep; cow; rooster,0.46963217854499817
Zero-Shot CLAP,2,2-119748-A-38.wav,38,clock tick,38,clock tick,clock tick; water drops; clock alarm,0.5479022264480591
Zero-Shot CLAP,2,2-120218-A-30.wav,30,door wood knock,30,door wood knock,door wood knock; door wood creaks; rooster,0.45067036151885986
Zero-Shot CLAP,2,2-120218-B-30.wav,30,door wood knock,30,door wood knock,door wood knock; door wood creaks; rooster,0.4801464080810547
Zero-Shot CLAP,2,2-120333-A-32.wav,32,keyboard typing,31,mouse click,mouse click; keyboard typing; clapping,0.3820389211177826
Zero-Shot CLAP,2,2-120586-A-6.wav,6,hen,6,hen,hen; rooster; clapping,0.5289241075515747
Zero-Shot CLAP,2,2-120587-A-6.wav,6,hen,6,hen,hen; rooster; laughing,0.5845702290534973
Zero-Shot CLAP,2,2-121909-A-35.wav,35,washing machine,35,washing machine,washing machine; engine; door wood knock,0.4534570574760437
Zero-Shot CLAP,2,2-121978-A-29.wav,29,drinking sipping,29,drinking sipping,drinking sipping; cat; pouring water,0.4260098338127136
Zero-Shot CLAP,2,2-122066-A-45.wav,45,train,45,train,train; engine; clock alarm,0.3782755732536316
Zero-Shot CLAP,2,2-122066-B-45.wav,45,train,45,train,train; engine; clock alarm,0.3508042097091675
Zero-Shot CLAP,2,2-122067-A-45.wav,45,train,45,train,train; clock alarm; glass breaking,0.3476741909980774
Zero-Shot CLAP,2,2-122067-B-45.wav,45,train,45,train,train; clock alarm; footsteps,0.3702711760997772
Zero-Shot CLAP,2,2-122104-A-0.wav,0,dog,0,dog,dog; crow; car horn,0.20347052812576294
Zero-Shot CLAP,2,2-122104-B-0.wav,0,dog,9,crow,crow; dog; clapping,0.23770776391029358
Zero-Shot CLAP,2,2-122616-A-14.wav,14,chirping birds,14,chirping birds,chirping birds; hen; water drops,0.5091397166252136
Zero-Shot CLAP,2,2-122763-A-29.wav,29,drinking sipping,29,drinking sipping,drinking sipping; frog; pig,0.3185586631298065
Zero-Shot CLAP,2,2-122763-B-29.wav,29,drinking sipping,29,drinking sipping,drinking sipping; coughing; pig,0.39455145597457886
Zero-Shot CLAP,2,2-122820-A-36.wav,36,vacuum cleaner,36,vacuum cleaner,vacuum cleaner; cat; brushing teeth,0.5372949242591858
Zero-Shot CLAP,2,2-122820-B-36.wav,36,vacuum cleaner,36,vacuum cleaner,vacuum cleaner; brushing teeth; cat,0.5509785413742065
Zero-Shot CLAP,2,2-123712-A-33.wav,33,door wood creaks,33,door wood creaks,door wood creaks; frog; hen,0.4432212710380554
Zero-Shot CLAP,2,2-123896-A-24.wav,24,coughing,24,coughing,coughing; laughing; rooster,0.46276092529296875
Zero-Shot CLAP,2,2-124564-A-15.wav,15,water drops,29,drinking sipping,drinking sipping; pig; water drops,0.3927556574344635
Zero-Shot CLAP,2,2-124662-A-11.wav,11,sea waves,11,sea waves,sea waves; pouring water; train,0.49018731713294983
Zero-Shot CLAP,2,2-125520-A-43.wav,43,car horn,43,car horn,car horn; cat; crow,0.41755813360214233
Zero-Shot CLAP,2,2-125821-A-13.wav,13,crickets,13,crickets,crickets; insects; frog,0.4876934885978699
Zero-Shot CLAP,2,2-125875-A-13.wav,13,crickets,13,crickets,crickets; insects; frog,0.484882652759552
Zero-Shot CLAP,2,2-125966-A-11.wav,11,sea waves,11,sea waves,sea waves; water drops; cat,0.3390026092529297
Zero-Shot CLAP,2,2-126433-A-17.wav,17,pouring water,15,water drops,water drops; pouring water; drinking sipping,0.4362844228744507
Zero-Shot CLAP,2,2-126756-A-29.wav,29,drinking sipping,24,coughing,coughing; sneezing; drinking sipping,0.31316226720809937
Zero-Shot CLAP,2,2-127108-A-38.wav,38,clock tick,38,clock tick,clock tick; mouse click; clock alarm,0.5226149559020996
Zero-Shot CLAP,2,2-127109-A-6.wav,6,hen,6,hen,hen; rooster; cat,0.4850599467754364
Zero-Shot CLAP,2,2-128465-A-43.wav,43,car horn,43,car horn,car horn; siren; crow,0.23930510878562927
Zero-Shot CLAP,2,2-128465-B-43.wav,43,car horn,43,car horn,car horn; siren; crow,0.3275883197784424
Zero-Shot CLAP,2,2-128631-A-21.wav,21,sneezing,21,sneezing,sneezing; coughing; laughing,0.3948128819465637
Zero-Shot CLAP,2,2-130245-A-34.wav,34,can opening,34,can opening,can opening; frog; coughing,0.44542205333709717
Zero-Shot CLAP,2,2-130978-A-21.wav,21,sneezing,21,sneezing,sneezing; coughing; cat,0.6702792048454285
Zero-Shot CLAP,2,2-130979-A-21.wav,21,sneezing,21,sneezing,sneezing; coughing; cat,0.6702443361282349
Zero-Shot CLAP,2,2-131943-A-38.wav,38,clock tick,38,clock tick,clock tick; clock alarm; water drops,0.44058752059936523
Zero-Shot CLAP,2,2-132157-A-11.wav,11,sea waves,11,sea waves,sea waves; water drops; cat,0.43365678191185
Zero-Shot CLAP,2,2-132157-B-11.wav,11,sea waves,11,sea waves,sea waves; washing machine; water drops,0.48533087968826294
Zero-Shot CLAP,2,2-133863-A-11.wav,11,sea waves,11,sea waves,sea waves; pouring water; clapping,0.530570924282074
Zero-Shot CLAP,2,2-133889-A-30.wav,30,door wood knock,30,door wood knock,door wood knock; door wood creaks; footsteps,0.4754299521446228
Zero-Shot CLAP,2,2-134049-A-6.wav,6,hen,6,hen,hen; rooster; laughing,0.49911820888519287
Zero-Shot CLAP,2,2-134700-A-38.wav,38,clock tick,38,clock tick,clock tick; clock alarm; mouse click,0.4365119934082031
Zero-Shot CLAP,2,2-134915-A-30.wav,30,door wood knock,30,door wood knock,door wood knock; door wood creaks; footsteps,0.4383195638656616
Zero-Shot CLAP,2,2-135649-A-45.wav,45,train,45,train,train; footsteps; clock alarm,0.3839489221572876
Zero-Shot CLAP,2,2-135649-B-45.wav,45,train,45,train,train; wind; engine,0.3372674882411957
Zero-Shot CLAP,2,2-135649-C-45.wav,45,train,45,train,train; engine; thunderstorm,0.31769871711730957
Zero-Shot CLAP,2,2-135728-A-38.wav,38,clock tick,38,clock tick,clock tick; clock alarm; water drops,0.4702262580394745
Zero-Shot CLAP,2,2-135860-A-49.wav,49,hand saw,49,hand saw,hand saw; chainsaw; brushing teeth,0.5421806573867798
Zero-Shot CLAP,2,2-137162-A-11.wav,11,sea waves,11,sea waves,sea waves; rain; vacuum cleaner,0.5381296873092651
Zero-Shot CLAP,2,2-138257-A-31.wav,31,mouse click,31,mouse click,mouse click; frog; keyboard typing,0.4770277142524719
Zero-Shot CLAP,2,2-138465-A-43.wav,43,car horn,42,siren,siren; crackling fire; car horn,0.20005851984024048
Zero-Shot CLAP,2,2-139748-A-15.wav,15,water drops,38,clock tick,clock tick; water drops; door wood knock,0.39569610357284546
Zero-Shot CLAP,2,2-139748-B-15.wav,15,water drops,38,clock tick,clock tick; water drops; door wood knock,0.3869769871234894
Zero-Shot CLAP,2,2-139749-A-15.wav,15,water drops,15,water drops,water drops; drinking sipping; mouse click,0.24868662655353546
Zero-Shot CLAP,2,2-140147-A-38.wav,38,clock tick,38,clock tick,clock tick; clock alarm; water drops,0.6346429586410522
Zero-Shot CLAP,2,2-140841-A-30.wav,30,door wood knock,30,door wood knock,door wood knock; door wood creaks; crow,0.5448208451271057
Zero-Shot CLAP,2,2-141563-A-39.wav,39,glass breaking,39,glass breaking,glass breaking; can opening; clapping,0.5212809443473816
Zero-Shot CLAP,2,2-141584-A-38.wav,38,clock tick,38,clock tick,clock tick; mouse click; water drops,0.5316336750984192
Zero-Shot CLAP,2,2-141681-A-36.wav,36,vacuum cleaner,36,vacuum cleaner,vacuum cleaner; airplane; train,0.5105518102645874
Zero-Shot CLAP,2,2-141681-B-36.wav,36,vacuum cleaner,36,vacuum cleaner,vacuum cleaner; airplane; cat,0.5639967322349548
Zero-Shot CLAP,2,2-141682-A-36.wav,36,vacuum cleaner,36,vacuum cleaner,vacuum cleaner; brushing teeth; washing machine,0.5518887042999268
Zero-Shot CLAP,2,2-141682-B-36.wav,36,vacuum cleaner,36,vacuum cleaner,vacuum cleaner; washing machine; brushing teeth,0.4263812303543091
Zero-Shot CLAP,2,2-144031-A-34.wav,34,can opening,34,can opening,can opening; mouse click; brushing teeth,0.387420117855072
Zero-Shot CLAP,2,2-144137-A-43.wav,43,car horn,43,car horn,car horn; crow; clock alarm,0.5588342547416687
Zero-Shot CLAP,2,2-146877-A-31.wav,31,mouse click,31,mouse click,mouse click; keyboard typing; frog,0.4328649640083313
Zero-Shot CLAP,2,2-146877-B-31.wav,31,mouse click,31,mouse click,mouse click; keyboard typing; clock tick,0.4994337260723114
Zero-Shot CLAP,2,2-151079-A-20.wav,20,crying baby,20,crying baby,crying baby; cat; hen,0.4317407011985779
Zero-Shot CLAP,2,2-152895-A-31.wav,31,mouse click,22,clapping,clapping; clock tick; mouse click,0.39190298318862915
Zero-Shot CLAP,2,2-152964-A-31.wav,31,mouse click,31,mouse click,mouse click; keyboard typing; frog,0.4505906105041504
Zero-Shot CLAP,2,2-153388-A-31.wav,31,mouse click,33,door wood creaks,door wood creaks; mouse click; clock tick,0.36113399267196655
Zero-Shot CLAP,2,2-154688-A-31.wav,31,mouse click,31,mouse click,mouse click; frog; keyboard typing,0.4482995867729187
Zero-Shot CLAP,2,2-155801-A-11.wav,11,sea waves,11,sea waves,sea waves; rain; pouring water,0.4008759558200836
Zero-Shot CLAP,2,2-157488-A-6.wav,6,hen,6,hen,hen; chirping birds; rooster,0.40649980306625366
Zero-Shot CLAP,2,2-158746-A-2.wav,2,pig,2,pig,pig; rooster; hen,0.5019863843917847
Zero-Shot CLAP,2,2-158746-B-2.wav,2,pig,2,pig,pig; rooster; hen,0.5267441868782043
Zero-Shot CLAP,2,2-158746-C-2.wav,2,pig,2,pig,pig; rooster; cow,0.4848873019218445
Zero-Shot CLAP,2,2-158746-D-2.wav,2,pig,2,pig,pig; rooster; drinking sipping,0.5678644180297852
Zero-Shot CLAP,2,2-160128-A-7.wav,7,insects,13,crickets,crickets; insects; frog,0.3224492073059082
Zero-Shot CLAP,2,2-160888-A-47.wav,47,airplane,47,airplane,airplane; engine; thunderstorm,0.43564778566360474
Zero-Shot CLAP,2,2-165801-A-48.wav,48,fireworks,48,fireworks,fireworks; crying baby; crow,0.3008069694042206
Zero-Shot CLAP,2,2-166644-A-2.wav,2,pig,2,pig,pig; dog; rooster,0.5267622470855713
Zero-Shot CLAP,2,2-166644-B-2.wav,2,pig,2,pig,pig; dog; hen,0.5484035611152649
Zero-Shot CLAP,2,2-166644-C-2.wav,2,pig,2,pig,pig; rooster; dog,0.5951278209686279
Zero-Shot CLAP,2,2-173559-A-39.wav,39,glass breaking,39,glass breaking,glass breaking; can opening; cat,0.4048769474029541
Zero-Shot CLAP,2,2-173607-A-39.wav,39,glass breaking,39,glass breaking,glass breaking; can opening; cat,0.4747691750526428
Zero-Shot CLAP,2,2-173618-A-39.wav,39,glass breaking,39,glass breaking,glass breaking; can opening; clapping,0.40984487533569336
Zero-Shot CLAP,2,2-182508-A-8.wav,8,sheep,8,sheep,sheep; crow; cow,0.5244356393814087
Zero-Shot CLAP,2,2-182508-B-8.wav,8,sheep,9,crow,crow; sheep; cow,0.4071226119995117
Zero-Shot CLAP,2,2-184077-A-49.wav,49,hand saw,49,hand saw,hand saw; clock tick; hen,0.349894642829895
Zero-Shot CLAP,2,2-18766-A-12.wav,12,crackling fire,12,crackling fire,crackling fire; rain; water drops,0.42462801933288574
Zero-Shot CLAP,2,2-18766-B-12.wav,12,crackling fire,12,crackling fire,crackling fire; glass breaking; can opening,0.41832295060157776
Zero-Shot CLAP,2,2-188822-A-40.wav,40,helicopter,47,airplane,airplane; helicopter; train,0.14850574731826782
Zero-Shot CLAP,2,2-188822-B-40.wav,40,helicopter,40,helicopter,helicopter; airplane; siren,0.3322015702724457
Zero-Shot CLAP,2,2-188822-C-40.wav,40,helicopter,40,helicopter,helicopter; airplane; siren,0.47103428840637207
Zero-Shot CLAP,2,2-188822-D-40.wav,40,helicopter,40,helicopter,helicopter; airplane; wind,0.46826785802841187
Zero-Shot CLAP,2,2-196688-A-8.wav,8,sheep,8,sheep,sheep; cow; crow,0.5430031418800354
Zero-Shot CLAP,2,2-205966-A-16.wav,16,wind,47,airplane,airplane; wind; rain,0.31198132038116455
Zero-Shot CLAP,2,2-209471-A-25.wav,25,footsteps,25,footsteps,footsteps; door wood knock; door wood creaks,0.39016881585121155
Zero-Shot CLAP,2,2-209472-A-25.wav,25,footsteps,30,door wood knock,door wood knock; footsteps; door wood creaks,0.43509364128112793
Zero-Shot CLAP,2,2-209473-A-25.wav,25,footsteps,30,door wood knock,door wood knock; footsteps; door wood creaks,0.43478089570999146
Zero-Shot CLAP,2,2-209474-A-25.wav,25,footsteps,30,door wood knock,door wood knock; footsteps; door wood creaks,0.44880610704421997
Zero-Shot CLAP,2,2-209475-A-25.wav,25,footsteps,30,door wood knock,door wood knock; footsteps; door wood creaks,0.500244677066803
Zero-Shot CLAP,2,2-209476-A-25.wav,25,footsteps,25,footsteps,footsteps; door wood knock; door wood creaks,0.43191277980804443
Zero-Shot CLAP,2,2-209477-A-25.wav,25,footsteps,25,footsteps,footsteps; door wood knock; door wood creaks,0.3376987874507904
Zero-Shot CLAP,2,2-209478-A-25.wav,25,footsteps,25,footsteps,footsteps; door wood knock; door wood creaks,0.4090921878814697
Zero-Shot CLAP,2,2-250710-A-39.wav,39,glass breaking,39,glass breaking,glass breaking; can opening; cat,0.3935871124267578
Zero-Shot CLAP,2,2-25292-A-22.wav,22,clapping,22,clapping,clapping; glass breaking; brushing teeth,0.3817020058631897
Zero-Shot CLAP,2,2-25293-A-22.wav,22,clapping,22,clapping,clapping; mouse click; glass breaking,0.4485597312450409
Zero-Shot CLAP,2,2-262579-A-45.wav,45,train,45,train,train; footsteps; car horn,0.3492369055747986
Zero-Shot CLAP,2,2-28314-A-12.wav,12,crackling fire,12,crackling fire,crackling fire; glass breaking; water drops,0.4631803035736084
Zero-Shot CLAP,2,2-28314-B-12.wav,12,crackling fire,12,crackling fire,crackling fire; glass breaking; clapping,0.4313400983810425
Zero-Shot CLAP,2,2-30322-A-12.wav,12,crackling fire,12,crackling fire,crackling fire; glass breaking; water drops,0.47726064920425415
Zero-Shot CLAP,2,2-30322-B-12.wav,12,crackling fire,12,crackling fire,crackling fire; glass breaking; clapping,0.4573272168636322
Zero-Shot CLAP,2,2-32515-A-4.wav,4,frog,4,frog,frog; rooster; hen,0.4991999864578247
Zero-Shot CLAP,2,2-32515-B-4.wav,4,frog,4,frog,frog; crickets; insects,0.5795550346374512
Zero-Shot CLAP,2,2-32515-C-4.wav,4,frog,4,frog,frog; rooster; hen,0.5476276874542236
Zero-Shot CLAP,2,2-32515-D-4.wav,4,frog,4,frog,frog; rooster; hen,0.5065562725067139
Zero-Shot CLAP,2,2-32834-A-4.wav,4,frog,4,frog,frog; rooster; crickets,0.5471943020820618
Zero-Shot CLAP,2,2-37806-A-40.wav,40,helicopter,47,airplane,airplane; helicopter; engine,0.4815713167190552
Zero-Shot CLAP,2,2-37806-B-40.wav,40,helicopter,40,helicopter,helicopter; airplane; engine,0.49645882844924927
Zero-Shot CLAP,2,2-37806-C-40.wav,40,helicopter,47,airplane,airplane; helicopter; engine,0.49592292308807373
Zero-Shot CLAP,2,2-37806-D-40.wav,40,helicopter,40,helicopter,helicopter; airplane; wind,0.47938603162765503
Zero-Shot CLAP,2,2-37870-A-2.wav,2,pig,2,pig,pig; hen; water drops,0.5478365421295166
Zero-Shot CLAP,2,2-39441-A-19.wav,19,thunderstorm,19,thunderstorm,thunderstorm; rain; crow,0.47892338037490845
Zero-Shot CLAP,2,2-39443-A-19.wav,19,thunderstorm,19,thunderstorm,thunderstorm; crow; church bells,0.49465101957321167
Zero-Shot CLAP,2,2-39443-B-19.wav,19,thunderstorm,19,thunderstorm,thunderstorm; glass breaking; crow,0.4532032012939453
Zero-Shot CLAP,2,2-39945-A-19.wav,19,thunderstorm,19,thunderstorm,thunderstorm; glass breaking; crow,0.46505579352378845
Zero-Shot CLAP,2,2-39945-B-19.wav,19,thunderstorm,19,thunderstorm,thunderstorm; glass breaking; church bells,0.5107017755508423
Zero-Shot CLAP,2,2-39945-C-19.wav,19,thunderstorm,19,thunderstorm,thunderstorm; glass breaking; crow,0.5733275413513184
Zero-Shot CLAP,2,2-42101-A-43.wav,43,car horn,43,car horn,car horn; engine; crow,0.2948645353317261
Zero-Shot CLAP,2,2-43802-A-42.wav,42,siren,42,siren,siren; vacuum cleaner; chainsaw,0.38551968336105347
Zero-Shot CLAP,2,2-43806-A-42.wav,42,siren,42,siren,siren; cat; glass breaking,0.435663640499115
Zero-Shot CLAP,2,2-50665-A-20.wav,20,crying baby,5,cat,cat; crow; cow,0.4217459559440613
Zero-Shot CLAP,2,2-50666-A-20.wav,20,crying baby,20,crying baby,crying baby; cat; water drops,0.42527255415916443
Zero-Shot CLAP,2,2-50667-A-41.wav,41,chainsaw,41,chainsaw,chainsaw; hand saw; engine,0.6061439514160156
Zero-Shot CLAP,2,2-50667-B-41.wav,41,chainsaw,41,chainsaw,chainsaw; hand saw; vacuum cleaner,0.5428156852722168
Zero-Shot CLAP,2,2-50668-A-41.wav,41,chainsaw,41,chainsaw,chainsaw; hand saw; cow,0.5984864234924316
Zero-Shot CLAP,2,2-50668-B-41.wav,41,chainsaw,41,chainsaw,chainsaw; hand saw; vacuum cleaner,0.5483402609825134
Zero-Shot CLAP,2,2-50774-A-23.wav,23,breathing,23,breathing,breathing; coughing; snoring,0.43360602855682373
Zero-Shot CLAP,2,2-51173-A-35.wav,35,washing machine,45,train,train; washing machine; door wood knock,0.35747629404067993
Zero-Shot CLAP,2,2-51630-A-49.wav,49,hand saw,49,hand saw,hand saw; chainsaw; brushing teeth,0.6737818717956543
Zero-Shot CLAP,2,2-51630-B-49.wav,49,hand saw,49,hand saw,hand saw; brushing teeth; chainsaw,0.4839860796928406
Zero-Shot CLAP,2,2-52001-A-28.wav,28,snoring,28,snoring,snoring; pig; rooster,0.46548277139663696
Zero-Shot CLAP,2,2-52001-B-28.wav,28,snoring,28,snoring,snoring; rooster; pig,0.36083710193634033
Zero-Shot CLAP,2,2-52085-A-4.wav,4,frog,4,frog,frog; hen; rooster,0.39314109086990356
Zero-Shot CLAP,2,2-52085-B-4.wav,4,frog,4,frog,frog; rooster; hen,0.5046564340591431
Zero-Shot CLAP,2,2-52789-A-4.wav,4,frog,9,crow,crow; hen; frog,0.2592200040817261
Zero-Shot CLAP,2,2-54086-A-43.wav,43,car horn,43,car horn,car horn; clock alarm; siren,0.45579713582992554
Zero-Shot CLAP,2,2-54961-A-23.wav,23,breathing,23,breathing,breathing; coughing; snoring,0.5047637820243835
Zero-Shot CLAP,2,2-54962-A-23.wav,23,breathing,23,breathing,breathing; rooster; coughing,0.36440953612327576
Zero-Shot CLAP,2,2-56926-A-46.wav,46,church bells,46,church bells,church bells; water drops; clock alarm,0.5501658916473389
Zero-Shot CLAP,2,2-57191-A-46.wav,46,church bells,46,church bells,church bells; car horn; water drops,0.527620792388916
Zero-Shot CLAP,2,2-57733-A-22.wav,22,clapping,22,clapping,clapping; brushing teeth; rooster,0.5699886679649353
Zero-Shot CLAP,2,2-59241-A-35.wav,35,washing machine,47,airplane,airplane; helicopter; engine,0.46797245740890503
Zero-Shot CLAP,2,2-59321-A-49.wav,49,hand saw,49,hand saw,hand saw; chainsaw; brushing teeth,0.5878029465675354
Zero-Shot CLAP,2,2-59565-A-46.wav,46,church bells,46,church bells,church bells; clock tick; clock alarm,0.6072351336479187
Zero-Shot CLAP,2,2-59566-A-46.wav,46,church bells,46,church bells,church bells; clock alarm; clock tick,0.5209875106811523
Zero-Shot CLAP,2,2-60180-A-49.wav,49,hand saw,49,hand saw,hand saw; chainsaw; hen,0.6570992469787598
Zero-Shot CLAP,2,2-60180-B-49.wav,49,hand saw,49,hand saw,hand saw; chainsaw; hen,0.6755765676498413
Zero-Shot CLAP,2,2-60791-A-26.wav,26,laughing,26,laughing,laughing; clapping; rain,0.4079403877258301
Zero-Shot CLAP,2,2-60794-A-26.wav,26,laughing,26,laughing,laughing; clapping; hen,0.4743865430355072
Zero-Shot CLAP,2,2-60795-A-26.wav,26,laughing,26,laughing,laughing; clapping; rain,0.4210919141769409
Zero-Shot CLAP,2,2-60900-A-22.wav,22,clapping,22,clapping,clapping; fireworks; pouring water,0.3331916332244873
Zero-Shot CLAP,2,2-61311-A-12.wav,12,crackling fire,12,crackling fire,crackling fire; glass breaking; can opening,0.3168644309043884
Zero-Shot CLAP,2,2-61618-A-46.wav,46,church bells,46,church bells,church bells; water drops; clock tick,0.5632277727127075
Zero-Shot CLAP,2,2-62226-A-26.wav,26,laughing,26,laughing,laughing; clapping; hen,0.5377249717712402
Zero-Shot CLAP,2,2-64332-A-18.wav,18,toilet flush,18,toilet flush,toilet flush; washing machine; pouring water,0.5432682037353516
Zero-Shot CLAP,2,2-64962-A-15.wav,15,water drops,15,water drops,water drops; pouring water; rain,0.5071377754211426
Zero-Shot CLAP,2,2-64963-A-15.wav,15,water drops,15,water drops,water drops; clock alarm; pouring water,0.5108283758163452
Zero-Shot CLAP,2,2-65484-A-18.wav,18,toilet flush,18,toilet flush,toilet flush; brushing teeth; pouring water,0.4946705400943756
Zero-Shot CLAP,2,2-65747-A-12.wav,12,crackling fire,12,crackling fire,crackling fire; rain; water drops,0.4472588896751404
Zero-Shot CLAP,2,2-65750-A-1.wav,1,rooster,1,rooster,rooster; crow; hen,0.37850069999694824
Zero-Shot CLAP,2,2-66205-A-23.wav,23,breathing,23,breathing,breathing; sneezing; coughing,0.47794437408447266
Zero-Shot CLAP,2,2-66637-A-20.wav,20,crying baby,20,crying baby,crying baby; clock alarm; laughing,0.5270759463310242
Zero-Shot CLAP,2,2-66637-B-20.wav,20,crying baby,20,crying baby,crying baby; laughing; clock alarm,0.5152145028114319
Zero-Shot CLAP,2,2-67422-A-18.wav,18,toilet flush,18,toilet flush,toilet flush; washing machine; pouring water,0.5381253957748413
Zero-Shot CLAP,2,2-68391-A-41.wav,41,chainsaw,41,chainsaw,chainsaw; engine; rooster,0.32683640718460083
Zero-Shot CLAP,2,2-68391-B-41.wav,41,chainsaw,41,chainsaw,chainsaw; engine; hand saw,0.35447895526885986
Zero-Shot CLAP,2,2-68595-A-15.wav,15,water drops,15,water drops,water drops; pouring water; drinking sipping,0.4816916584968567
Zero-Shot CLAP,2,2-68595-B-15.wav,15,water drops,15,water drops,water drops; drinking sipping; pouring water,0.5152907967567444
Zero-Shot CLAP,2,2-69131-A-5.wav,5,cat,5,cat,cat; crow; crying baby,0.6114447116851807
Zero-Shot CLAP,2,2-69131-B-5.wav,5,cat,5,cat,cat; crow; frog,0.5938749313354492
Zero-Shot CLAP,2,2-70052-A-42.wav,42,siren,42,siren,siren; clock alarm; clapping,0.49685460329055786
Zero-Shot CLAP,2,2-70052-B-42.wav,42,siren,42,siren,siren; clapping; sea waves,0.4703836441040039
Zero-Shot CLAP,2,2-70280-A-18.wav,18,toilet flush,18,toilet flush,toilet flush; brushing teeth; washing machine,0.5320788025856018
Zero-Shot CLAP,2,2-70344-A-33.wav,33,door wood creaks,33,door wood creaks,door wood creaks; engine; hen,0.3649264872074127
Zero-Shot CLAP,2,2-70366-A-33.wav,33,door wood creaks,33,door wood creaks,door wood creaks; door wood knock; mouse click,0.5252283811569214
Zero-Shot CLAP,2,2-70367-A-33.wav,33,door wood creaks,33,door wood creaks,door wood creaks; door wood knock; hen,0.49418070912361145
Zero-Shot CLAP,2,2-70936-A-42.wav,42,siren,42,siren,siren; cat; vacuum cleaner,0.5149552226066589
Zero-Shot CLAP,2,2-70938-A-42.wav,42,siren,42,siren,siren; car horn; door wood creaks,0.5621194839477539
Zero-Shot CLAP,2,2-70939-A-42.wav,42,siren,42,siren,siren; clapping; car horn,0.4977587163448334
Zero-Shot CLAP,2,2-71162-A-1.wav,1,rooster,1,rooster,rooster; hen; cat,0.35516348481178284
Zero-Shot CLAP,2,2-72268-A-6.wav,6,hen,6,hen,hen; chirping birds; rooster,0.41703999042510986
Zero-Shot CLAP,2,2-72547-A-14.wav,14,chirping birds,6,hen,hen; laughing; brushing teeth,0.4152093827724457
Zero-Shot CLAP,2,2-72547-B-14.wav,14,chirping birds,14,chirping birds,chirping birds; crow; water drops,0.4706105887889862
Zero-Shot CLAP,2,2-72547-C-14.wav,14,chirping birds,14,chirping birds,chirping birds; brushing teeth; crickets,0.26407599449157715
Zero-Shot CLAP,2,2-72547-D-14.wav,14,chirping birds,14,chirping birds,chirping birds; crow; wind,0.3391174077987671
Zero-Shot CLAP,2,2-72677-A-18.wav,18,toilet flush,18,toilet flush,toilet flush; brushing teeth; pouring water,0.45572733879089355
Zero-Shot CLAP,2,2-72688-A-42.wav,42,siren,42,siren,siren; car horn; airplane,0.321319043636322
Zero-Shot CLAP,2,2-72970-A-10.wav,10,rain,10,rain,rain; water drops; crackling fire,0.41793668270111084
Zero-Shot CLAP,2,2-73027-A-10.wav,10,rain,10,rain,rain; water drops; washing machine,0.5689363479614258
Zero-Shot CLAP,2,2-7321-A-33.wav,33,door wood creaks,33,door wood creaks,door wood creaks; door wood knock; mouse click,0.4179316461086273
Zero-Shot CLAP,2,2-73260-A-10.wav,10,rain,10,rain,rain; crackling fire; water drops,0.3601630926132202
Zero-Shot CLAP,2,2-73544-A-27.wav,27,brushing teeth,27,brushing teeth,brushing teeth; hand saw; pig,0.573148250579834
Zero-Shot CLAP,2,2-74361-A-47.wav,47,airplane,47,airplane,airplane; helicopter; car horn,0.27343857288360596
Zero-Shot CLAP,2,2-74977-A-18.wav,18,toilet flush,18,toilet flush,toilet flush; brushing teeth; washing machine,0.4933292865753174
Zero-Shot CLAP,2,2-75726-A-6.wav,6,hen,6,hen,hen; rooster; clapping,0.4613705277442932
Zero-Shot CLAP,2,2-76408-A-22.wav,22,clapping,22,clapping,clapping; brushing teeth; water drops,0.5269804000854492
Zero-Shot CLAP,2,2-76408-B-22.wav,22,clapping,22,clapping,clapping; brushing teeth; water drops,0.5338425040245056
Zero-Shot CLAP,2,2-76408-C-22.wav,22,clapping,22,clapping,clapping; brushing teeth; water drops,0.5340392589569092
Zero-Shot CLAP,2,2-76408-D-22.wav,22,clapping,22,clapping,clapping; brushing teeth; water drops,0.5408421754837036
Zero-Shot CLAP,2,2-76868-A-6.wav,6,hen,6,hen,hen; rooster; laughing,0.536280632019043
Zero-Shot CLAP,2,2-77346-A-46.wav,46,church bells,46,church bells,church bells; water drops; clock alarm,0.4814571142196655
Zero-Shot CLAP,2,2-77347-A-46.wav,46,church bells,46,church bells,church bells; clock alarm; car horn,0.43970397114753723
Zero-Shot CLAP,2,2-77945-A-41.wav,41,chainsaw,41,chainsaw,chainsaw; hand saw; cow,0.5378425121307373
Zero-Shot CLAP,2,2-77945-B-41.wav,41,chainsaw,41,chainsaw,chainsaw; hand saw; engine,0.6036360263824463
Zero-Shot CLAP,2,2-78381-A-46.wav,46,church bells,46,church bells,church bells; clock alarm; water drops,0.3779325783252716
Zero-Shot CLAP,2,2-78562-A-37.wav,37,clock alarm,37,clock alarm,clock alarm; siren; clock tick,0.5739104151725769
Zero-Shot CLAP,2,2-78562-B-37.wav,37,clock alarm,37,clock alarm,clock alarm; siren; church bells,0.5881932377815247
Zero-Shot CLAP,2,2-78651-A-44.wav,44,engine,44,engine,engine; chainsaw; hen,0.28154149651527405
Zero-Shot CLAP,2,2-78781-A-47.wav,47,airplane,47,airplane,airplane; helicopter; wind,0.26648861169815063
Zero-Shot CLAP,2,2-78799-A-47.wav,47,airplane,19,thunderstorm,thunderstorm; engine; airplane,0.11149416863918304
Zero-Shot CLAP,2,2-79769-A-26.wav,26,laughing,26,laughing,laughing; hen; coughing,0.5269280076026917
Zero-Shot CLAP,2,2-79775-A-26.wav,26,laughing,26,laughing,laughing; hen; clapping,0.5458497405052185
Zero-Shot CLAP,2,2-80313-A-28.wav,28,snoring,28,snoring,snoring; rooster; frog,0.6211025714874268
Zero-Shot CLAP,2,2-80482-A-20.wav,20,crying baby,20,crying baby,crying baby; clock alarm; cat,0.5116530060768127
Zero-Shot CLAP,2,2-80844-A-13.wav,13,crickets,13,crickets,crickets; insects; chirping birds,0.48251402378082275
Zero-Shot CLAP,2,2-81112-A-34.wav,34,can opening,34,can opening,can opening; car horn; hen,0.20042482018470764
Zero-Shot CLAP,2,2-81190-A-34.wav,34,can opening,34,can opening,can opening; glass breaking; mouse click,0.42829596996307373
Zero-Shot CLAP,2,2-81270-A-1.wav,1,rooster,1,rooster,rooster; hen; cow,0.43150758743286133
Zero-Shot CLAP,2,2-81731-A-10.wav,10,rain,10,rain,rain; water drops; clapping,0.3988715708255768
Zero-Shot CLAP,2,2-81970-A-7.wav,7,insects,5,cat,cat; insects; crickets,0.2965985834598541
Zero-Shot CLAP,2,2-81970-B-7.wav,7,insects,7,insects,insects; cat; crickets,0.29534614086151123
Zero-Shot CLAP,2,2-81970-C-7.wav,7,insects,13,crickets,crickets; insects; cat,0.2975471615791321
Zero-Shot CLAP,2,2-82071-A-27.wav,27,brushing teeth,27,brushing teeth,brushing teeth; washing machine; clock tick,0.31453627347946167
Zero-Shot CLAP,2,2-82077-A-7.wav,7,insects,5,cat,cat; crow; crickets,0.24618777632713318
Zero-Shot CLAP,2,2-82274-A-5.wav,5,cat,5,cat,cat; crow; crying baby,0.5222678780555725
Zero-Shot CLAP,2,2-82274-B-5.wav,5,cat,5,cat,cat; crow; crying baby,0.582321047782898
Zero-Shot CLAP,2,2-82367-A-10.wav,10,rain,10,rain,rain; water drops; thunderstorm,0.47687554359436035
Zero-Shot CLAP,2,2-82455-A-23.wav,23,breathing,23,breathing,breathing; snoring; coughing,0.3292525112628937
Zero-Shot CLAP,2,2-82538-A-21.wav,21,sneezing,21,sneezing,sneezing; cat; coughing,0.6528663635253906
Zero-Shot CLAP,2,2-83270-A-13.wav,13,crickets,13,crickets,crickets; insects; frog,0.5575352907180786
Zero-Shot CLAP,2,2-83536-A-27.wav,27,brushing teeth,27,brushing teeth,brushing teeth; hand saw; thunderstorm,0.4613988697528839
Zero-Shot CLAP,2,2-83667-A-34.wav,34,can opening,34,can opening,can opening; frog; car horn,0.4070175290107727
Zero-Shot CLAP,2,2-83688-A-34.wav,34,can opening,34,can opening,can opening; glass breaking; pouring water,0.31148844957351685
Zero-Shot CLAP,2,2-83934-A-5.wav,5,cat,5,cat,cat; crow; hen,0.2588886618614197
Zero-Shot CLAP,2,2-83934-B-5.wav,5,cat,5,cat,cat; crow; crying baby,0.49162328243255615
Zero-Shot CLAP,2,2-84693-A-49.wav,49,hand saw,49,hand saw,hand saw; chainsaw; brushing teeth,0.5450969934463501
Zero-Shot CLAP,2,2-84943-A-18.wav,18,toilet flush,18,toilet flush,toilet flush; pouring water; washing machine,0.48344773054122925
Zero-Shot CLAP,2,2-84965-A-23.wav,23,breathing,23,breathing,breathing; crow; wind,0.3231228291988373
Zero-Shot CLAP,2,2-85139-A-13.wav,13,crickets,13,crickets,crickets; insects; frog,0.47600317001342773
Zero-Shot CLAP,2,2-85292-A-24.wav,24,coughing,24,coughing,coughing; cat; door wood knock,0.5293639898300171
Zero-Shot CLAP,2,2-85434-A-27.wav,27,brushing teeth,27,brushing teeth,brushing teeth; hand saw; pig,0.5340663194656372
Zero-Shot CLAP,2,2-85471-A-34.wav,34,can opening,34,can opening,can opening; pouring water; water drops,0.29235315322875977
Zero-Shot CLAP,2,2-85945-A-18.wav,18,toilet flush,18,toilet flush,toilet flush; brushing teeth; pouring water,0.4245455265045166
Zero-Shot CLAP,2,2-86160-A-27.wav,27,brushing teeth,27,brushing teeth,brushing teeth; pig; hen,0.5719929337501526
Zero-Shot CLAP,2,2-87282-A-34.wav,34,can opening,34,can opening,can opening; pouring water; water drops,0.25312089920043945
Zero-Shot CLAP,2,2-87412-A-24.wav,24,coughing,24,coughing,coughing; rooster; laughing,0.515760600566864
Zero-Shot CLAP,2,2-87780-A-33.wav,33,door wood creaks,33,door wood creaks,door wood creaks; door wood knock; drinking sipping,0.565910816192627
Zero-Shot CLAP,2,2-87781-A-10.wav,10,rain,10,rain,rain; water drops; crackling fire,0.4140317738056183
Zero-Shot CLAP,2,2-87794-A-24.wav,24,coughing,24,coughing,coughing; dog; laughing,0.5918632745742798
Zero-Shot CLAP,2,2-87795-A-24.wav,24,coughing,24,coughing,coughing; laughing; hen,0.6034645438194275
Zero-Shot CLAP,2,2-87799-A-24.wav,24,coughing,24,coughing,coughing; rooster; frog,0.5447120666503906
Zero-Shot CLAP,2,2-88724-A-38.wav,38,clock tick,38,clock tick,clock tick; mouse click; clock alarm,0.3870146870613098
Zero-Shot CLAP,2,2-89516-A-37.wav,37,clock alarm,37,clock alarm,clock alarm; rooster; frog,0.4172291159629822
Zero-Shot CLAP,2,2-91912-A-33.wav,33,door wood creaks,33,door wood creaks,door wood creaks; door wood knock; water drops,0.33359408378601074
Zero-Shot CLAP,2,2-91912-B-33.wav,33,door wood creaks,33,door wood creaks,door wood creaks; engine; door wood knock,0.331964910030365
Zero-Shot CLAP,2,2-92627-A-27.wav,27,brushing teeth,4,frog,frog; brushing teeth; drinking sipping,0.4034493565559387
Zero-Shot CLAP,2,2-92978-A-29.wav,29,drinking sipping,29,drinking sipping,drinking sipping; can opening; glass breaking,0.4598563015460968
Zero-Shot CLAP,2,2-93030-A-21.wav,21,sneezing,21,sneezing,sneezing; coughing; cat,0.5701733827590942
Zero-Shot CLAP,2,2-94230-A-27.wav,27,brushing teeth,27,brushing teeth,brushing teeth; hand saw; insects,0.2844873368740082
Zero-Shot CLAP,2,2-94807-A-29.wav,29,drinking sipping,29,drinking sipping,drinking sipping; pouring water; snoring,0.5276173949241638
Zero-Shot CLAP,2,2-95035-A-1.wav,1,rooster,1,rooster,rooster; hen; crow,0.38062432408332825
Zero-Shot CLAP,2,2-95258-A-1.wav,1,rooster,1,rooster,rooster; hen; crow,0.4419291019439697
Zero-Shot CLAP,2,2-95258-B-1.wav,1,rooster,6,hen,hen; rooster; clapping,0.45541051030158997
Zero-Shot CLAP,2,2-95567-A-23.wav,23,breathing,23,breathing,breathing; coughing; snoring,0.4174840450286865
Zero-Shot CLAP,2,2-96033-A-13.wav,13,crickets,13,crickets,crickets; insects; frog,0.44772082567214966
Zero-Shot CLAP,2,2-96063-A-37.wav,37,clock alarm,37,clock alarm,clock alarm; clock tick; water drops,0.6161547899246216
Zero-Shot CLAP,2,2-96460-A-1.wav,1,rooster,1,rooster,rooster; hen; cow,0.5362845659255981
Zero-Shot CLAP,2,2-96654-A-47.wav,47,airplane,47,airplane,airplane; helicopter; wind,0.3774435818195343
Zero-Shot CLAP,2,2-96904-A-27.wav,27,brushing teeth,27,brushing teeth,brushing teeth; hand saw; pouring water,0.5374590158462524
Zero-Shot CLAP,2,2-98392-A-23.wav,23,breathing,23,breathing,breathing; crow; coughing,0.31859514117240906
Zero-Shot CLAP,2,2-98676-A-24.wav,24,coughing,24,coughing,coughing; rooster; laughing,0.44909757375717163
Zero-Shot CLAP,2,2-98866-A-47.wav,47,airplane,47,airplane,airplane; engine; clapping,0.42104244232177734
Zero-Shot CLAP,2,2-99795-A-32.wav,32,keyboard typing,32,keyboard typing,keyboard typing; clapping; mouse click,0.32783472537994385
Zero-Shot CLAP,2,2-99796-A-32.wav,32,keyboard typing,22,clapping,clapping; mouse click; keyboard typing,0.33462297916412354
Zero-Shot CLAP,2,2-99955-A-7.wav,7,insects,4,frog,frog; insects; crickets,0.3480145335197449
Zero-Shot CLAP,2,2-99955-B-7.wav,7,insects,4,frog,frog; insects; crickets,0.42021816968917847
Zero-Shot CLAP,2,2-99955-C-7.wav,7,insects,4,frog,frog; cat; hen,0.38661766052246094
Proto-LC,2,2-100648-A-43.wav,43,car horn,43,car horn,car horn; siren; footsteps,0.7232367992401123
Proto-LC,2,2-100786-A-1.wav,1,rooster,1,rooster,rooster; hen; door wood knock,0.8196980953216553
Proto-LC,2,2-101676-A-10.wav,10,rain,10,rain,rain; water drops; washing machine,0.7846664190292358
Proto-LC,2,2-102414-A-17.wav,17,pouring water,17,pouring water,pouring water; drinking sipping; water drops,0.8160078525543213
Proto-LC,2,2-102414-B-17.wav,17,pouring water,17,pouring water,pouring water; water drops; drinking sipping,0.8953170776367188
Proto-LC,2,2-102414-C-17.wav,17,pouring water,17,pouring water,pouring water; water drops; drinking sipping,0.8373227119445801
Proto-LC,2,2-102414-D-17.wav,17,pouring water,17,pouring water,pouring water; water drops; drinking sipping,0.8415549993515015
Proto-LC,2,2-102414-E-17.wav,17,pouring water,17,pouring water,pouring water; water drops; drinking sipping,0.8362439870834351
Proto-LC,2,2-102414-F-17.wav,17,pouring water,17,pouring water,pouring water; water drops; toilet flush,0.8718848824501038
Proto-LC,2,2-102414-G-17.wav,17,pouring water,17,pouring water,pouring water; water drops; drinking sipping,0.8804823160171509
Proto-LC,2,2-102435-A-37.wav,37,clock alarm,37,clock alarm,clock alarm; clock tick; rooster,0.683870792388916
Proto-LC,2,2-102567-A-35.wav,35,washing machine,40,helicopter,helicopter; airplane; engine,0.7060093879699707
Proto-LC,2,2-102567-B-35.wav,35,washing machine,44,engine,engine; washing machine; helicopter,0.6543341875076294
Proto-LC,2,2-102567-C-35.wav,35,washing machine,40,helicopter,helicopter; airplane; engine,0.7250123023986816
Proto-LC,2,2-102567-D-35.wav,35,washing machine,40,helicopter,helicopter; airplane; engine,0.7969362735748291
Proto-LC,2,2-102568-A-35.wav,35,washing machine,35,washing machine,washing machine; engine; vacuum cleaner,0.7449120879173279
Proto-LC,2,2-102581-A-29.wav,29,drinking sipping,29,drinking sipping,drinking sipping; coughing; frog,0.599396824836731
Proto-LC,2,2-102581-B-29.wav,29,drinking sipping,29,drinking sipping,drinking sipping; footsteps; coughing,0.559121310710907
Proto-LC,2,2-102852-A-11.wav,11,sea waves,11,sea waves,sea waves; wind; rain,0.8348215818405151
Proto-LC,2,2-103423-A-3.wav,3,cow,1,rooster,rooster; cow; sheep,0.7531164884567261
Proto-LC,2,2-103424-A-3.wav,3,cow,1,rooster,rooster; cow; sheep,0.7454177737236023
Proto-LC,2,2-103426-A-3.wav,3,cow,1,rooster,rooster; cow; sheep,0.7169326543807983
Proto-LC,2,2-103427-A-3.wav,3,cow,1,rooster,rooster; cow; sheep,0.7710428833961487
Proto-LC,2,2-103428-A-3.wav,3,cow,1,rooster,rooster; cow; dog,0.7893768548965454
Proto-LC,2,2-104105-A-19.wav,19,thunderstorm,19,thunderstorm,thunderstorm; rain; wind,0.9302718639373779
Proto-LC,2,2-104105-B-19.wav,19,thunderstorm,19,thunderstorm,thunderstorm; rain; wind,0.9237520694732666
Proto-LC,2,2-104168-A-32.wav,32,keyboard typing,32,keyboard typing,keyboard typing; mouse click; clapping,0.8945280313491821
Proto-LC,2,2-104475-A-37.wav,37,clock alarm,37,clock alarm,clock alarm; clock tick; siren,0.8162065744400024
Proto-LC,2,2-104476-A-37.wav,37,clock alarm,37,clock alarm,clock alarm; clock tick; crickets,0.8174839615821838
Proto-LC,2,2-104877-A-3.wav,3,cow,1,rooster,rooster; cow; sheep,0.6031181812286377
Proto-LC,2,2-104952-A-16.wav,16,wind,16,wind,wind; thunderstorm; rain,0.7892910242080688
Proto-LC,2,2-104952-B-16.wav,16,wind,16,wind,wind; sea waves; rain,0.8078188896179199
Proto-LC,2,2-105270-A-47.wav,47,airplane,47,airplane,airplane; helicopter; engine,0.7166814804077148
Proto-LC,2,2-106014-A-44.wav,44,engine,44,engine,engine; airplane; helicopter,0.7310763597488403
Proto-LC,2,2-106015-A-44.wav,44,engine,44,engine,engine; helicopter; airplane,0.6339185237884521
Proto-LC,2,2-106015-B-44.wav,44,engine,44,engine,engine; helicopter; airplane,0.6367708444595337
Proto-LC,2,2-106019-A-13.wav,13,crickets,7,insects,insects; crickets; frog,0.780381441116333
Proto-LC,2,2-106072-A-36.wav,36,vacuum cleaner,36,vacuum cleaner,vacuum cleaner; engine; airplane,0.7991167306900024
Proto-LC,2,2-106073-A-36.wav,36,vacuum cleaner,36,vacuum cleaner,vacuum cleaner; engine; airplane,0.8307313919067383
Proto-LC,2,2-106486-A-44.wav,44,engine,44,engine,engine; helicopter; airplane,0.6890447735786438
Proto-LC,2,2-106487-A-44.wav,44,engine,44,engine,engine; helicopter; airplane,0.6812295913696289
Proto-LC,2,2-106849-A-47.wav,47,airplane,47,airplane,airplane; helicopter; engine,0.6488796472549438
Proto-LC,2,2-106881-A-39.wav,39,glass breaking,39,glass breaking,glass breaking; crackling fire; can opening,0.5847498178482056
Proto-LC,2,2-107228-A-44.wav,44,engine,44,engine,engine; helicopter; airplane,0.6100882291793823
Proto-LC,2,2-107228-B-44.wav,44,engine,44,engine,engine; door wood knock; helicopter,0.5531066656112671
Proto-LC,2,2-107351-A-20.wav,20,crying baby,20,crying baby,crying baby; laughing; coughing,0.9261815547943115
Proto-LC,2,2-107351-B-20.wav,20,crying baby,20,crying baby,crying baby; laughing; coughing,0.8681563138961792
Proto-LC,2,2-108017-A-24.wav,24,coughing,24,coughing,coughing; footsteps; sneezing,0.7406983375549316
Proto-LC,2,2-108760-A-14.wav,14,chirping birds,14,chirping birds,chirping birds; crow; crickets,0.8426759243011475
Proto-LC,2,2-108760-B-14.wav,14,chirping birds,14,chirping birds,chirping birds; crow; wind,0.8320516347885132
Proto-LC,2,2-108761-A-14.wav,14,chirping birds,14,chirping birds,chirping birds; crickets; crow,0.8523540496826172
Proto-LC,2,2-108763-A-9.wav,9,crow,9,crow,crow; chirping birds; wind,0.8799659013748169
Proto-LC,2,2-108766-A-9.wav,9,crow,9,crow,crow; chirping birds; rooster,0.921899676322937
Proto-LC,2,2-108767-A-9.wav,9,crow,9,crow,crow; chirping birds; wind,0.8985487222671509
Proto-LC,2,2-108767-B-9.wav,9,crow,9,crow,crow; chirping birds; sheep,0.9056307673454285
Proto-LC,2,2-108767-C-9.wav,9,crow,9,crow,crow; chirping birds; rooster,0.9329647421836853
Proto-LC,2,2-109231-A-9.wav,9,crow,9,crow,crow; chirping birds; hen,0.8236468434333801
Proto-LC,2,2-109231-B-9.wav,9,crow,9,crow,crow; chirping birds; hen,0.8557472229003906
Proto-LC,2,2-109231-C-9.wav,9,crow,9,crow,crow; chirping birds; cat,0.8812462091445923
Proto-LC,2,2-109316-A-32.wav,32,keyboard typing,32,keyboard typing,keyboard typing; mouse click; clock tick,0.8554219603538513
Proto-LC,2,2-109371-A-16.wav,16,wind,16,wind,wind; engine; airplane,0.7340006232261658
Proto-LC,2,2-109371-B-16.wav,16,wind,16,wind,wind; train; rain,0.6706966161727905
Proto-LC,2,2-109371-C-16.wav,16,wind,16,wind,wind; train; airplane,0.6148205995559692
Proto-LC,2,2-109371-D-16.wav,16,wind,16,wind,wind; airplane; engine,0.7248971462249756
Proto-LC,2,2-109374-A-16.wav,16,wind,16,wind,wind; train; engine,0.4968900680541992
Proto-LC,2,2-109505-A-21.wav,21,sneezing,21,sneezing,sneezing; coughing; breathing,0.8315688371658325
Proto-LC,2,2-109759-A-26.wav,26,laughing,26,laughing,laughing; coughing; breathing,0.6539862155914307
Proto-LC,2,2-109759-B-26.wav,26,laughing,26,laughing,laughing; coughing; breathing,0.7609097957611084
Proto-LC,2,2-110010-A-5.wav,5,cat,5,cat,cat; dog; crying baby,0.815143346786499
Proto-LC,2,2-110011-A-5.wav,5,cat,5,cat,cat; car horn; crying baby,0.8909004926681519
Proto-LC,2,2-110417-A-28.wav,28,snoring,28,snoring,snoring; breathing; drinking sipping,0.8273771405220032
Proto-LC,2,2-110417-B-28.wav,28,snoring,28,snoring,snoring; breathing; drinking sipping,0.873178243637085
Proto-LC,2,2-110613-A-13.wav,13,crickets,13,crickets,crickets; insects; clock alarm,0.8100782632827759
Proto-LC,2,2-110614-A-8.wav,8,sheep,8,sheep,sheep; cow; rooster,0.9410276412963867
Proto-LC,2,2-110614-B-8.wav,8,sheep,8,sheep,sheep; cow; rooster,0.9387458562850952
Proto-LC,2,2-112213-A-39.wav,39,glass breaking,39,glass breaking,glass breaking; can opening; thunderstorm,0.7928817272186279
Proto-LC,2,2-112213-B-39.wav,39,glass breaking,39,glass breaking,glass breaking; can opening; water drops,0.8567491769790649
Proto-LC,2,2-114254-A-30.wav,30,door wood knock,30,door wood knock,door wood knock; door wood creaks; mouse click,0.8941840529441833
Proto-LC,2,2-114280-A-0.wav,0,dog,0,dog,dog; rooster; car horn,0.6260048151016235
Proto-LC,2,2-114587-A-0.wav,0,dog,0,dog,dog; hen; rooster,0.6739100217819214
Proto-LC,2,2-114609-A-28.wav,28,snoring,28,snoring,snoring; breathing; drinking sipping,0.7575269937515259
Proto-LC,2,2-114609-B-28.wav,28,snoring,28,snoring,snoring; breathing; drinking sipping,0.767288327217102
Proto-LC,2,2-116400-A-0.wav,0,dog,0,dog,dog; rooster; clock alarm,0.571929931640625
Proto-LC,2,2-117116-A-37.wav,37,clock alarm,37,clock alarm,clock alarm; clock tick; crying baby,0.8731575012207031
Proto-LC,2,2-117271-A-0.wav,0,dog,0,dog,dog; rooster; car horn,0.7315648794174194
Proto-LC,2,2-117330-A-28.wav,28,snoring,28,snoring,snoring; breathing; drinking sipping,0.8969808220863342
Proto-LC,2,2-117615-A-48.wav,48,fireworks,48,fireworks,fireworks; thunderstorm; clapping,0.8642594814300537
Proto-LC,2,2-117615-B-48.wav,48,fireworks,48,fireworks,fireworks; thunderstorm; clapping,0.9271417856216431
Proto-LC,2,2-117615-C-48.wav,48,fireworks,48,fireworks,fireworks; thunderstorm; clapping,0.8881485462188721
Proto-LC,2,2-117615-D-48.wav,48,fireworks,48,fireworks,fireworks; thunderstorm; door wood knock,0.8879426717758179
Proto-LC,2,2-117615-E-48.wav,48,fireworks,48,fireworks,fireworks; crackling fire; thunderstorm,0.6810303926467896
Proto-LC,2,2-117616-A-48.wav,48,fireworks,48,fireworks,fireworks; thunderstorm; clapping,0.8190539479255676
Proto-LC,2,2-117617-A-48.wav,48,fireworks,48,fireworks,fireworks; thunderstorm; crackling fire,0.7192975282669067
Proto-LC,2,2-117625-A-10.wav,10,rain,10,rain,rain; wind; sea waves,0.8166953921318054
Proto-LC,2,2-117795-A-3.wav,3,cow,3,cow,cow; rooster; sheep,0.749279260635376
Proto-LC,2,2-117795-B-3.wav,3,cow,3,cow,cow; rooster; sheep,0.7914352416992188
Proto-LC,2,2-118072-A-0.wav,0,dog,0,dog,dog; rooster; chirping birds,0.7200027704238892
Proto-LC,2,2-118104-A-21.wav,21,sneezing,21,sneezing,sneezing; coughing; breathing,0.8752198219299316
Proto-LC,2,2-118459-A-32.wav,32,keyboard typing,32,keyboard typing,keyboard typing; mouse click; washing machine,0.7663882970809937
Proto-LC,2,2-118459-B-32.wav,32,keyboard typing,32,keyboard typing,keyboard typing; mouse click; clock tick,0.8474832773208618
Proto-LC,2,2-118624-A-30.wav,30,door wood knock,30,door wood knock,door wood knock; door wood creaks; footsteps,0.8636364340782166
Proto-LC,2,2-118625-A-30.wav,30,door wood knock,30,door wood knock,door wood knock; footsteps; door wood creaks,0.8027337789535522
Proto-LC,2,2-118817-A-32.wav,32,keyboard typing,32,keyboard typing,keyboard typing; mouse click; crackling fire,0.7951464653015137
Proto-LC,2,2-118964-A-0.wav,0,dog,0,dog,dog; rooster; car horn,0.7620649337768555
Proto-LC,2,2-119102-A-21.wav,21,sneezing,21,sneezing,sneezing; coughing; breathing,0.886785089969635
Proto-LC,2,2-119139-A-31.wav,31,mouse click,31,mouse click,mouse click; keyboard typing; clock tick,0.5811379551887512
Proto-LC,2,2-119161-A-8.wav,8,sheep,8,sheep,sheep; cow; rooster,0.8736094236373901
Proto-LC,2,2-119161-B-8.wav,8,sheep,8,sheep,sheep; cow; rooster,0.8672140836715698
Proto-LC,2,2-119161-C-8.wav,8,sheep,8,sheep,sheep; cow; rooster,0.8580136299133301
Proto-LC,2,2-119748-A-38.wav,38,clock tick,38,clock tick,clock tick; mouse click; clock alarm,0.8268189430236816
Proto-LC,2,2-120218-A-30.wav,30,door wood knock,30,door wood knock,door wood knock; door wood creaks; footsteps,0.7911893129348755
Proto-LC,2,2-120218-B-30.wav,30,door wood knock,30,door wood knock,door wood knock; door wood creaks; footsteps,0.7852466106414795
Proto-LC,2,2-120333-A-32.wav,32,keyboard typing,32,keyboard typing,keyboard typing; mouse click; water drops,0.8269186019897461
Proto-LC,2,2-120586-A-6.wav,6,hen,6,hen,hen; rooster; chirping birds,0.8622835874557495
Proto-LC,2,2-120587-A-6.wav,6,hen,6,hen,hen; rooster; dog,0.8697364330291748
Proto-LC,2,2-121909-A-35.wav,35,washing machine,35,washing machine,washing machine; engine; vacuum cleaner,0.7392423748970032
Proto-LC,2,2-121978-A-29.wav,29,drinking sipping,29,drinking sipping,drinking sipping; washing machine; footsteps,0.4768233895301819
Proto-LC,2,2-122066-A-45.wav,45,train,45,train,train; car horn; airplane,0.7595411539077759
Proto-LC,2,2-122066-B-45.wav,45,train,45,train,train; engine; helicopter,0.845350980758667
Proto-LC,2,2-122067-A-45.wav,45,train,45,train,train; footsteps; engine,0.8871800899505615
Proto-LC,2,2-122067-B-45.wav,45,train,45,train,train; footsteps; wind,0.9139667749404907
Proto-LC,2,2-122104-A-0.wav,0,dog,0,dog,dog; car horn; rooster,0.6019012928009033
Proto-LC,2,2-122104-B-0.wav,0,dog,0,dog,dog; chirping birds; crow,0.6451067924499512
Proto-LC,2,2-122616-A-14.wav,14,chirping birds,14,chirping birds,chirping birds; crickets; insects,0.797641396522522
Proto-LC,2,2-122763-A-29.wav,29,drinking sipping,29,drinking sipping,drinking sipping; frog; snoring,0.7268671989440918
Proto-LC,2,2-122763-B-29.wav,29,drinking sipping,29,drinking sipping,drinking sipping; snoring; coughing,0.7898247241973877
Proto-LC,2,2-122820-A-36.wav,36,vacuum cleaner,36,vacuum cleaner,vacuum cleaner; engine; washing machine,0.806888222694397
Proto-LC,2,2-122820-B-36.wav,36,vacuum cleaner,36,vacuum cleaner,vacuum cleaner; engine; washing machine,0.8047177791595459
Proto-LC,2,2-123712-A-33.wav,33,door wood creaks,33,door wood creaks,door wood creaks; mouse click; clock alarm,0.6573104858398438
Proto-LC,2,2-123896-A-24.wav,24,coughing,24,coughing,coughing; laughing; sneezing,0.8630387783050537
Proto-LC,2,2-124564-A-15.wav,15,water drops,15,water drops,water drops; drinking sipping; washing machine,0.5564554929733276
Proto-LC,2,2-124662-A-11.wav,11,sea waves,11,sea waves,sea waves; wind; washing machine,0.806016743183136
Proto-LC,2,2-125520-A-43.wav,43,car horn,43,car horn,car horn; siren; clock tick,0.6855224370956421
Proto-LC,2,2-125821-A-13.wav,13,crickets,13,crickets,crickets; insects; chirping birds,0.7858970165252686
Proto-LC,2,2-125875-A-13.wav,13,crickets,13,crickets,crickets; insects; engine,0.7611222267150879
Proto-LC,2,2-125966-A-11.wav,11,sea waves,11,sea waves,sea waves; wind; water drops,0.7647332549095154
Proto-LC,2,2-126433-A-17.wav,17,pouring water,17,pouring water,pouring water; water drops; drinking sipping,0.7734524607658386
Proto-LC,2,2-126756-A-29.wav,29,drinking sipping,21,sneezing,sneezing; coughing; breathing,0.5401703119277954
Proto-LC,2,2-127108-A-38.wav,38,clock tick,38,clock tick,clock tick; clock alarm; mouse click,0.8584556579589844
Proto-LC,2,2-127109-A-6.wav,6,hen,6,hen,hen; rooster; chirping birds,0.848442554473877
Proto-LC,2,2-128465-A-43.wav,43,car horn,43,car horn,car horn; siren; wind,0.7362937927246094
Proto-LC,2,2-128465-B-43.wav,43,car horn,43,car horn,car horn; siren; wind,0.8142436742782593
Proto-LC,2,2-128631-A-21.wav,21,sneezing,21,sneezing,sneezing; coughing; breathing,0.8198614120483398
Proto-LC,2,2-130245-A-34.wav,34,can opening,34,can opening,can opening; drinking sipping; crackling fire,0.7909777760505676
Proto-LC,2,2-130978-A-21.wav,21,sneezing,21,sneezing,sneezing; coughing; dog,0.9159255623817444
Proto-LC,2,2-130979-A-21.wav,21,sneezing,21,sneezing,sneezing; coughing; breathing,0.8886299133300781
Proto-LC,2,2-131943-A-38.wav,38,clock tick,38,clock tick,clock tick; clock alarm; mouse click,0.8276981115341187
Proto-LC,2,2-132157-A-11.wav,11,sea waves,11,sea waves,sea waves; wind; washing machine,0.8603208065032959
Proto-LC,2,2-132157-B-11.wav,11,sea waves,11,sea waves,sea waves; wind; washing machine,0.8933074474334717
Proto-LC,2,2-133863-A-11.wav,11,sea waves,11,sea waves,sea waves; wind; washing machine,0.9382600784301758
Proto-LC,2,2-133889-A-30.wav,30,door wood knock,30,door wood knock,door wood knock; footsteps; door wood creaks,0.7933728694915771
Proto-LC,2,2-134049-A-6.wav,6,hen,6,hen,hen; rooster; dog,0.6523427367210388
Proto-LC,2,2-134700-A-38.wav,38,clock tick,38,clock tick,clock tick; clock alarm; mouse click,0.8703795075416565
Proto-LC,2,2-134915-A-30.wav,30,door wood knock,30,door wood knock,door wood knock; footsteps; door wood creaks,0.7993042469024658
Proto-LC,2,2-135649-A-45.wav,45,train,45,train,train; footsteps; engine,0.8569042682647705
Proto-LC,2,2-135649-B-45.wav,45,train,45,train,train; wind; engine,0.9174911975860596
Proto-LC,2,2-135649-C-45.wav,45,train,45,train,train; engine; wind,0.8184577226638794
Proto-LC,2,2-135728-A-38.wav,38,clock tick,38,clock tick,clock tick; clock alarm; mouse click,0.8739111423492432
Proto-LC,2,2-135860-A-49.wav,49,hand saw,49,hand saw,hand saw; chainsaw; brushing teeth,0.8764551877975464
Proto-LC,2,2-137162-A-11.wav,11,sea waves,11,sea waves,sea waves; wind; rain,0.9435386657714844
Proto-LC,2,2-138257-A-31.wav,31,mouse click,31,mouse click,mouse click; keyboard typing; clock tick,0.8312886953353882
Proto-LC,2,2-138465-A-43.wav,43,car horn,43,car horn,car horn; rain; crackling fire,0.5299381613731384
Proto-LC,2,2-139748-A-15.wav,15,water drops,38,clock tick,clock tick; water drops; door wood knock,0.6740668416023254
Proto-LC,2,2-139748-B-15.wav,15,water drops,38,clock tick,clock tick; water drops; door wood knock,0.6294291019439697
Proto-LC,2,2-139749-A-15.wav,15,water drops,15,water drops,water drops; clock tick; mouse click,0.6091868877410889
Proto-LC,2,2-140147-A-38.wav,38,clock tick,38,clock tick,clock tick; clock alarm; mouse click,0.8715829849243164
Proto-LC,2,2-140841-A-30.wav,30,door wood knock,30,door wood knock,door wood knock; door wood creaks; footsteps,0.8675140738487244
Proto-LC,2,2-141563-A-39.wav,39,glass breaking,39,glass breaking,glass breaking; can opening; crackling fire,0.7645784020423889
Proto-LC,2,2-141584-A-38.wav,38,clock tick,38,clock tick,clock tick; mouse click; clock alarm,0.8696761131286621
Proto-LC,2,2-141681-A-36.wav,36,vacuum cleaner,36,vacuum cleaner,vacuum cleaner; engine; washing machine,0.8047077655792236
Proto-LC,2,2-141681-B-36.wav,36,vacuum cleaner,36,vacuum cleaner,vacuum cleaner; engine; airplane,0.8040652275085449
Proto-LC,2,2-141682-A-36.wav,36,vacuum cleaner,36,vacuum cleaner,vacuum cleaner; washing machine; engine,0.6877871751785278
Proto-LC,2,2-141682-B-36.wav,36,vacuum cleaner,36,vacuum cleaner,vacuum cleaner; engine; washing machine,0.8260050415992737
Proto-LC,2,2-144031-A-34.wav,34,can opening,34,can opening,can opening; mouse click; glass breaking,0.8112438321113586
Proto-LC,2,2-144137-A-43.wav,43,car horn,43,car horn,car horn; siren; clock alarm,0.8062338829040527
Proto-LC,2,2-146877-A-31.wav,31,mouse click,31,mouse click,mouse click; keyboard typing; clock tick,0.8356236219406128
Proto-LC,2,2-146877-B-31.wav,31,mouse click,31,mouse click,mouse click; keyboard typing; clock tick,0.8701572418212891
Proto-LC,2,2-151079-A-20.wav,20,crying baby,20,crying baby,crying baby; laughing; cat,0.9021120071411133
Proto-LC,2,2-152895-A-31.wav,31,mouse click,31,mouse click,mouse click; footsteps; keyboard typing,0.5906071662902832
Proto-LC,2,2-152964-A-31.wav,31,mouse click,31,mouse click,mouse click; keyboard typing; can opening,0.7147092819213867
Proto-LC,2,2-153388-A-31.wav,31,mouse click,34,can opening,can opening; mouse click; engine,0.4923749566078186
Proto-LC,2,2-154688-A-31.wav,31,mouse click,31,mouse click,mouse click; keyboard typing; door wood knock,0.774592399597168
Proto-LC,2,2-155801-A-11.wav,11,sea waves,11,sea waves,sea waves; wind; rain,0.7789852023124695
Proto-LC,2,2-157488-A-6.wav,6,hen,6,hen,hen; chirping birds; rooster,0.8558267951011658
Proto-LC,2,2-158746-A-2.wav,2,pig,2,pig,pig; dog; rooster,0.7844139337539673
Proto-LC,2,2-158746-B-2.wav,2,pig,2,pig,pig; dog; hen,0.8234400749206543
Proto-LC,2,2-158746-C-2.wav,2,pig,2,pig,pig; dog; rooster,0.7465604543685913
Proto-LC,2,2-158746-D-2.wav,2,pig,2,pig,pig; dog; snoring,0.8202580213546753
Proto-LC,2,2-160128-A-7.wav,7,insects,7,insects,insects; crickets; airplane,0.7323398590087891
Proto-LC,2,2-160888-A-47.wav,47,airplane,47,airplane,airplane; helicopter; thunderstorm,0.6887755393981934
Proto-LC,2,2-165801-A-48.wav,48,fireworks,48,fireworks,fireworks; thunderstorm; footsteps,0.8700259923934937
Proto-LC,2,2-166644-A-2.wav,2,pig,2,pig,pig; dog; hen,0.8576232194900513
Proto-LC,2,2-166644-B-2.wav,2,pig,2,pig,pig; dog; hen,0.8543087244033813
Proto-LC,2,2-166644-C-2.wav,2,pig,2,pig,pig; dog; hen,0.8922855854034424
Proto-LC,2,2-173559-A-39.wav,39,glass breaking,39,glass breaking,glass breaking; can opening; pouring water,0.7821967005729675
Proto-LC,2,2-173607-A-39.wav,39,glass breaking,39,glass breaking,glass breaking; can opening; pouring water,0.8302261829376221
Proto-LC,2,2-173618-A-39.wav,39,glass breaking,39,glass breaking,glass breaking; can opening; vacuum cleaner,0.7581008672714233
Proto-LC,2,2-182508-A-8.wav,8,sheep,8,sheep,sheep; cow; cat,0.8226694464683533
Proto-LC,2,2-182508-B-8.wav,8,sheep,8,sheep,sheep; cow; crow,0.6597996950149536
Proto-LC,2,2-184077-A-49.wav,49,hand saw,49,hand saw,hand saw; engine; washing machine,0.6882833242416382
Proto-LC,2,2-18766-A-12.wav,12,crackling fire,12,crackling fire,crackling fire; rain; can opening,0.8656096458435059
Proto-LC,2,2-18766-B-12.wav,12,crackling fire,12,crackling fire,crackling fire; can opening; glass breaking,0.763215184211731
Proto-LC,2,2-188822-A-40.wav,40,helicopter,40,helicopter,helicopter; airplane; train,0.6371757984161377
Proto-LC,2,2-188822-B-40.wav,40,helicopter,40,helicopter,helicopter; airplane; train,0.7330090999603271
Proto-LC,2,2-188822-C-40.wav,40,helicopter,40,helicopter,helicopter; airplane; engine,0.8332543969154358
Proto-LC,2,2-188822-D-40.wav,40,helicopter,40,helicopter,helicopter; airplane; engine,0.8800055384635925
Proto-LC,2,2-196688-A-8.wav,8,sheep,8,sheep,sheep; cow; crow,0.7979964017868042
Proto-LC,2,2-205966-A-16.wav,16,wind,16,wind,wind; airplane; rain,0.7048157453536987
Proto-LC,2,2-209471-A-25.wav,25,footsteps,25,footsteps,footsteps; door wood knock; train,0.754058837890625
Proto-LC,2,2-209472-A-25.wav,25,footsteps,25,footsteps,footsteps; door wood knock; train,0.7033565044403076
Proto-LC,2,2-209473-A-25.wav,25,footsteps,25,footsteps,footsteps; door wood knock; door wood creaks,0.7643710374832153
Proto-LC,2,2-209474-A-25.wav,25,footsteps,25,footsteps,footsteps; door wood knock; train,0.71796715259552
Proto-LC,2,2-209475-A-25.wav,25,footsteps,25,footsteps,footsteps; door wood knock; door wood creaks,0.7881121635437012
Proto-LC,2,2-209476-A-25.wav,25,footsteps,25,footsteps,footsteps; door wood knock; train,0.7958714365959167
Proto-LC,2,2-209477-A-25.wav,25,footsteps,25,footsteps,footsteps; door wood knock; door wood creaks,0.7479757070541382
Proto-LC,2,2-209478-A-25.wav,25,footsteps,25,footsteps,footsteps; door wood knock; train,0.7539979219436646
Proto-LC,2,2-250710-A-39.wav,39,glass breaking,39,glass breaking,glass breaking; can opening; coughing,0.7481058835983276
Proto-LC,2,2-25292-A-22.wav,22,clapping,22,clapping,clapping; fireworks; toilet flush,0.7720302939414978
Proto-LC,2,2-25293-A-22.wav,22,clapping,22,clapping,clapping; car horn; glass breaking,0.8517884612083435
Proto-LC,2,2-262579-A-45.wav,45,train,45,train,train; footsteps; car horn,0.7990085482597351
Proto-LC,2,2-28314-A-12.wav,12,crackling fire,12,crackling fire,crackling fire; rain; glass breaking,0.8521323800086975
Proto-LC,2,2-28314-B-12.wav,12,crackling fire,12,crackling fire,crackling fire; glass breaking; can opening,0.7030560970306396
Proto-LC,2,2-30322-A-12.wav,12,crackling fire,12,crackling fire,crackling fire; rain; glass breaking,0.8690997958183289
Proto-LC,2,2-30322-B-12.wav,12,crackling fire,12,crackling fire,crackling fire; glass breaking; can opening,0.7512266635894775
Proto-LC,2,2-32515-A-4.wav,4,frog,4,frog,frog; insects; crickets,0.9368528127670288
Proto-LC,2,2-32515-B-4.wav,4,frog,4,frog,frog; insects; crickets,0.8792387843132019
Proto-LC,2,2-32515-C-4.wav,4,frog,4,frog,frog; insects; crickets,0.9228298664093018
Proto-LC,2,2-32515-D-4.wav,4,frog,4,frog,frog; insects; crickets,0.9528080224990845
Proto-LC,2,2-32834-A-4.wav,4,frog,4,frog,frog; insects; crickets,0.9141489863395691
Proto-LC,2,2-37806-A-40.wav,40,helicopter,40,helicopter,helicopter; airplane; engine,0.7972293496131897
Proto-LC,2,2-37806-B-40.wav,40,helicopter,40,helicopter,helicopter; airplane; engine,0.7953489422798157
Proto-LC,2,2-37806-C-40.wav,40,helicopter,47,airplane,airplane; helicopter; engine,0.8169015645980835
Proto-LC,2,2-37806-D-40.wav,40,helicopter,40,helicopter,helicopter; airplane; engine,0.7343432903289795
Proto-LC,2,2-37870-A-2.wav,2,pig,2,pig,pig; dog; hen,0.8406104445457458
Proto-LC,2,2-39441-A-19.wav,19,thunderstorm,19,thunderstorm,thunderstorm; rain; wind,0.8880054354667664
Proto-LC,2,2-39443-A-19.wav,19,thunderstorm,19,thunderstorm,thunderstorm; wind; rain,0.9422417879104614
Proto-LC,2,2-39443-B-19.wav,19,thunderstorm,19,thunderstorm,thunderstorm; fireworks; rain,0.9024579524993896
Proto-LC,2,2-39945-A-19.wav,19,thunderstorm,19,thunderstorm,thunderstorm; fireworks; wind,0.9209160804748535
Proto-LC,2,2-39945-B-19.wav,19,thunderstorm,19,thunderstorm,thunderstorm; fireworks; wind,0.8993278741836548
Proto-LC,2,2-39945-C-19.wav,19,thunderstorm,19,thunderstorm,thunderstorm; fireworks; church bells,0.932240903377533
Proto-LC,2,2-42101-A-43.wav,43,car horn,43,car horn,car horn; train; siren,0.8006176948547363
Proto-LC,2,2-43802-A-42.wav,42,siren,42,siren,siren; car horn; airplane,0.7190855145454407
Proto-LC,2,2-43806-A-42.wav,42,siren,42,siren,siren; engine; helicopter,0.7698670029640198
Proto-LC,2,2-50665-A-20.wav,20,crying baby,20,crying baby,crying baby; cat; rooster,0.647230863571167
Proto-LC,2,2-50666-A-20.wav,20,crying baby,20,crying baby,crying baby; cat; laughing,0.805984377861023
Proto-LC,2,2-50667-A-41.wav,41,chainsaw,41,chainsaw,chainsaw; hand saw; engine,0.8851292729377747
Proto-LC,2,2-50667-B-41.wav,41,chainsaw,41,chainsaw,chainsaw; hand saw; engine,0.881497323513031
Proto-LC,2,2-50668-A-41.wav,41,chainsaw,41,chainsaw,chainsaw; hand saw; engine,0.8916745185852051
Proto-LC,2,2-50668-B-41.wav,41,chainsaw,41,chainsaw,chainsaw; hand saw; engine,0.849899411201477
Proto-LC,2,2-50774-A-23.wav,23,breathing,23,breathing,breathing; snoring; mouse click,0.8784602880477905
Proto-LC,2,2-51173-A-35.wav,35,washing machine,35,washing machine,washing machine; train; engine,0.6780749559402466
Proto-LC,2,2-51630-A-49.wav,49,hand saw,49,hand saw,hand saw; chainsaw; brushing teeth,0.8975403308868408
Proto-LC,2,2-51630-B-49.wav,49,hand saw,49,hand saw,hand saw; engine; chainsaw,0.7509616613388062
Proto-LC,2,2-52001-A-28.wav,28,snoring,28,snoring,snoring; drinking sipping; pig,0.8358306884765625
Proto-LC,2,2-52001-B-28.wav,28,snoring,28,snoring,snoring; breathing; rooster,0.8213781118392944
Proto-LC,2,2-52085-A-4.wav,4,frog,4,frog,frog; chirping birds; insects,0.869031548500061
Proto-LC,2,2-52085-B-4.wav,4,frog,4,frog,frog; insects; crickets,0.942895770072937
Proto-LC,2,2-52789-A-4.wav,4,frog,9,crow,crow; frog; hen,0.43669724464416504
Proto-LC,2,2-54086-A-43.wav,43,car horn,43,car horn,car horn; clock alarm; siren,0.7805546522140503
Proto-LC,2,2-54961-A-23.wav,23,breathing,23,breathing,breathing; snoring; coughing,0.872927725315094
Proto-LC,2,2-54962-A-23.wav,23,breathing,23,breathing,breathing; snoring; rooster,0.6871100664138794
Proto-LC,2,2-56926-A-46.wav,46,church bells,46,church bells,church bells; chirping birds; crow,0.8677676916122437
Proto-LC,2,2-57191-A-46.wav,46,church bells,46,church bells,church bells; thunderstorm; car horn,0.9330404996871948
Proto-LC,2,2-57733-A-22.wav,22,clapping,22,clapping,clapping; laughing; rooster,0.859103798866272
Proto-LC,2,2-59241-A-35.wav,35,washing machine,40,helicopter,helicopter; airplane; engine,0.7839505672454834
Proto-LC,2,2-59321-A-49.wav,49,hand saw,49,hand saw,hand saw; chainsaw; train,0.8837559223175049
Proto-LC,2,2-59565-A-46.wav,46,church bells,46,church bells,church bells; car horn; clock tick,0.8698691725730896
Proto-LC,2,2-59566-A-46.wav,46,church bells,46,church bells,church bells; clock alarm; car horn,0.8781474232673645
Proto-LC,2,2-60180-A-49.wav,49,hand saw,49,hand saw,hand saw; chainsaw; engine,0.9179266691207886
Proto-LC,2,2-60180-B-49.wav,49,hand saw,49,hand saw,hand saw; chainsaw; footsteps,0.8952471017837524
Proto-LC,2,2-60791-A-26.wav,26,laughing,26,laughing,laughing; clapping; coughing,0.7113930583000183
Proto-LC,2,2-60794-A-26.wav,26,laughing,26,laughing,laughing; clapping; hen,0.7028325796127319
Proto-LC,2,2-60795-A-26.wav,26,laughing,26,laughing,laughing; clapping; hen,0.6946278214454651
Proto-LC,2,2-60900-A-22.wav,22,clapping,22,clapping,clapping; fireworks; pouring water,0.593262791633606
Proto-LC,2,2-61311-A-12.wav,12,crackling fire,12,crackling fire,crackling fire; can opening; glass breaking,0.6547913551330566
Proto-LC,2,2-61618-A-46.wav,46,church bells,46,church bells,church bells; thunderstorm; car horn,0.9522585272789001
Proto-LC,2,2-62226-A-26.wav,26,laughing,26,laughing,laughing; coughing; clapping,0.8129967451095581
Proto-LC,2,2-64332-A-18.wav,18,toilet flush,18,toilet flush,toilet flush; washing machine; pouring water,0.9077378511428833
Proto-LC,2,2-64962-A-15.wav,15,water drops,15,water drops,water drops; pouring water; rain,0.8079386949539185
Proto-LC,2,2-64963-A-15.wav,15,water drops,15,water drops,water drops; pouring water; washing machine,0.8036558032035828
Proto-LC,2,2-65484-A-18.wav,18,toilet flush,18,toilet flush,toilet flush; pouring water; washing machine,0.8951795697212219
Proto-LC,2,2-65747-A-12.wav,12,crackling fire,12,crackling fire,crackling fire; rain; washing machine,0.8236430883407593
Proto-LC,2,2-65750-A-1.wav,1,rooster,1,rooster,rooster; hen; chirping birds,0.7855640649795532
Proto-LC,2,2-66205-A-23.wav,23,breathing,23,breathing,breathing; snoring; coughing,0.7702405452728271
Proto-LC,2,2-66637-A-20.wav,20,crying baby,20,crying baby,crying baby; laughing; cat,0.8623349666595459
Proto-LC,2,2-66637-B-20.wav,20,crying baby,20,crying baby,crying baby; laughing; cat,0.8479393720626831
Proto-LC,2,2-67422-A-18.wav,18,toilet flush,18,toilet flush,toilet flush; washing machine; pouring water,0.91813063621521
Proto-LC,2,2-68391-A-41.wav,41,chainsaw,41,chainsaw,chainsaw; engine; helicopter,0.6862238645553589
Proto-LC,2,2-68391-B-41.wav,41,chainsaw,41,chainsaw,chainsaw; engine; vacuum cleaner,0.7055435180664062
Proto-LC,2,2-68595-A-15.wav,15,water drops,15,water drops,water drops; pouring water; drinking sipping,0.8281433582305908
Proto-LC,2,2-68595-B-15.wav,15,water drops,15,water drops,water drops; drinking sipping; pouring water,0.7803552150726318
Proto-LC,2,2-69131-A-5.wav,5,cat,5,cat,cat; crow; crying baby,0.9086036682128906
Proto-LC,2,2-69131-B-5.wav,5,cat,5,cat,cat; crow; crying baby,0.8988730907440186
Proto-LC,2,2-70052-A-42.wav,42,siren,42,siren,siren; vacuum cleaner; engine,0.7928519248962402
Proto-LC,2,2-70052-B-42.wav,42,siren,42,siren,siren; car horn; glass breaking,0.6972008347511292
Proto-LC,2,2-70280-A-18.wav,18,toilet flush,18,toilet flush,toilet flush; washing machine; pouring water,0.9205511808395386
Proto-LC,2,2-70344-A-33.wav,33,door wood creaks,44,engine,engine; door wood knock; door wood creaks,0.5294604897499084
Proto-LC,2,2-70366-A-33.wav,33,door wood creaks,33,door wood creaks,door wood creaks; door wood knock; footsteps,0.7218962907791138
Proto-LC,2,2-70367-A-33.wav,33,door wood creaks,33,door wood creaks,door wood creaks; door wood knock; hand saw,0.7446152567863464
Proto-LC,2,2-70936-A-42.wav,42,siren,42,siren,siren; vacuum cleaner; sea waves,0.8366888761520386
Proto-LC,2,2-70938-A-42.wav,42,siren,42,siren,siren; car horn; clock alarm,0.809321403503418
Proto-LC,2,2-70939-A-42.wav,42,siren,42,siren,siren; car horn; clock alarm,0.8026843070983887
Proto-LC,2,2-71162-A-1.wav,1,rooster,1,rooster,rooster; hen; cow,0.8189851641654968
Proto-LC,2,2-72268-A-6.wav,6,hen,6,hen,hen; chirping birds; rooster,0.7916914224624634
Proto-LC,2,2-72547-A-14.wav,14,chirping birds,14,chirping birds,chirping birds; hen; insects,0.7035011053085327
Proto-LC,2,2-72547-B-14.wav,14,chirping birds,14,chirping birds,chirping birds; crickets; crow,0.8640009164810181
Proto-LC,2,2-72547-C-14.wav,14,chirping birds,14,chirping birds,chirping birds; crickets; insects,0.6471490859985352
Proto-LC,2,2-72547-D-14.wav,14,chirping birds,14,chirping birds,chirping birds; crow; thunderstorm,0.6281148195266724
Proto-LC,2,2-72677-A-18.wav,18,toilet flush,18,toilet flush,toilet flush; pouring water; washing machine,0.918212890625
Proto-LC,2,2-72688-A-42.wav,42,siren,42,siren,siren; thunderstorm; car horn,0.8130342960357666
Proto-LC,2,2-72970-A-10.wav,10,rain,10,rain,rain; crackling fire; thunderstorm,0.8473714590072632
Proto-LC,2,2-73027-A-10.wav,10,rain,10,rain,rain; washing machine; wind,0.8926260471343994
Proto-LC,2,2-7321-A-33.wav,33,door wood creaks,33,door wood creaks,door wood creaks; mouse click; door wood knock,0.5909561514854431
Proto-LC,2,2-73260-A-10.wav,10,rain,10,rain,rain; crackling fire; washing machine,0.6289583444595337
Proto-LC,2,2-73544-A-27.wav,27,brushing teeth,27,brushing teeth,brushing teeth; washing machine; hand saw,0.8004313707351685
Proto-LC,2,2-74361-A-47.wav,47,airplane,47,airplane,airplane; helicopter; thunderstorm,0.6206119656562805
Proto-LC,2,2-74977-A-18.wav,18,toilet flush,18,toilet flush,toilet flush; washing machine; pouring water,0.9019869565963745
Proto-LC,2,2-75726-A-6.wav,6,hen,6,hen,hen; rooster; chirping birds,0.8206087350845337
Proto-LC,2,2-76408-A-22.wav,22,clapping,22,clapping,clapping; footsteps; sea waves,0.752173900604248
Proto-LC,2,2-76408-B-22.wav,22,clapping,22,clapping,clapping; water drops; rain,0.7780818343162537
Proto-LC,2,2-76408-C-22.wav,22,clapping,22,clapping,clapping; footsteps; door wood knock,0.7341932058334351
Proto-LC,2,2-76408-D-22.wav,22,clapping,22,clapping,clapping; footsteps; door wood knock,0.7670432329177856
Proto-LC,2,2-76868-A-6.wav,6,hen,6,hen,hen; rooster; chirping birds,0.922356128692627
Proto-LC,2,2-77346-A-46.wav,46,church bells,46,church bells,church bells; thunderstorm; fireworks,0.9348305463790894
Proto-LC,2,2-77347-A-46.wav,46,church bells,46,church bells,church bells; car horn; thunderstorm,0.8767122030258179
Proto-LC,2,2-77945-A-41.wav,41,chainsaw,41,chainsaw,chainsaw; hand saw; crow,0.8656713962554932
Proto-LC,2,2-77945-B-41.wav,41,chainsaw,41,chainsaw,chainsaw; hand saw; engine,0.9034415483474731
Proto-LC,2,2-78381-A-46.wav,46,church bells,46,church bells,church bells; clock alarm; clock tick,0.7446938157081604
Proto-LC,2,2-78562-A-37.wav,37,clock alarm,37,clock alarm,clock alarm; church bells; clock tick,0.8577746152877808
Proto-LC,2,2-78562-B-37.wav,37,clock alarm,37,clock alarm,clock alarm; church bells; clock tick,0.8346295952796936
Proto-LC,2,2-78651-A-44.wav,44,engine,44,engine,engine; chainsaw; helicopter,0.6632041931152344
Proto-LC,2,2-78781-A-47.wav,47,airplane,47,airplane,airplane; helicopter; thunderstorm,0.7385489344596863
Proto-LC,2,2-78799-A-47.wav,47,airplane,47,airplane,airplane; helicopter; engine,0.49254387617111206
Proto-LC,2,2-79769-A-26.wav,26,laughing,26,laughing,laughing; crying baby; coughing,0.8257741928100586
Proto-LC,2,2-79775-A-26.wav,26,laughing,26,laughing,laughing; hen; rooster,0.8098883628845215
Proto-LC,2,2-80313-A-28.wav,28,snoring,28,snoring,snoring; breathing; drinking sipping,0.9107796549797058
Proto-LC,2,2-80482-A-20.wav,20,crying baby,20,crying baby,crying baby; clock alarm; cat,0.9021388292312622
Proto-LC,2,2-80844-A-13.wav,13,crickets,13,crickets,crickets; insects; chirping birds,0.8457326889038086
Proto-LC,2,2-81112-A-34.wav,34,can opening,34,can opening,can opening; drinking sipping; pouring water,0.6236492395401001
Proto-LC,2,2-81190-A-34.wav,34,can opening,34,can opening,can opening; glass breaking; mouse click,0.8285307884216309
Proto-LC,2,2-81270-A-1.wav,1,rooster,1,rooster,rooster; hen; cow,0.8393258452415466
Proto-LC,2,2-81731-A-10.wav,10,rain,10,rain,rain; water drops; crackling fire,0.789053738117218
Proto-LC,2,2-81970-A-7.wav,7,insects,7,insects,insects; crickets; engine,0.640744686126709
Proto-LC,2,2-81970-B-7.wav,7,insects,7,insects,insects; crickets; engine,0.6567035913467407
Proto-LC,2,2-81970-C-7.wav,7,insects,7,insects,insects; crickets; brushing teeth,0.5632857084274292
Proto-LC,2,2-82071-A-27.wav,27,brushing teeth,27,brushing teeth,brushing teeth; washing machine; engine,0.614933967590332
Proto-LC,2,2-82077-A-7.wav,7,insects,7,insects,insects; engine; airplane,0.5087207555770874
Proto-LC,2,2-82274-A-5.wav,5,cat,5,cat,cat; sheep; crow,0.8541914224624634
Proto-LC,2,2-82274-B-5.wav,5,cat,5,cat,cat; crying baby; sheep,0.9385428428649902
Proto-LC,2,2-82367-A-10.wav,10,rain,10,rain,rain; water drops; washing machine,0.8504992723464966
Proto-LC,2,2-82455-A-23.wav,23,breathing,23,breathing,breathing; snoring; mouse click,0.868105411529541
Proto-LC,2,2-82538-A-21.wav,21,sneezing,21,sneezing,sneezing; coughing; dog,0.8817800283432007
Proto-LC,2,2-83270-A-13.wav,13,crickets,13,crickets,crickets; insects; frog,0.7886620759963989
Proto-LC,2,2-83536-A-27.wav,27,brushing teeth,27,brushing teeth,brushing teeth; hand saw; washing machine,0.8161245584487915
Proto-LC,2,2-83667-A-34.wav,34,can opening,34,can opening,can opening; mouse click; crackling fire,0.6019189357757568
Proto-LC,2,2-83688-A-34.wav,34,can opening,34,can opening,can opening; crackling fire; pouring water,0.8079919815063477
Proto-LC,2,2-83934-A-5.wav,5,cat,5,cat,cat; crow; hen,0.5014477968215942
Proto-LC,2,2-83934-B-5.wav,5,cat,5,cat,cat; sheep; crying baby,0.8681009411811829
Proto-LC,2,2-84693-A-49.wav,49,hand saw,49,hand saw,hand saw; chainsaw; engine,0.8523967266082764
Proto-LC,2,2-84943-A-18.wav,18,toilet flush,18,toilet flush,toilet flush; pouring water; washing machine,0.8873779773712158
Proto-LC,2,2-84965-A-23.wav,23,breathing,23,breathing,breathing; wind; snoring,0.577939510345459
Proto-LC,2,2-85139-A-13.wav,13,crickets,13,crickets,crickets; insects; engine,0.849880039691925
Proto-LC,2,2-85292-A-24.wav,24,coughing,24,coughing,coughing; footsteps; sneezing,0.8727313280105591
Proto-LC,2,2-85434-A-27.wav,27,brushing teeth,27,brushing teeth,brushing teeth; washing machine; hand saw,0.8914594054222107
Proto-LC,2,2-85471-A-34.wav,34,can opening,34,can opening,can opening; pouring water; water drops,0.760895848274231
Proto-LC,2,2-85945-A-18.wav,18,toilet flush,18,toilet flush,toilet flush; pouring water; brushing teeth,0.9257543683052063
Proto-LC,2,2-86160-A-27.wav,27,brushing teeth,27,brushing teeth,brushing teeth; washing machine; pouring water,0.9234353303909302
Proto-LC,2,2-87282-A-34.wav,34,can opening,34,can opening,can opening; pouring water; drinking sipping,0.695237398147583
Proto-LC,2,2-87412-A-24.wav,24,coughing,24,coughing,coughing; sneezing; laughing,0.9209879636764526
Proto-LC,2,2-87780-A-33.wav,33,door wood creaks,33,door wood creaks,door wood creaks; door wood knock; mouse click,0.8560905456542969
Proto-LC,2,2-87781-A-10.wav,10,rain,10,rain,rain; crackling fire; water drops,0.835046112537384
Proto-LC,2,2-87794-A-24.wav,24,coughing,24,coughing,coughing; dog; laughing,0.6995583772659302
Proto-LC,2,2-87795-A-24.wav,24,coughing,24,coughing,coughing; laughing; dog,0.8159135580062866
Proto-LC,2,2-87799-A-24.wav,24,coughing,24,coughing,coughing; laughing; sneezing,0.8514000177383423
Proto-LC,2,2-88724-A-38.wav,38,clock tick,38,clock tick,clock tick; clock alarm; mouse click,0.7791366577148438
Proto-LC,2,2-89516-A-37.wav,37,clock alarm,37,clock alarm,clock alarm; rooster; door wood creaks,0.7344652414321899
Proto-LC,2,2-91912-A-33.wav,33,door wood creaks,33,door wood creaks,door wood creaks; water drops; footsteps,0.46624064445495605
Proto-LC,2,2-91912-B-33.wav,33,door wood creaks,33,door wood creaks,door wood creaks; engine; washing machine,0.5310734510421753
Proto-LC,2,2-92627-A-27.wav,27,brushing teeth,27,brushing teeth,brushing teeth; frog; insects,0.711718738079071
Proto-LC,2,2-92978-A-29.wav,29,drinking sipping,29,drinking sipping,drinking sipping; can opening; footsteps,0.5447095036506653
Proto-LC,2,2-93030-A-21.wav,21,sneezing,21,sneezing,sneezing; coughing; breathing,0.8463213443756104
Proto-LC,2,2-94230-A-27.wav,27,brushing teeth,27,brushing teeth,brushing teeth; insects; crickets,0.6670594811439514
Proto-LC,2,2-94807-A-29.wav,29,drinking sipping,29,drinking sipping,drinking sipping; pouring water; snoring,0.8188084363937378
Proto-LC,2,2-95035-A-1.wav,1,rooster,1,rooster,rooster; hen; chirping birds,0.8349058032035828
Proto-LC,2,2-95258-A-1.wav,1,rooster,1,rooster,rooster; hen; chirping birds,0.830711841583252
Proto-LC,2,2-95258-B-1.wav,1,rooster,6,hen,hen; rooster; chirping birds,0.8234503865242004
Proto-LC,2,2-95567-A-23.wav,23,breathing,23,breathing,breathing; snoring; crying baby,0.8578159809112549
Proto-LC,2,2-96033-A-13.wav,13,crickets,13,crickets,crickets; insects; engine,0.7433511018753052
Proto-LC,2,2-96063-A-37.wav,37,clock alarm,37,clock alarm,clock alarm; clock tick; mouse click,0.9156952500343323
Proto-LC,2,2-96460-A-1.wav,1,rooster,1,rooster,rooster; hen; cow,0.8712434768676758
Proto-LC,2,2-96654-A-47.wav,47,airplane,47,airplane,airplane; helicopter; train,0.7908589839935303
Proto-LC,2,2-96904-A-27.wav,27,brushing teeth,27,brushing teeth,brushing teeth; pouring water; washing machine,0.8875374794006348
Proto-LC,2,2-98392-A-23.wav,23,breathing,23,breathing,breathing; snoring; coughing,0.6269617676734924
Proto-LC,2,2-98676-A-24.wav,24,coughing,24,coughing,coughing; laughing; sneezing,0.8857350945472717
Proto-LC,2,2-98866-A-47.wav,47,airplane,47,airplane,airplane; helicopter; engine,0.8309096097946167
Proto-LC,2,2-99795-A-32.wav,32,keyboard typing,32,keyboard typing,keyboard typing; mouse click; clapping,0.8389992713928223
Proto-LC,2,2-99796-A-32.wav,32,keyboard typing,32,keyboard typing,keyboard typing; mouse click; crackling fire,0.8344318270683289
Proto-LC,2,2-99955-A-7.wav,7,insects,7,insects,insects; crickets; engine,0.6484391689300537
Proto-LC,2,2-99955-B-7.wav,7,insects,7,insects,insects; crickets; engine,0.6376029849052429
Proto-LC,2,2-99955-C-7.wav,7,insects,7,insects,insects; engine; crickets,0.5264687538146973
Logistic Regression,2,2-100648-A-43.wav,43,car horn,43,car horn,car horn; helicopter; laughing,0.9993953704833984
Logistic Regression,2,2-100786-A-1.wav,1,rooster,1,rooster,rooster; hen; door wood knock,0.9992071390151978
Logistic Regression,2,2-101676-A-10.wav,10,rain,10,rain,rain; crackling fire; footsteps,0.9839448928833008
Logistic Regression,2,2-102414-A-17.wav,17,pouring water,17,pouring water,pouring water; drinking sipping; toilet flush,0.9996910691261292
Logistic Regression,2,2-102414-B-17.wav,17,pouring water,17,pouring water,pouring water; water drops; rain,0.9996892213821411
Logistic Regression,2,2-102414-C-17.wav,17,pouring water,17,pouring water,pouring water; water drops; airplane,0.9998681545257568
Logistic Regression,2,2-102414-D-17.wav,17,pouring water,17,pouring water,pouring water; water drops; drinking sipping,0.9998310208320618
Logistic Regression,2,2-102414-E-17.wav,17,pouring water,17,pouring water,pouring water; drinking sipping; water drops,0.9998317956924438
Logistic Regression,2,2-102414-F-17.wav,17,pouring water,17,pouring water,pouring water; water drops; toilet flush,0.9942586421966553
Logistic Regression,2,2-102414-G-17.wav,17,pouring water,17,pouring water,pouring water; toilet flush; rain,0.9983299970626831
Logistic Regression,2,2-102435-A-37.wav,37,clock alarm,37,clock alarm,clock alarm; door wood knock; mouse click,0.7726191878318787
Logistic Regression,2,2-102567-A-35.wav,35,washing machine,35,washing machine,washing machine; helicopter; vacuum cleaner,0.9586951732635498
Logistic Regression,2,2-102567-B-35.wav,35,washing machine,35,washing machine,washing machine; footsteps; vacuum cleaner,0.9999891519546509
Logistic Regression,2,2-102567-C-35.wav,35,washing machine,35,washing machine,washing machine; vacuum cleaner; helicopter,0.9764087796211243
Logistic Regression,2,2-102567-D-35.wav,35,washing machine,35,washing machine,washing machine; vacuum cleaner; helicopter,0.9925487041473389
Logistic Regression,2,2-102568-A-35.wav,35,washing machine,35,washing machine,washing machine; insects; chainsaw,0.9988968968391418
Logistic Regression,2,2-102581-A-29.wav,29,drinking sipping,29,drinking sipping,drinking sipping; water drops; frog,0.8743504285812378
Logistic Regression,2,2-102581-B-29.wav,29,drinking sipping,29,drinking sipping,drinking sipping; water drops; footsteps,0.9382473230361938
Logistic Regression,2,2-102852-A-11.wav,11,sea waves,11,sea waves,sea waves; wind; footsteps,0.9993753433227539
Logistic Regression,2,2-103423-A-3.wav,3,cow,3,cow,cow; rooster; pig,0.9997226595878601
Logistic Regression,2,2-103424-A-3.wav,3,cow,3,cow,cow; pig; snoring,0.9996500015258789
Logistic Regression,2,2-103426-A-3.wav,3,cow,3,cow,cow; pig; rooster,0.9996157288551331
Logistic Regression,2,2-103427-A-3.wav,3,cow,3,cow,cow; sheep; rooster,0.9997975826263428
Logistic Regression,2,2-103428-A-3.wav,3,cow,3,cow,cow; snoring; pig,0.9995144605636597
Logistic Regression,2,2-104105-A-19.wav,19,thunderstorm,19,thunderstorm,thunderstorm; rain; airplane,0.9994370937347412
Logistic Regression,2,2-104105-B-19.wav,19,thunderstorm,19,thunderstorm,thunderstorm; airplane; rain,0.999224066734314
Logistic Regression,2,2-104168-A-32.wav,32,keyboard typing,32,keyboard typing,keyboard typing; mouse click; clock tick,0.9980957508087158
Logistic Regression,2,2-104475-A-37.wav,37,clock alarm,37,clock alarm,clock alarm; crying baby; clock tick,0.9994706511497498
Logistic Regression,2,2-104476-A-37.wav,37,clock alarm,37,clock alarm,clock alarm; clock tick; coughing,0.9996553063392639
Logistic Regression,2,2-104877-A-3.wav,3,cow,3,cow,cow; pig; chainsaw,0.9993090629577637
Logistic Regression,2,2-104952-A-16.wav,16,wind,16,wind,wind; airplane; thunderstorm,0.9782595634460449
Logistic Regression,2,2-104952-B-16.wav,16,wind,16,wind,wind; sea waves; rain,0.9982671737670898
Logistic Regression,2,2-105270-A-47.wav,47,airplane,40,helicopter,helicopter; airplane; engine,0.9082480072975159
Logistic Regression,2,2-106014-A-44.wav,44,engine,35,washing machine,washing machine; engine; helicopter,0.9221915006637573
Logistic Regression,2,2-106015-A-44.wav,44,engine,44,engine,engine; washing machine; helicopter,0.9944203495979309
Logistic Regression,2,2-106015-B-44.wav,44,engine,44,engine,engine; washing machine; helicopter,0.6475615501403809
Logistic Regression,2,2-106019-A-13.wav,13,crickets,13,crickets,crickets; frog; crackling fire,0.9242196679115295
Logistic Regression,2,2-106072-A-36.wav,36,vacuum cleaner,36,vacuum cleaner,vacuum cleaner; washing machine; glass breaking,0.998435378074646
Logistic Regression,2,2-106073-A-36.wav,36,vacuum cleaner,36,vacuum cleaner,vacuum cleaner; washing machine; wind,0.9990888833999634
Logistic Regression,2,2-106486-A-44.wav,44,engine,44,engine,engine; washing machine; helicopter,0.9997184872627258
Logistic Regression,2,2-106487-A-44.wav,44,engine,44,engine,engine; washing machine; helicopter,0.9999001622200012
Logistic Regression,2,2-106849-A-47.wav,47,airplane,47,airplane,airplane; helicopter; can opening,0.9221177101135254
Logistic Regression,2,2-106881-A-39.wav,39,glass breaking,39,glass breaking,glass breaking; crackling fire; footsteps,0.691931426525116
Logistic Regression,2,2-107228-A-44.wav,44,engine,44,engine,engine; washing machine; helicopter,0.9079882502555847
Logistic Regression,2,2-107228-B-44.wav,44,engine,44,engine,engine; helicopter; washing machine,0.9941575527191162
Logistic Regression,2,2-107351-A-20.wav,20,crying baby,20,crying baby,crying baby; coughing; cat,0.9990024566650391
Logistic Regression,2,2-107351-B-20.wav,20,crying baby,20,crying baby,crying baby; coughing; laughing,0.9985786080360413
Logistic Regression,2,2-108017-A-24.wav,24,coughing,24,coughing,coughing; footsteps; sneezing,0.9978972673416138
Logistic Regression,2,2-108760-A-14.wav,14,chirping birds,14,chirping birds,chirping birds; crow; wind,0.9831429719924927
Logistic Regression,2,2-108760-B-14.wav,14,chirping birds,14,chirping birds,chirping birds; crow; wind,0.9484159350395203
Logistic Regression,2,2-108761-A-14.wav,14,chirping birds,14,chirping birds,chirping birds; wind; crickets,0.9980412721633911
Logistic Regression,2,2-108763-A-9.wav,9,crow,9,crow,crow; frog; chirping birds,0.9948112964630127
Logistic Regression,2,2-108766-A-9.wav,9,crow,9,crow,crow; frog; car horn,0.9992298483848572
Logistic Regression,2,2-108767-A-9.wav,9,crow,9,crow,crow; frog; wind,0.9952943325042725
Logistic Regression,2,2-108767-B-9.wav,9,crow,9,crow,crow; frog; sheep,0.9950224161148071
Logistic Regression,2,2-108767-C-9.wav,9,crow,9,crow,crow; frog; chainsaw,0.9996113777160645
Logistic Regression,2,2-109231-A-9.wav,9,crow,9,crow,crow; frog; chirping birds,0.9967480301856995
Logistic Regression,2,2-109231-B-9.wav,9,crow,9,crow,crow; chirping birds; frog,0.998063325881958
Logistic Regression,2,2-109231-C-9.wav,9,crow,9,crow,crow; frog; car horn,0.9934254288673401
Logistic Regression,2,2-109316-A-32.wav,32,keyboard typing,32,keyboard typing,keyboard typing; mouse click; door wood knock,0.9995153546333313
Logistic Regression,2,2-109371-A-16.wav,16,wind,16,wind,wind; airplane; washing machine,0.999564528465271
Logistic Regression,2,2-109371-B-16.wav,16,wind,16,wind,wind; airplane; rain,0.9995172619819641
Logistic Regression,2,2-109371-C-16.wav,16,wind,16,wind,wind; washing machine; train,0.9932098388671875
Logistic Regression,2,2-109371-D-16.wav,16,wind,16,wind,wind; airplane; helicopter,0.9894823431968689
Logistic Regression,2,2-109374-A-16.wav,16,wind,35,washing machine,washing machine; wind; mouse click,0.711691677570343
Logistic Regression,2,2-109505-A-21.wav,21,sneezing,21,sneezing,sneezing; coughing; breathing,0.9978769421577454
Logistic Regression,2,2-109759-A-26.wav,26,laughing,26,laughing,laughing; breathing; sneezing,0.9855989813804626
Logistic Regression,2,2-109759-B-26.wav,26,laughing,26,laughing,laughing; sneezing; coughing,0.9997276067733765
Logistic Regression,2,2-110010-A-5.wav,5,cat,5,cat,cat; sneezing; dog,0.9962670207023621
Logistic Regression,2,2-110011-A-5.wav,5,cat,5,cat,cat; sheep; dog,0.9992151260375977
Logistic Regression,2,2-110417-A-28.wav,28,snoring,28,snoring,snoring; drinking sipping; sneezing,0.9983734488487244
Logistic Regression,2,2-110417-B-28.wav,28,snoring,28,snoring,snoring; drinking sipping; cow,0.9995765686035156
Logistic Regression,2,2-110613-A-13.wav,13,crickets,13,crickets,crickets; clock alarm; chirping birds,0.9911964535713196
Logistic Regression,2,2-110614-A-8.wav,8,sheep,8,sheep,sheep; cow; pig,0.9995930790901184
Logistic Regression,2,2-110614-B-8.wav,8,sheep,8,sheep,sheep; pig; cow,0.9998629093170166
Logistic Regression,2,2-112213-A-39.wav,39,glass breaking,39,glass breaking,glass breaking; vacuum cleaner; keyboard typing,0.9983714818954468
Logistic Regression,2,2-112213-B-39.wav,39,glass breaking,39,glass breaking,glass breaking; vacuum cleaner; keyboard typing,0.9992626905441284
Logistic Regression,2,2-114254-A-30.wav,30,door wood knock,30,door wood knock,door wood knock; water drops; rooster,0.9996923208236694
Logistic Regression,2,2-114280-A-0.wav,0,dog,0,dog,dog; sea waves; clock alarm,0.99991375207901
Logistic Regression,2,2-114587-A-0.wav,0,dog,0,dog,dog; vacuum cleaner; clock alarm,0.9994242191314697
Logistic Regression,2,2-114609-A-28.wav,28,snoring,28,snoring,snoring; breathing; drinking sipping,0.9057486057281494
Logistic Regression,2,2-114609-B-28.wav,28,snoring,28,snoring,snoring; breathing; drinking sipping,0.993067741394043
Logistic Regression,2,2-116400-A-0.wav,0,dog,0,dog,dog; clock alarm; car horn,0.9998260140419006
Logistic Regression,2,2-117116-A-37.wav,37,clock alarm,37,clock alarm,clock alarm; chirping birds; clock tick,0.9996970295906067
Logistic Regression,2,2-117271-A-0.wav,0,dog,0,dog,dog; engine; car horn,0.9997063279151917
Logistic Regression,2,2-117330-A-28.wav,28,snoring,28,snoring,snoring; breathing; drinking sipping,0.9993413090705872
Logistic Regression,2,2-117615-A-48.wav,48,fireworks,48,fireworks,fireworks; engine; siren,0.9988160729408264
Logistic Regression,2,2-117615-B-48.wav,48,fireworks,48,fireworks,fireworks; door wood knock; clapping,0.999397337436676
Logistic Regression,2,2-117615-C-48.wav,48,fireworks,48,fireworks,fireworks; door wood knock; sneezing,0.9998064637184143
Logistic Regression,2,2-117615-D-48.wav,48,fireworks,48,fireworks,fireworks; door wood knock; thunderstorm,0.999626636505127
Logistic Regression,2,2-117615-E-48.wav,48,fireworks,48,fireworks,fireworks; crackling fire; can opening,0.9976786971092224
Logistic Regression,2,2-117616-A-48.wav,48,fireworks,48,fireworks,fireworks; thunderstorm; door wood knock,0.9973791837692261
Logistic Regression,2,2-117617-A-48.wav,48,fireworks,48,fireworks,fireworks; crackling fire; clapping,0.98603355884552
Logistic Regression,2,2-117625-A-10.wav,10,rain,10,rain,rain; wind; crackling fire,0.9995018243789673
Logistic Regression,2,2-117795-A-3.wav,3,cow,3,cow,cow; chainsaw; sheep,0.9993186593055725
Logistic Regression,2,2-117795-B-3.wav,3,cow,3,cow,cow; sheep; chainsaw,0.9996932744979858
Logistic Regression,2,2-118072-A-0.wav,0,dog,0,dog,dog; rooster; mouse click,0.9982252717018127
Logistic Regression,2,2-118104-A-21.wav,21,sneezing,21,sneezing,sneezing; vacuum cleaner; breathing,0.9999748468399048
Logistic Regression,2,2-118459-A-32.wav,32,keyboard typing,32,keyboard typing,keyboard typing; footsteps; clock tick,0.9997851252555847
Logistic Regression,2,2-118459-B-32.wav,32,keyboard typing,32,keyboard typing,keyboard typing; clock tick; mouse click,0.9999614953994751
Logistic Regression,2,2-118624-A-30.wav,30,door wood knock,30,door wood knock,door wood knock; coughing; rooster,0.9993816614151001
Logistic Regression,2,2-118625-A-30.wav,30,door wood knock,30,door wood knock,door wood knock; coughing; breathing,0.9978944659233093
Logistic Regression,2,2-118817-A-32.wav,32,keyboard typing,32,keyboard typing,keyboard typing; mouse click; crackling fire,0.9987499117851257
Logistic Regression,2,2-118964-A-0.wav,0,dog,0,dog,dog; pig; can opening,0.9987968802452087
Logistic Regression,2,2-119102-A-21.wav,21,sneezing,21,sneezing,sneezing; fireworks; breathing,0.9999877214431763
Logistic Regression,2,2-119139-A-31.wav,31,mouse click,31,mouse click,mouse click; can opening; snoring,0.9277294278144836
Logistic Regression,2,2-119161-A-8.wav,8,sheep,8,sheep,sheep; cat; pig,0.9996681809425354
Logistic Regression,2,2-119161-B-8.wav,8,sheep,8,sheep,sheep; cat; sneezing,0.9991530179977417
Logistic Regression,2,2-119161-C-8.wav,8,sheep,8,sheep,sheep; pig; sneezing,0.9977821707725525
Logistic Regression,2,2-119748-A-38.wav,38,clock tick,38,clock tick,clock tick; water drops; mouse click,0.9933525919914246
Logistic Regression,2,2-120218-A-30.wav,30,door wood knock,30,door wood knock,door wood knock; door wood creaks; rooster,0.9887101054191589
Logistic Regression,2,2-120218-B-30.wav,30,door wood knock,30,door wood knock,door wood knock; door wood creaks; rooster,0.9967738389968872
Logistic Regression,2,2-120333-A-32.wav,32,keyboard typing,32,keyboard typing,keyboard typing; mouse click; rain,0.988201379776001
Logistic Regression,2,2-120586-A-6.wav,6,hen,6,hen,hen; rooster; coughing,0.9792967438697815
Logistic Regression,2,2-120587-A-6.wav,6,hen,6,hen,hen; rooster; engine,0.998528242111206
Logistic Regression,2,2-121909-A-35.wav,35,washing machine,35,washing machine,washing machine; hand saw; chainsaw,0.9998432397842407
Logistic Regression,2,2-121978-A-29.wav,29,drinking sipping,29,drinking sipping,drinking sipping; cat; siren,0.7473708391189575
Logistic Regression,2,2-122066-A-45.wav,45,train,45,train,train; airplane; siren,0.9945028424263
Logistic Regression,2,2-122066-B-45.wav,45,train,45,train,train; footsteps; siren,0.9994782209396362
Logistic Regression,2,2-122067-A-45.wav,45,train,45,train,train; footsteps; airplane,0.9999335408210754
Logistic Regression,2,2-122067-B-45.wav,45,train,45,train,train; footsteps; rain,0.9998508095741272
Logistic Regression,2,2-122104-A-0.wav,0,dog,0,dog,dog; car horn; wind,0.9994297027587891
Logistic Regression,2,2-122104-B-0.wav,0,dog,0,dog,dog; wind; car horn,0.9989188313484192
Logistic Regression,2,2-122616-A-14.wav,14,chirping birds,14,chirping birds,chirping birds; vacuum cleaner; water drops,0.9999597072601318
Logistic Regression,2,2-122763-A-29.wav,29,drinking sipping,29,drinking sipping,drinking sipping; frog; engine,0.9987440705299377
Logistic Regression,2,2-122763-B-29.wav,29,drinking sipping,29,drinking sipping,drinking sipping; snoring; engine,0.9999398589134216
Logistic Regression,2,2-122820-A-36.wav,36,vacuum cleaner,36,vacuum cleaner,vacuum cleaner; chainsaw; rain,0.9989160895347595
Logistic Regression,2,2-122820-B-36.wav,36,vacuum cleaner,36,vacuum cleaner,vacuum cleaner; chainsaw; brushing teeth,0.9993775486946106
Logistic Regression,2,2-123712-A-33.wav,33,door wood creaks,33,door wood creaks,door wood creaks; mouse click; clock alarm,0.9896011352539062
Logistic Regression,2,2-123896-A-24.wav,24,coughing,24,coughing,coughing; laughing; sneezing,0.9998577833175659
Logistic Regression,2,2-124564-A-15.wav,15,water drops,15,water drops,water drops; drinking sipping; mouse click,0.5664346218109131
Logistic Regression,2,2-124662-A-11.wav,11,sea waves,11,sea waves,sea waves; helicopter; footsteps,0.9998423457145691
Logistic Regression,2,2-125520-A-43.wav,43,car horn,43,car horn,car horn; airplane; clock tick,0.9870127439498901
Logistic Regression,2,2-125821-A-13.wav,13,crickets,13,crickets,crickets; water drops; chirping birds,0.9979865550994873
Logistic Regression,2,2-125875-A-13.wav,13,crickets,13,crickets,crickets; washing machine; vacuum cleaner,0.9945100545883179
Logistic Regression,2,2-125966-A-11.wav,11,sea waves,11,sea waves,sea waves; footsteps; water drops,0.9951635599136353
Logistic Regression,2,2-126433-A-17.wav,17,pouring water,17,pouring water,pouring water; water drops; washing machine,0.996439516544342
Logistic Regression,2,2-126756-A-29.wav,29,drinking sipping,21,sneezing,sneezing; laughing; drinking sipping,0.32734692096710205
Logistic Regression,2,2-127108-A-38.wav,38,clock tick,38,clock tick,clock tick; water drops; clock alarm,0.9994308352470398
Logistic Regression,2,2-127109-A-6.wav,6,hen,6,hen,hen; chirping birds; frog,0.9995533227920532
Logistic Regression,2,2-128465-A-43.wav,43,car horn,43,car horn,car horn; siren; airplane,0.9988284111022949
Logistic Regression,2,2-128465-B-43.wav,43,car horn,43,car horn,car horn; siren; rain,0.9987515211105347
Logistic Regression,2,2-128631-A-21.wav,21,sneezing,21,sneezing,sneezing; breathing; coughing,0.9991113543510437
Logistic Regression,2,2-130245-A-34.wav,34,can opening,34,can opening,can opening; crackling fire; drinking sipping,0.9975205063819885
Logistic Regression,2,2-130978-A-21.wav,21,sneezing,21,sneezing,sneezing; vacuum cleaner; breathing,0.9998358488082886
Logistic Regression,2,2-130979-A-21.wav,21,sneezing,21,sneezing,sneezing; footsteps; vacuum cleaner,0.999712347984314
Logistic Regression,2,2-131943-A-38.wav,38,clock tick,38,clock tick,clock tick; mouse click; clock alarm,0.994273841381073
Logistic Regression,2,2-132157-A-11.wav,11,sea waves,11,sea waves,sea waves; footsteps; water drops,0.9986655116081238
Logistic Regression,2,2-132157-B-11.wav,11,sea waves,11,sea waves,sea waves; footsteps; chainsaw,0.9991490244865417
Logistic Regression,2,2-133863-A-11.wav,11,sea waves,11,sea waves,sea waves; wind; laughing,0.9999609589576721
Logistic Regression,2,2-133889-A-30.wav,30,door wood knock,30,door wood knock,door wood knock; footsteps; clock tick,0.9874143600463867
Logistic Regression,2,2-134049-A-6.wav,6,hen,6,hen,hen; pig; rooster,0.8172428011894226
Logistic Regression,2,2-134700-A-38.wav,38,clock tick,38,clock tick,clock tick; mouse click; water drops,0.9997188448905945
Logistic Regression,2,2-134915-A-30.wav,30,door wood knock,30,door wood knock,door wood knock; footsteps; clock tick,0.9915795922279358
Logistic Regression,2,2-135649-A-45.wav,45,train,45,train,train; footsteps; rain,0.999308705329895
Logistic Regression,2,2-135649-B-45.wav,45,train,45,train,train; airplane; rain,0.9996797442436218
Logistic Regression,2,2-135649-C-45.wav,45,train,45,train,train; washing machine; breathing,0.9968701601028442
Logistic Regression,2,2-135728-A-38.wav,38,clock tick,38,clock tick,clock tick; mouse click; clock alarm,0.9996482729911804
Logistic Regression,2,2-135860-A-49.wav,49,hand saw,49,hand saw,hand saw; brushing teeth; chainsaw,0.9994370937347412
Logistic Regression,2,2-137162-A-11.wav,11,sea waves,11,sea waves,sea waves; wind; laughing,0.99940025806427
Logistic Regression,2,2-138257-A-31.wav,31,mouse click,31,mouse click,mouse click; keyboard typing; clock tick,0.989570140838623
Logistic Regression,2,2-138465-A-43.wav,43,car horn,43,car horn,car horn; airplane; rain,0.9290276765823364
Logistic Regression,2,2-139748-A-15.wav,15,water drops,15,water drops,water drops; clock tick; door wood knock,0.8377317190170288
Logistic Regression,2,2-139748-B-15.wav,15,water drops,15,water drops,water drops; door wood knock; clock tick,0.8634803295135498
Logistic Regression,2,2-139749-A-15.wav,15,water drops,15,water drops,water drops; mouse click; drinking sipping,0.9926372766494751
Logistic Regression,2,2-140147-A-38.wav,38,clock tick,38,clock tick,clock tick; mouse click; clock alarm,0.9993075132369995
Logistic Regression,2,2-140841-A-30.wav,30,door wood knock,30,door wood knock,door wood knock; coughing; door wood creaks,0.9987204074859619
Logistic Regression,2,2-141563-A-39.wav,39,glass breaking,39,glass breaking,glass breaking; pig; can opening,0.9948769807815552
Logistic Regression,2,2-141584-A-38.wav,38,clock tick,38,clock tick,clock tick; mouse click; water drops,0.997765839099884
Logistic Regression,2,2-141681-A-36.wav,36,vacuum cleaner,36,vacuum cleaner,vacuum cleaner; washing machine; train,0.9982535243034363
Logistic Regression,2,2-141681-B-36.wav,36,vacuum cleaner,36,vacuum cleaner,vacuum cleaner; washing machine; helicopter,0.9995437264442444
Logistic Regression,2,2-141682-A-36.wav,36,vacuum cleaner,36,vacuum cleaner,vacuum cleaner; insects; toilet flush,0.9994175434112549
Logistic Regression,2,2-141682-B-36.wav,36,vacuum cleaner,36,vacuum cleaner,vacuum cleaner; washing machine; rain,0.9301683306694031
Logistic Regression,2,2-144031-A-34.wav,34,can opening,34,can opening,can opening; mouse click; crackling fire,0.9997576475143433
Logistic Regression,2,2-144137-A-43.wav,43,car horn,43,car horn,car horn; door wood knock; siren,0.9957084655761719
Logistic Regression,2,2-146877-A-31.wav,31,mouse click,31,mouse click,mouse click; keyboard typing; can opening,0.9929737448692322
Logistic Regression,2,2-146877-B-31.wav,31,mouse click,31,mouse click,mouse click; keyboard typing; can opening,0.9966999292373657
Logistic Regression,2,2-151079-A-20.wav,20,crying baby,20,crying baby,crying baby; cat; clock alarm,0.9991270899772644
Logistic Regression,2,2-152895-A-31.wav,31,mouse click,31,mouse click,mouse click; door wood knock; washing machine,0.6477586030960083
Logistic Regression,2,2-152964-A-31.wav,31,mouse click,31,mouse click,mouse click; can opening; clock tick,0.9896337389945984
Logistic Regression,2,2-153388-A-31.wav,31,mouse click,35,washing machine,washing machine; mouse click; can opening,0.9126308560371399
Logistic Regression,2,2-154688-A-31.wav,31,mouse click,31,mouse click,mouse click; keyboard typing; door wood knock,0.9854623079299927
Logistic Regression,2,2-155801-A-11.wav,11,sea waves,11,sea waves,sea waves; helicopter; rain,0.996875524520874
Logistic Regression,2,2-157488-A-6.wav,6,hen,6,hen,hen; chirping birds; rooster,0.9954829812049866
Logistic Regression,2,2-158746-A-2.wav,2,pig,2,pig,pig; drinking sipping; cow,0.9918763637542725
Logistic Regression,2,2-158746-B-2.wav,2,pig,2,pig,pig; drinking sipping; cow,0.9981200098991394
Logistic Regression,2,2-158746-C-2.wav,2,pig,2,pig,pig; cow; snoring,0.9921599626541138
Logistic Regression,2,2-158746-D-2.wav,2,pig,2,pig,pig; drinking sipping; snoring,0.9623060822486877
Logistic Regression,2,2-160128-A-7.wav,7,insects,7,insects,insects; crickets; helicopter,0.9912838935852051
Logistic Regression,2,2-160888-A-47.wav,47,airplane,47,airplane,airplane; washing machine; thunderstorm,0.9764814972877502
Logistic Regression,2,2-165801-A-48.wav,48,fireworks,48,fireworks,fireworks; door wood knock; thunderstorm,0.9992594718933105
Logistic Regression,2,2-166644-A-2.wav,2,pig,2,pig,pig; dog; hen,0.9971272349357605
Logistic Regression,2,2-166644-B-2.wav,2,pig,2,pig,pig; drinking sipping; brushing teeth,0.9897382259368896
Logistic Regression,2,2-166644-C-2.wav,2,pig,2,pig,pig; drinking sipping; washing machine,0.9983115196228027
Logistic Regression,2,2-173559-A-39.wav,39,glass breaking,39,glass breaking,glass breaking; vacuum cleaner; keyboard typing,0.9988201260566711
Logistic Regression,2,2-173607-A-39.wav,39,glass breaking,39,glass breaking,glass breaking; keyboard typing; vacuum cleaner,0.9992741346359253
Logistic Regression,2,2-173618-A-39.wav,39,glass breaking,39,glass breaking,glass breaking; keyboard typing; vacuum cleaner,0.9967789053916931
Logistic Regression,2,2-182508-A-8.wav,8,sheep,8,sheep,sheep; wind; cow,0.9883413314819336
Logistic Regression,2,2-182508-B-8.wav,8,sheep,8,sheep,sheep; cat; insects,0.7602876424789429
Logistic Regression,2,2-184077-A-49.wav,49,hand saw,49,hand saw,hand saw; brushing teeth; mouse click,0.961449921131134
Logistic Regression,2,2-18766-A-12.wav,12,crackling fire,12,crackling fire,crackling fire; mouse click; rain,0.999855101108551
Logistic Regression,2,2-18766-B-12.wav,12,crackling fire,12,crackling fire,crackling fire; glass breaking; can opening,0.9994366765022278
Logistic Regression,2,2-188822-A-40.wav,40,helicopter,47,airplane,airplane; engine; train,0.5361215472221375
Logistic Regression,2,2-188822-B-40.wav,40,helicopter,40,helicopter,helicopter; airplane; siren,0.9050713181495667
Logistic Regression,2,2-188822-C-40.wav,40,helicopter,40,helicopter,helicopter; engine; washing machine,0.9995853900909424
Logistic Regression,2,2-188822-D-40.wav,40,helicopter,40,helicopter,helicopter; airplane; washing machine,0.9861469268798828
Logistic Regression,2,2-196688-A-8.wav,8,sheep,8,sheep,sheep; wind; crickets,0.9981696009635925
Logistic Regression,2,2-205966-A-16.wav,16,wind,16,wind,wind; airplane; rain,0.9609508514404297
Logistic Regression,2,2-209471-A-25.wav,25,footsteps,25,footsteps,footsteps; washing machine; door wood knock,0.9997175931930542
Logistic Regression,2,2-209472-A-25.wav,25,footsteps,25,footsteps,footsteps; washing machine; train,0.9989125728607178
Logistic Regression,2,2-209473-A-25.wav,25,footsteps,25,footsteps,footsteps; door wood creaks; washing machine,0.9997270703315735
Logistic Regression,2,2-209474-A-25.wav,25,footsteps,25,footsteps,footsteps; door wood knock; train,0.9993991255760193
Logistic Regression,2,2-209475-A-25.wav,25,footsteps,25,footsteps,footsteps; washing machine; door wood creaks,0.9989081025123596
Logistic Regression,2,2-209476-A-25.wav,25,footsteps,25,footsteps,footsteps; washing machine; door wood knock,0.9994737505912781
Logistic Regression,2,2-209477-A-25.wav,25,footsteps,25,footsteps,footsteps; washing machine; crying baby,0.999821126461029
Logistic Regression,2,2-209478-A-25.wav,25,footsteps,25,footsteps,footsteps; washing machine; sea waves,0.999908447265625
Logistic Regression,2,2-250710-A-39.wav,39,glass breaking,39,glass breaking,glass breaking; water drops; can opening,0.9822415113449097
Logistic Regression,2,2-25292-A-22.wav,22,clapping,22,clapping,clapping; laughing; glass breaking,0.999205470085144
Logistic Regression,2,2-25293-A-22.wav,22,clapping,22,clapping,clapping; car horn; door wood knock,0.9993860721588135
Logistic Regression,2,2-262579-A-45.wav,45,train,45,train,train; footsteps; coughing,0.998871386051178
Logistic Regression,2,2-28314-A-12.wav,12,crackling fire,12,crackling fire,crackling fire; glass breaking; footsteps,0.9995443820953369
Logistic Regression,2,2-28314-B-12.wav,12,crackling fire,12,crackling fire,crackling fire; glass breaking; fireworks,0.9960602521896362
Logistic Regression,2,2-30322-A-12.wav,12,crackling fire,12,crackling fire,crackling fire; footsteps; glass breaking,0.9996857643127441
Logistic Regression,2,2-30322-B-12.wav,12,crackling fire,12,crackling fire,crackling fire; glass breaking; fireworks,0.9977686405181885
Logistic Regression,2,2-32515-A-4.wav,4,frog,4,frog,frog; snoring; crickets,0.99932461977005
Logistic Regression,2,2-32515-B-4.wav,4,frog,4,frog,frog; crickets; thunderstorm,0.998494565486908
Logistic Regression,2,2-32515-C-4.wav,4,frog,4,frog,frog; thunderstorm; snoring,0.9993147850036621
Logistic Regression,2,2-32515-D-4.wav,4,frog,4,frog,frog; snoring; clock tick,0.9994433522224426
Logistic Regression,2,2-32834-A-4.wav,4,frog,4,frog,frog; keyboard typing; thunderstorm,0.9992631673812866
Logistic Regression,2,2-37806-A-40.wav,40,helicopter,40,helicopter,helicopter; airplane; engine,0.992464542388916
Logistic Regression,2,2-37806-B-40.wav,40,helicopter,40,helicopter,helicopter; airplane; engine,0.9984013438224792
Logistic Regression,2,2-37806-C-40.wav,40,helicopter,40,helicopter,helicopter; airplane; engine,0.8271859288215637
Logistic Regression,2,2-37806-D-40.wav,40,helicopter,40,helicopter,helicopter; airplane; washing machine,0.9998140335083008
Logistic Regression,2,2-37870-A-2.wav,2,pig,2,pig,pig; drinking sipping; washing machine,0.9986753463745117
Logistic Regression,2,2-39441-A-19.wav,19,thunderstorm,19,thunderstorm,thunderstorm; airplane; wind,0.9974314570426941
Logistic Regression,2,2-39443-A-19.wav,19,thunderstorm,19,thunderstorm,thunderstorm; airplane; wind,0.9994063973426819
Logistic Regression,2,2-39443-B-19.wav,19,thunderstorm,19,thunderstorm,thunderstorm; airplane; fireworks,0.9976055026054382
Logistic Regression,2,2-39945-A-19.wav,19,thunderstorm,19,thunderstorm,thunderstorm; airplane; fireworks,0.9996703267097473
Logistic Regression,2,2-39945-B-19.wav,19,thunderstorm,19,thunderstorm,thunderstorm; airplane; fireworks,0.9995043277740479
Logistic Regression,2,2-39945-C-19.wav,19,thunderstorm,19,thunderstorm,thunderstorm; airplane; fireworks,0.9996008276939392
Logistic Regression,2,2-42101-A-43.wav,43,car horn,43,car horn,car horn; train; wind,0.9991432428359985
Logistic Regression,2,2-43802-A-42.wav,42,siren,42,siren,siren; engine; vacuum cleaner,0.9926373362541199
Logistic Regression,2,2-43806-A-42.wav,42,siren,42,siren,siren; helicopter; chainsaw,0.9978766441345215
Logistic Regression,2,2-50665-A-20.wav,20,crying baby,20,crying baby,crying baby; rooster; cat,0.9653757214546204
Logistic Regression,2,2-50666-A-20.wav,20,crying baby,20,crying baby,crying baby; cat; thunderstorm,0.9998151659965515
Logistic Regression,2,2-50667-A-41.wav,41,chainsaw,41,chainsaw,chainsaw; hand saw; engine,0.9990853667259216
Logistic Regression,2,2-50667-B-41.wav,41,chainsaw,41,chainsaw,chainsaw; hand saw; vacuum cleaner,0.9996532201766968
Logistic Regression,2,2-50668-A-41.wav,41,chainsaw,41,chainsaw,chainsaw; hand saw; cow,0.9998190402984619
Logistic Regression,2,2-50668-B-41.wav,41,chainsaw,41,chainsaw,chainsaw; hand saw; crackling fire,0.9999459981918335
Logistic Regression,2,2-50774-A-23.wav,23,breathing,23,breathing,breathing; snoring; mouse click,0.999641478061676
Logistic Regression,2,2-51173-A-35.wav,35,washing machine,35,washing machine,washing machine; train; mouse click,0.9736918807029724
Logistic Regression,2,2-51630-A-49.wav,49,hand saw,49,hand saw,hand saw; vacuum cleaner; door wood knock,0.9994755387306213
Logistic Regression,2,2-51630-B-49.wav,49,hand saw,49,hand saw,hand saw; vacuum cleaner; engine,0.9816368818283081
Logistic Regression,2,2-52001-A-28.wav,28,snoring,28,snoring,snoring; drinking sipping; pig,0.9984281659126282
Logistic Regression,2,2-52001-B-28.wav,28,snoring,28,snoring,snoring; breathing; airplane,0.999306857585907
Logistic Regression,2,2-52085-A-4.wav,4,frog,4,frog,frog; hen; chirping birds,0.9964533448219299
Logistic Regression,2,2-52085-B-4.wav,4,frog,4,frog,frog; hen; engine,0.999502956867218
Logistic Regression,2,2-52789-A-4.wav,4,frog,4,frog,frog; hen; cat,0.5955841541290283
Logistic Regression,2,2-54086-A-43.wav,43,car horn,43,car horn,car horn; clock alarm; siren,0.9447142481803894
Logistic Regression,2,2-54961-A-23.wav,23,breathing,23,breathing,breathing; snoring; coughing,0.9995210766792297
Logistic Regression,2,2-54962-A-23.wav,23,breathing,23,breathing,breathing; snoring; cow,0.9983068108558655
Logistic Regression,2,2-56926-A-46.wav,46,church bells,46,church bells,church bells; thunderstorm; water drops,0.9991889595985413
Logistic Regression,2,2-57191-A-46.wav,46,church bells,46,church bells,church bells; thunderstorm; sea waves,0.9991347789764404
Logistic Regression,2,2-57733-A-22.wav,22,clapping,22,clapping,clapping; rooster; laughing,0.9989438652992249
Logistic Regression,2,2-59241-A-35.wav,35,washing machine,35,washing machine,washing machine; helicopter; engine,0.5858319997787476
Logistic Regression,2,2-59321-A-49.wav,49,hand saw,49,hand saw,hand saw; engine; vacuum cleaner,0.9997926354408264
Logistic Regression,2,2-59565-A-46.wav,46,church bells,46,church bells,church bells; clock tick; water drops,0.9995412826538086
Logistic Regression,2,2-59566-A-46.wav,46,church bells,46,church bells,church bells; clock alarm; clock tick,0.9991335272789001
Logistic Regression,2,2-60180-A-49.wav,49,hand saw,49,hand saw,hand saw; engine; vacuum cleaner,0.9997996091842651
Logistic Regression,2,2-60180-B-49.wav,49,hand saw,49,hand saw,hand saw; engine; chainsaw,0.9995983839035034
Logistic Regression,2,2-60791-A-26.wav,26,laughing,26,laughing,laughing; clapping; hen,0.9961109161376953
Logistic Regression,2,2-60794-A-26.wav,26,laughing,26,laughing,laughing; clapping; pig,0.9984381198883057
Logistic Regression,2,2-60795-A-26.wav,26,laughing,26,laughing,laughing; clapping; pig,0.9804302453994751
Logistic Regression,2,2-60900-A-22.wav,22,clapping,22,clapping,clapping; fireworks; crackling fire,0.9404430389404297
Logistic Regression,2,2-61311-A-12.wav,12,crackling fire,12,crackling fire,crackling fire; can opening; washing machine,0.9678971171379089
Logistic Regression,2,2-61618-A-46.wav,46,church bells,46,church bells,church bells; thunderstorm; clock tick,0.9997990131378174
Logistic Regression,2,2-62226-A-26.wav,26,laughing,26,laughing,laughing; coughing; clapping,0.9881963729858398
Logistic Regression,2,2-64332-A-18.wav,18,toilet flush,18,toilet flush,toilet flush; drinking sipping; washing machine,0.9969077706336975
Logistic Regression,2,2-64962-A-15.wav,15,water drops,15,water drops,water drops; pouring water; rain,0.982944905757904
Logistic Regression,2,2-64963-A-15.wav,15,water drops,15,water drops,water drops; pouring water; chirping birds,0.9911097884178162
Logistic Regression,2,2-65484-A-18.wav,18,toilet flush,18,toilet flush,toilet flush; insects; vacuum cleaner,0.999349057674408
Logistic Regression,2,2-65747-A-12.wav,12,crackling fire,12,crackling fire,crackling fire; mouse click; drinking sipping,0.9995817542076111
Logistic Regression,2,2-65750-A-1.wav,1,rooster,1,rooster,rooster; coughing; crow,0.9974501729011536
Logistic Regression,2,2-66205-A-23.wav,23,breathing,23,breathing,breathing; snoring; sneezing,0.9462990164756775
Logistic Regression,2,2-66637-A-20.wav,20,crying baby,20,crying baby,crying baby; laughing; coughing,0.9989386796951294
Logistic Regression,2,2-66637-B-20.wav,20,crying baby,20,crying baby,crying baby; laughing; cat,0.998528778553009
Logistic Regression,2,2-67422-A-18.wav,18,toilet flush,18,toilet flush,toilet flush; vacuum cleaner; sea waves,0.9992012977600098
Logistic Regression,2,2-68391-A-41.wav,41,chainsaw,41,chainsaw,chainsaw; engine; snoring,0.9391599297523499
Logistic Regression,2,2-68391-B-41.wav,41,chainsaw,41,chainsaw,chainsaw; helicopter; insects,0.9980754256248474
Logistic Regression,2,2-68595-A-15.wav,15,water drops,15,water drops,water drops; pouring water; drinking sipping,0.9620247483253479
Logistic Regression,2,2-68595-B-15.wav,15,water drops,15,water drops,water drops; drinking sipping; pouring water,0.9980379343032837
Logistic Regression,2,2-69131-A-5.wav,5,cat,5,cat,cat; sheep; frog,0.9991614818572998
Logistic Regression,2,2-69131-B-5.wav,5,cat,5,cat,cat; frog; dog,0.9993149638175964
Logistic Regression,2,2-70052-A-42.wav,42,siren,42,siren,siren; vacuum cleaner; clock alarm,0.9997503161430359
Logistic Regression,2,2-70052-B-42.wav,42,siren,42,siren,siren; glass breaking; vacuum cleaner,0.9959851503372192
Logistic Regression,2,2-70280-A-18.wav,18,toilet flush,18,toilet flush,toilet flush; frog; water drops,0.9992324113845825
Logistic Regression,2,2-70344-A-33.wav,33,door wood creaks,35,washing machine,washing machine; door wood creaks; engine,0.3680363893508911
Logistic Regression,2,2-70366-A-33.wav,33,door wood creaks,33,door wood creaks,door wood creaks; pig; cat,0.9995902180671692
Logistic Regression,2,2-70367-A-33.wav,33,door wood creaks,33,door wood creaks,door wood creaks; hand saw; door wood knock,0.9996530413627625
Logistic Regression,2,2-70936-A-42.wav,42,siren,42,siren,siren; vacuum cleaner; sea waves,0.9995821714401245
Logistic Regression,2,2-70938-A-42.wav,42,siren,42,siren,siren; can opening; clock alarm,0.9991800785064697
Logistic Regression,2,2-70939-A-42.wav,42,siren,42,siren,siren; engine; clock alarm,0.9988448023796082
Logistic Regression,2,2-71162-A-1.wav,1,rooster,1,rooster,rooster; hen; clock alarm,0.9991602301597595
Logistic Regression,2,2-72268-A-6.wav,6,hen,6,hen,hen; chirping birds; airplane,0.9820196628570557
Logistic Regression,2,2-72547-A-14.wav,14,chirping birds,14,chirping birds,chirping birds; hen; dog,0.9860097169876099
Logistic Regression,2,2-72547-B-14.wav,14,chirping birds,14,chirping birds,chirping birds; wind; sea waves,0.9998847842216492
Logistic Regression,2,2-72547-C-14.wav,14,chirping birds,14,chirping birds,chirping birds; crickets; wind,0.9983693957328796
Logistic Regression,2,2-72547-D-14.wav,14,chirping birds,14,chirping birds,chirping birds; wind; dog,0.9314305186271667
Logistic Regression,2,2-72677-A-18.wav,18,toilet flush,18,toilet flush,toilet flush; sea waves; vacuum cleaner,0.9993337392807007
Logistic Regression,2,2-72688-A-42.wav,42,siren,42,siren,siren; airplane; wind,0.997514545917511
Logistic Regression,2,2-72970-A-10.wav,10,rain,10,rain,rain; crackling fire; thunderstorm,0.999812662601471
Logistic Regression,2,2-73027-A-10.wav,10,rain,10,rain,rain; wind; train,0.9999613165855408
Logistic Regression,2,2-7321-A-33.wav,33,door wood creaks,33,door wood creaks,door wood creaks; wind; mouse click,0.4833431541919708
Logistic Regression,2,2-73260-A-10.wav,10,rain,10,rain,rain; crackling fire; clock tick,0.9995680451393127
Logistic Regression,2,2-73544-A-27.wav,27,brushing teeth,27,brushing teeth,brushing teeth; insects; hand saw,0.9998306035995483
Logistic Regression,2,2-74361-A-47.wav,47,airplane,47,airplane,airplane; wind; helicopter,0.9955042004585266
Logistic Regression,2,2-74977-A-18.wav,18,toilet flush,18,toilet flush,toilet flush; vacuum cleaner; rain,0.9990032911300659
Logistic Regression,2,2-75726-A-6.wav,6,hen,6,hen,hen; rooster; coughing,0.9801004528999329
Logistic Regression,2,2-76408-A-22.wav,22,clapping,22,clapping,clapping; footsteps; sea waves,0.9955857992172241
Logistic Regression,2,2-76408-B-22.wav,22,clapping,22,clapping,clapping; vacuum cleaner; door wood knock,0.9976924061775208
Logistic Regression,2,2-76408-C-22.wav,22,clapping,22,clapping,clapping; vacuum cleaner; door wood knock,0.9941638708114624
Logistic Regression,2,2-76408-D-22.wav,22,clapping,22,clapping,clapping; vacuum cleaner; door wood knock,0.9962027072906494
Logistic Regression,2,2-76868-A-6.wav,6,hen,6,hen,hen; rooster; pig,0.9938782453536987
Logistic Regression,2,2-77346-A-46.wav,46,church bells,46,church bells,church bells; crying baby; footsteps,0.999799370765686
Logistic Regression,2,2-77347-A-46.wav,46,church bells,46,church bells,church bells; car horn; crying baby,0.9992232918739319
Logistic Regression,2,2-77945-A-41.wav,41,chainsaw,41,chainsaw,chainsaw; engine; hand saw,0.9897040128707886
Logistic Regression,2,2-77945-B-41.wav,41,chainsaw,41,chainsaw,chainsaw; hand saw; engine,0.9984510540962219
Logistic Regression,2,2-78381-A-46.wav,46,church bells,46,church bells,church bells; clock alarm; train,0.9882975220680237
Logistic Regression,2,2-78562-A-37.wav,37,clock alarm,37,clock alarm,clock alarm; church bells; siren,0.9995011687278748
Logistic Regression,2,2-78562-B-37.wav,37,clock alarm,37,clock alarm,clock alarm; church bells; siren,0.9992974400520325
Logistic Regression,2,2-78651-A-44.wav,44,engine,44,engine,engine; chainsaw; washing machine,0.9944372773170471
Logistic Regression,2,2-78781-A-47.wav,47,airplane,47,airplane,airplane; helicopter; insects,0.9739187359809875
Logistic Regression,2,2-78799-A-47.wav,47,airplane,47,airplane,airplane; wind; brushing teeth,0.35474085807800293
Logistic Regression,2,2-79769-A-26.wav,26,laughing,26,laughing,laughing; sea waves; drinking sipping,0.9999760389328003
Logistic Regression,2,2-79775-A-26.wav,26,laughing,26,laughing,laughing; hen; door wood knock,0.9868329167366028
Logistic Regression,2,2-80313-A-28.wav,28,snoring,28,snoring,snoring; drinking sipping; cow,0.9996920824050903
Logistic Regression,2,2-80482-A-20.wav,20,crying baby,20,crying baby,crying baby; rooster; clock alarm,0.999747097492218
Logistic Regression,2,2-80844-A-13.wav,13,crickets,13,crickets,crickets; chirping birds; insects,0.9980147480964661
Logistic Regression,2,2-81112-A-34.wav,34,can opening,34,can opening,can opening; crackling fire; drinking sipping,0.9983299374580383
Logistic Regression,2,2-81190-A-34.wav,34,can opening,34,can opening,can opening; glass breaking; crackling fire,0.9993976354598999
Logistic Regression,2,2-81270-A-1.wav,1,rooster,1,rooster,rooster; hen; cow,0.9941554665565491
Logistic Regression,2,2-81731-A-10.wav,10,rain,10,rain,rain; crackling fire; pouring water,0.9970349669456482
Logistic Regression,2,2-81970-A-7.wav,7,insects,7,insects,insects; crickets; airplane,0.9999229907989502
Logistic Regression,2,2-81970-B-7.wav,7,insects,7,insects,insects; crickets; helicopter,0.9999234080314636
Logistic Regression,2,2-81970-C-7.wav,7,insects,7,insects,insects; sneezing; crickets,0.9997368454933167
Logistic Regression,2,2-82071-A-27.wav,27,brushing teeth,27,brushing teeth,brushing teeth; helicopter; breathing,0.9983786344528198
Logistic Regression,2,2-82077-A-7.wav,7,insects,7,insects,insects; airplane; door wood creaks,0.999383270740509
Logistic Regression,2,2-82274-A-5.wav,5,cat,5,cat,cat; sheep; frog,0.9985563158988953
Logistic Regression,2,2-82274-B-5.wav,5,cat,5,cat,cat; sheep; frog,0.9997449517250061
Logistic Regression,2,2-82367-A-10.wav,10,rain,10,rain,rain; pouring water; crying baby,0.9996007680892944
Logistic Regression,2,2-82455-A-23.wav,23,breathing,23,breathing,breathing; snoring; sea waves,0.9982648491859436
Logistic Regression,2,2-82538-A-21.wav,21,sneezing,21,sneezing,sneezing; can opening; glass breaking,0.9999418258666992
Logistic Regression,2,2-83270-A-13.wav,13,crickets,13,crickets,crickets; clock alarm; frog,0.9978471398353577
Logistic Regression,2,2-83536-A-27.wav,27,brushing teeth,27,brushing teeth,brushing teeth; hand saw; insects,0.9981960654258728
Logistic Regression,2,2-83667-A-34.wav,34,can opening,34,can opening,can opening; mouse click; drinking sipping,0.8364155292510986
Logistic Regression,2,2-83688-A-34.wav,34,can opening,34,can opening,can opening; crackling fire; pouring water,0.9997777342796326
Logistic Regression,2,2-83934-A-5.wav,5,cat,5,cat,cat; rooster; hen,0.9101314544677734
Logistic Regression,2,2-83934-B-5.wav,5,cat,5,cat,cat; sheep; frog,0.999767005443573
Logistic Regression,2,2-84693-A-49.wav,49,hand saw,49,hand saw,hand saw; vacuum cleaner; brushing teeth,0.9954126477241516
Logistic Regression,2,2-84943-A-18.wav,18,toilet flush,18,toilet flush,toilet flush; thunderstorm; water drops,0.9982794523239136
Logistic Regression,2,2-84965-A-23.wav,23,breathing,23,breathing,breathing; wind; snoring,0.7895346283912659
Logistic Regression,2,2-85139-A-13.wav,13,crickets,13,crickets,crickets; washing machine; crackling fire,0.9999662637710571
Logistic Regression,2,2-85292-A-24.wav,24,coughing,24,coughing,coughing; sneezing; crying baby,0.9991893172264099
Logistic Regression,2,2-85434-A-27.wav,27,brushing teeth,27,brushing teeth,brushing teeth; hand saw; pouring water,0.9996771812438965
Logistic Regression,2,2-85471-A-34.wav,34,can opening,34,can opening,can opening; pouring water; crackling fire,0.9997139573097229
Logistic Regression,2,2-85945-A-18.wav,18,toilet flush,18,toilet flush,toilet flush; insects; pouring water,0.9993277788162231
Logistic Regression,2,2-86160-A-27.wav,27,brushing teeth,27,brushing teeth,brushing teeth; insects; drinking sipping,0.9998792409896851
Logistic Regression,2,2-87282-A-34.wav,34,can opening,34,can opening,can opening; pouring water; drinking sipping,0.995090126991272
Logistic Regression,2,2-87412-A-24.wav,24,coughing,24,coughing,coughing; sneezing; door wood knock,0.9997013807296753
Logistic Regression,2,2-87780-A-33.wav,33,door wood creaks,33,door wood creaks,door wood creaks; washing machine; mouse click,0.9991163015365601
Logistic Regression,2,2-87781-A-10.wav,10,rain,10,rain,rain; crackling fire; footsteps,0.9982339143753052
Logistic Regression,2,2-87794-A-24.wav,24,coughing,24,coughing,coughing; laughing; dog,0.8335903286933899
Logistic Regression,2,2-87795-A-24.wav,24,coughing,24,coughing,coughing; laughing; drinking sipping,0.9987295269966125
Logistic Regression,2,2-87799-A-24.wav,24,coughing,24,coughing,coughing; drinking sipping; laughing,0.9997963309288025
Logistic Regression,2,2-88724-A-38.wav,38,clock tick,38,clock tick,clock tick; car horn; mouse click,0.9990386962890625
Logistic Regression,2,2-89516-A-37.wav,37,clock alarm,37,clock alarm,clock alarm; coughing; rooster,0.9951848387718201
Logistic Regression,2,2-91912-A-33.wav,33,door wood creaks,33,door wood creaks,door wood creaks; door wood knock; washing machine,0.4003182053565979
Logistic Regression,2,2-91912-B-33.wav,33,door wood creaks,33,door wood creaks,door wood creaks; washing machine; chainsaw,0.8442921042442322
Logistic Regression,2,2-92627-A-27.wav,27,brushing teeth,27,brushing teeth,brushing teeth; frog; drinking sipping,0.9707738161087036
Logistic Regression,2,2-92978-A-29.wav,29,drinking sipping,29,drinking sipping,drinking sipping; door wood knock; washing machine,0.7673875689506531
Logistic Regression,2,2-93030-A-21.wav,21,sneezing,21,sneezing,sneezing; coughing; drinking sipping,0.9983925223350525
Logistic Regression,2,2-94230-A-27.wav,27,brushing teeth,27,brushing teeth,brushing teeth; helicopter; insects,0.9836652874946594
Logistic Regression,2,2-94807-A-29.wav,29,drinking sipping,29,drinking sipping,drinking sipping; pouring water; snoring,0.9903796315193176
Logistic Regression,2,2-95035-A-1.wav,1,rooster,1,rooster,rooster; hen; coughing,0.999625563621521
Logistic Regression,2,2-95258-A-1.wav,1,rooster,1,rooster,rooster; hen; door wood knock,0.9972736835479736
Logistic Regression,2,2-95258-B-1.wav,1,rooster,1,rooster,rooster; hen; door wood knock,0.8942446708679199
Logistic Regression,2,2-95567-A-23.wav,23,breathing,23,breathing,breathing; snoring; clock tick,0.9998321533203125
Logistic Regression,2,2-96033-A-13.wav,13,crickets,13,crickets,crickets; washing machine; helicopter,0.9553350210189819
Logistic Regression,2,2-96063-A-37.wav,37,clock alarm,37,clock alarm,clock alarm; clock tick; crying baby,0.998857855796814
Logistic Regression,2,2-96460-A-1.wav,1,rooster,1,rooster,rooster; cow; door wood knock,0.9970966577529907
Logistic Regression,2,2-96654-A-47.wav,47,airplane,47,airplane,airplane; helicopter; insects,0.9996153116226196
Logistic Regression,2,2-96904-A-27.wav,27,brushing teeth,27,brushing teeth,brushing teeth; insects; pouring water,0.9997917413711548
Logistic Regression,2,2-98392-A-23.wav,23,breathing,23,breathing,breathing; can opening; mouse click,0.9956929087638855
Logistic Regression,2,2-98676-A-24.wav,24,coughing,24,coughing,coughing; sneezing; water drops,0.9991887807846069
Logistic Regression,2,2-98866-A-47.wav,47,airplane,47,airplane,airplane; helicopter; engine,0.9996783137321472
Logistic Regression,2,2-99795-A-32.wav,32,keyboard typing,32,keyboard typing,keyboard typing; clapping; mouse click,0.9999087452888489
Logistic Regression,2,2-99796-A-32.wav,32,keyboard typing,32,keyboard typing,keyboard typing; mouse click; crackling fire,0.9988151788711548
Logistic Regression,2,2-99955-A-7.wav,7,insects,7,insects,insects; crickets; airplane,0.9996805191040039
Logistic Regression,2,2-99955-B-7.wav,7,insects,7,insects,insects; crickets; airplane,0.9998958706855774
Logistic Regression,2,2-99955-C-7.wav,7,insects,7,insects,insects; mouse click; snoring,0.9661732912063599
Zero-Shot CLAP,3,3-100018-A-18.wav,18,toilet flush,18,toilet flush,toilet flush; brushing teeth; pouring water,0.4534423351287842
Zero-Shot CLAP,3,3-100024-A-27.wav,27,brushing teeth,27,brushing teeth,brushing teeth; hand saw; vacuum cleaner,0.511232852935791
Zero-Shot CLAP,3,3-100024-B-27.wav,27,brushing teeth,27,brushing teeth,brushing teeth; hand saw; vacuum cleaner,0.5717247724533081
Zero-Shot CLAP,3,3-101381-A-33.wav,33,door wood creaks,33,door wood creaks,door wood creaks; frog; door wood knock,0.5059996843338013
Zero-Shot CLAP,3,3-101381-B-33.wav,33,door wood creaks,33,door wood creaks,door wood creaks; frog; door wood knock,0.4444972276687622
Zero-Shot CLAP,3,3-102583-A-49.wav,49,hand saw,49,hand saw,hand saw; chainsaw; brushing teeth,0.5334186553955078
Zero-Shot CLAP,3,3-102583-B-49.wav,49,hand saw,49,hand saw,hand saw; chainsaw; hen,0.48146888613700867
Zero-Shot CLAP,3,3-102583-C-49.wav,49,hand saw,49,hand saw,hand saw; chainsaw; hen,0.5775421857833862
Zero-Shot CLAP,3,3-102908-A-4.wav,4,frog,4,frog,frog; water drops; rooster,0.48923763632774353
Zero-Shot CLAP,3,3-103050-A-19.wav,19,thunderstorm,19,thunderstorm,thunderstorm; wind; church bells,0.43966737389564514
Zero-Shot CLAP,3,3-103051-A-19.wav,19,thunderstorm,19,thunderstorm,thunderstorm; church bells; crow,0.406510591506958
Zero-Shot CLAP,3,3-103051-B-19.wav,19,thunderstorm,19,thunderstorm,thunderstorm; crow; wind,0.4079161584377289
Zero-Shot CLAP,3,3-103051-C-19.wav,19,thunderstorm,19,thunderstorm,thunderstorm; church bells; crow,0.42817407846450806
Zero-Shot CLAP,3,3-103401-A-33.wav,33,door wood creaks,33,door wood creaks,door wood creaks; door wood knock; cat,0.5731159448623657
Zero-Shot CLAP,3,3-103401-B-33.wav,33,door wood creaks,33,door wood creaks,door wood creaks; door wood knock; rooster,0.3640146851539612
Zero-Shot CLAP,3,3-103401-C-33.wav,33,door wood creaks,33,door wood creaks,door wood creaks; clock tick; door wood knock,0.3936195969581604
Zero-Shot CLAP,3,3-103401-D-33.wav,33,door wood creaks,33,door wood creaks,door wood creaks; frog; door wood knock,0.4525856673717499
Zero-Shot CLAP,3,3-103597-A-25.wav,25,footsteps,10,rain,rain; footsteps; sea waves,0.33941537141799927
Zero-Shot CLAP,3,3-103598-A-25.wav,25,footsteps,25,footsteps,footsteps; chainsaw; sea waves,0.37359756231307983
Zero-Shot CLAP,3,3-103599-A-25.wav,25,footsteps,25,footsteps,footsteps; water drops; sea waves,0.3702235221862793
Zero-Shot CLAP,3,3-103599-B-25.wav,25,footsteps,25,footsteps,footsteps; drinking sipping; water drops,0.30383509397506714
Zero-Shot CLAP,3,3-104632-A-12.wav,12,crackling fire,12,crackling fire,crackling fire; clapping; glass breaking,0.37891989946365356
Zero-Shot CLAP,3,3-104761-A-7.wav,7,insects,13,crickets,crickets; insects; cat,0.29058170318603516
Zero-Shot CLAP,3,3-104761-B-7.wav,7,insects,13,crickets,crickets; insects; frog,0.3292626142501831
Zero-Shot CLAP,3,3-104958-A-12.wav,12,crackling fire,12,crackling fire,crackling fire; rooster; crickets,0.2835964560508728
Zero-Shot CLAP,3,3-105235-A-7.wav,7,insects,7,insects,insects; crickets; chirping birds,0.2198515087366104
Zero-Shot CLAP,3,3-105236-A-7.wav,7,insects,7,insects,insects; crickets; cat,0.3383633494377136
Zero-Shot CLAP,3,3-107123-A-26.wav,26,laughing,26,laughing,laughing; hen; clapping,0.5758751630783081
Zero-Shot CLAP,3,3-107219-A-1.wav,1,rooster,6,hen,hen; rooster; crow,0.3747510612010956
Zero-Shot CLAP,3,3-108160-A-23.wav,23,breathing,23,breathing,breathing; snoring; rooster,0.37726303935050964
Zero-Shot CLAP,3,3-108451-A-17.wav,17,pouring water,17,pouring water,pouring water; water drops; drinking sipping,0.40170055627822876
Zero-Shot CLAP,3,3-108451-B-17.wav,17,pouring water,17,pouring water,pouring water; water drops; drinking sipping,0.35382774472236633
Zero-Shot CLAP,3,3-108677-A-18.wav,18,toilet flush,18,toilet flush,toilet flush; pouring water; brushing teeth,0.48530054092407227
Zero-Shot CLAP,3,3-108791-A-18.wav,18,toilet flush,18,toilet flush,toilet flush; pouring water; brushing teeth,0.4553530216217041
Zero-Shot CLAP,3,3-110536-A-26.wav,26,laughing,26,laughing,laughing; hen; coughing,0.5690097808837891
Zero-Shot CLAP,3,3-110913-A-7.wav,7,insects,7,insects,insects; crickets; wind,0.26604360342025757
Zero-Shot CLAP,3,3-110913-B-7.wav,7,insects,13,crickets,crickets; insects; cat,0.28117460012435913
Zero-Shot CLAP,3,3-110913-C-7.wav,7,insects,7,insects,insects; crickets; wind,0.23942099511623383
Zero-Shot CLAP,3,3-110913-D-7.wav,7,insects,7,insects,insects; crickets; brushing teeth,0.2556226849555969
Zero-Shot CLAP,3,3-111102-A-46.wav,46,church bells,46,church bells,church bells; clock tick; clock alarm,0.3344118595123291
Zero-Shot CLAP,3,3-111102-B-46.wav,46,church bells,46,church bells,church bells; car horn; clock alarm,0.42521002888679504
Zero-Shot CLAP,3,3-112356-A-18.wav,18,toilet flush,18,toilet flush,toilet flush; brushing teeth; pouring water,0.5044408440589905
Zero-Shot CLAP,3,3-112397-A-9.wav,9,crow,9,crow,crow; car horn; hen,0.41214078664779663
Zero-Shot CLAP,3,3-112522-A-27.wav,27,brushing teeth,27,brushing teeth,brushing teeth; hand saw; hen,0.5312873721122742
Zero-Shot CLAP,3,3-112557-A-23.wav,23,breathing,23,breathing,breathing; coughing; sneezing,0.3986867070198059
Zero-Shot CLAP,3,3-112557-B-23.wav,23,breathing,23,breathing,breathing; sneezing; coughing,0.4491516053676605
Zero-Shot CLAP,3,3-115382-A-44.wav,44,engine,44,engine,engine; rooster; laughing,0.2391003668308258
Zero-Shot CLAP,3,3-115387-A-47.wav,47,airplane,47,airplane,airplane; chirping birds; hen,0.3596305251121521
Zero-Shot CLAP,3,3-115387-B-47.wav,47,airplane,47,airplane,airplane; helicopter; engine,0.47248947620391846
Zero-Shot CLAP,3,3-115387-C-47.wav,47,airplane,47,airplane,airplane; helicopter; engine,0.4485474228858948
Zero-Shot CLAP,3,3-116135-A-1.wav,1,rooster,1,rooster,rooster; hen; brushing teeth,0.28721052408218384
Zero-Shot CLAP,3,3-117293-A-9.wav,9,crow,9,crow,crow; car horn; chirping birds,0.4897889792919159
Zero-Shot CLAP,3,3-117504-A-16.wav,16,wind,47,airplane,airplane; rain; wind,0.3040215075016022
Zero-Shot CLAP,3,3-117504-B-16.wav,16,wind,47,airplane,airplane; wind; rain,0.29986080527305603
Zero-Shot CLAP,3,3-117793-A-37.wav,37,clock alarm,37,clock alarm,clock alarm; crickets; siren,0.5535428524017334
Zero-Shot CLAP,3,3-117883-A-37.wav,37,clock alarm,37,clock alarm,clock alarm; clock tick; cat,0.5874262452125549
Zero-Shot CLAP,3,3-118059-A-18.wav,18,toilet flush,18,toilet flush,toilet flush; brushing teeth; pouring water,0.45977944135665894
Zero-Shot CLAP,3,3-118069-A-27.wav,27,brushing teeth,27,brushing teeth,brushing teeth; hand saw; thunderstorm,0.43849819898605347
Zero-Shot CLAP,3,3-118069-B-27.wav,27,brushing teeth,27,brushing teeth,brushing teeth; hand saw; thunderstorm,0.377191424369812
Zero-Shot CLAP,3,3-118194-A-33.wav,33,door wood creaks,33,door wood creaks,door wood creaks; door wood knock; mouse click,0.47820770740509033
Zero-Shot CLAP,3,3-118487-A-26.wav,26,laughing,26,laughing,laughing; pig; drinking sipping,0.5910722017288208
Zero-Shot CLAP,3,3-118656-A-41.wav,41,chainsaw,41,chainsaw,chainsaw; engine; cow,0.3900642395019531
Zero-Shot CLAP,3,3-118657-A-41.wav,41,chainsaw,41,chainsaw,chainsaw; engine; rooster,0.3265911936759949
Zero-Shot CLAP,3,3-118657-B-41.wav,41,chainsaw,41,chainsaw,chainsaw; vacuum cleaner; engine,0.39164984226226807
Zero-Shot CLAP,3,3-118658-A-41.wav,41,chainsaw,41,chainsaw,chainsaw; cow; hand saw,0.5628738403320312
Zero-Shot CLAP,3,3-118658-B-41.wav,41,chainsaw,41,chainsaw,chainsaw; vacuum cleaner; engine,0.46680837869644165
Zero-Shot CLAP,3,3-118972-A-41.wav,41,chainsaw,41,chainsaw,chainsaw; hand saw; engine,0.4527021050453186
Zero-Shot CLAP,3,3-118972-B-41.wav,41,chainsaw,41,chainsaw,chainsaw; hand saw; crow,0.6155042052268982
Zero-Shot CLAP,3,3-119120-A-48.wav,48,fireworks,48,fireworks,fireworks; siren; crow,0.34617775678634644
Zero-Shot CLAP,3,3-119120-B-48.wav,48,fireworks,48,fireworks,fireworks; clapping; crow,0.3349035382270813
Zero-Shot CLAP,3,3-119120-C-48.wav,48,fireworks,48,fireworks,fireworks; siren; car horn,0.39306095242500305
Zero-Shot CLAP,3,3-119120-D-48.wav,48,fireworks,48,fireworks,fireworks; crow; siren,0.4114845395088196
Zero-Shot CLAP,3,3-119120-E-48.wav,48,fireworks,48,fireworks,fireworks; clapping; siren,0.4241263270378113
Zero-Shot CLAP,3,3-119455-A-44.wav,44,engine,44,engine,engine; hen; washing machine,0.2883415222167969
Zero-Shot CLAP,3,3-119459-A-26.wav,26,laughing,26,laughing,laughing; hen; clapping,0.5649651885032654
Zero-Shot CLAP,3,3-120526-A-37.wav,37,clock alarm,37,clock alarm,clock alarm; cat; frog,0.3592795431613922
Zero-Shot CLAP,3,3-120526-B-37.wav,37,clock alarm,37,clock alarm,clock alarm; frog; clock tick,0.46545636653900146
Zero-Shot CLAP,3,3-120644-A-12.wav,12,crackling fire,12,crackling fire,crackling fire; water drops; glass breaking,0.4646605849266052
Zero-Shot CLAP,3,3-121348-A-9.wav,9,crow,9,crow,crow; hen; rooster,0.6106303930282593
Zero-Shot CLAP,3,3-122110-A-46.wav,46,church bells,46,church bells,church bells; car horn; clapping,0.4664148688316345
Zero-Shot CLAP,3,3-123086-A-28.wav,28,snoring,28,snoring,snoring; rooster; breathing,0.6143584251403809
Zero-Shot CLAP,3,3-123224-A-19.wav,19,thunderstorm,19,thunderstorm,thunderstorm; rain; crow,0.5148049592971802
Zero-Shot CLAP,3,3-124376-A-3.wav,3,cow,3,cow,cow; rooster; clock alarm,0.4336230754852295
Zero-Shot CLAP,3,3-124376-B-3.wav,3,cow,3,cow,cow; rooster; clock alarm,0.4687005877494812
Zero-Shot CLAP,3,3-124600-A-19.wav,19,thunderstorm,19,thunderstorm,thunderstorm; rain; crow,0.5110777616500854
Zero-Shot CLAP,3,3-124795-A-28.wav,28,snoring,28,snoring,snoring; rooster; drinking sipping,0.3106600046157837
Zero-Shot CLAP,3,3-124925-A-9.wav,9,crow,9,crow,crow; rooster; hen,0.5201806426048279
Zero-Shot CLAP,3,3-124958-A-28.wav,28,snoring,28,snoring,snoring; rooster; breathing,0.553997278213501
Zero-Shot CLAP,3,3-125418-A-24.wav,24,coughing,24,coughing,coughing; laughing; hen,0.47205212712287903
Zero-Shot CLAP,3,3-125548-A-32.wav,32,keyboard typing,32,keyboard typing,keyboard typing; clapping; mouse click,0.331635057926178
Zero-Shot CLAP,3,3-126113-A-26.wav,26,laughing,26,laughing,laughing; coughing; hen,0.5453144311904907
Zero-Shot CLAP,3,3-126358-A-3.wav,3,cow,3,cow,cow; rooster; snoring,0.37497738003730774
Zero-Shot CLAP,3,3-126358-B-3.wav,3,cow,3,cow,cow; rooster; snoring,0.40982726216316223
Zero-Shot CLAP,3,3-126391-A-27.wav,27,brushing teeth,27,brushing teeth,brushing teeth; hand saw; drinking sipping,0.5960860252380371
Zero-Shot CLAP,3,3-126391-B-27.wav,27,brushing teeth,27,brushing teeth,brushing teeth; pig; washing machine,0.5862677097320557
Zero-Shot CLAP,3,3-127874-A-17.wav,17,pouring water,17,pouring water,pouring water; water drops; drinking sipping,0.5162020325660706
Zero-Shot CLAP,3,3-127890-A-9.wav,9,crow,9,crow,crow; rooster; hen,0.4849257469177246
Zero-Shot CLAP,3,3-127890-B-9.wav,9,crow,9,crow,crow; rooster; chirping birds,0.4222124516963959
Zero-Shot CLAP,3,3-127890-C-9.wav,9,crow,9,crow,crow; rooster; hen,0.426067054271698
Zero-Shot CLAP,3,3-128160-A-44.wav,44,engine,44,engine,engine; hen; clock tick,0.17859134078025818
Zero-Shot CLAP,3,3-128512-A-47.wav,47,airplane,47,airplane,airplane; crow; wind,0.3266673982143402
Zero-Shot CLAP,3,3-128512-B-47.wav,47,airplane,47,airplane,airplane; engine; thunderstorm,0.38741904497146606
Zero-Shot CLAP,3,3-129264-A-9.wav,9,crow,9,crow,crow; hen; clapping,0.5151908993721008
Zero-Shot CLAP,3,3-129338-A-13.wav,13,crickets,13,crickets,crickets; insects; frog,0.5299039483070374
Zero-Shot CLAP,3,3-129678-A-13.wav,13,crickets,13,crickets,crickets; insects; frog,0.5648595094680786
Zero-Shot CLAP,3,3-130330-A-22.wav,22,clapping,22,clapping,clapping; mouse click; brushing teeth,0.5414683818817139
Zero-Shot CLAP,3,3-130998-A-28.wav,28,snoring,1,rooster,rooster; breathing; snoring,0.38091033697128296
Zero-Shot CLAP,3,3-130998-B-28.wav,28,snoring,28,snoring,snoring; rooster; pig,0.38046127557754517
Zero-Shot CLAP,3,3-131943-A-37.wav,37,clock alarm,37,clock alarm,clock alarm; frog; clock tick,0.5854163765907288
Zero-Shot CLAP,3,3-132340-A-37.wav,37,clock alarm,37,clock alarm,clock alarm; siren; crying baby,0.5480862855911255
Zero-Shot CLAP,3,3-132601-A-24.wav,24,coughing,24,coughing,coughing; rooster; laughing,0.46206367015838623
Zero-Shot CLAP,3,3-132747-A-26.wav,26,laughing,26,laughing,laughing; hen; frog,0.5825271606445312
Zero-Shot CLAP,3,3-132830-A-32.wav,32,keyboard typing,32,keyboard typing,keyboard typing; mouse click; clapping,0.35191696882247925
Zero-Shot CLAP,3,3-132852-A-10.wav,10,rain,10,rain,rain; thunderstorm; wind,0.4021507501602173
Zero-Shot CLAP,3,3-133977-A-29.wav,29,drinking sipping,29,drinking sipping,drinking sipping; water drops; frog,0.42799484729766846
Zero-Shot CLAP,3,3-134049-A-1.wav,1,rooster,1,rooster,rooster; hen; cow,0.4214584231376648
Zero-Shot CLAP,3,3-134699-A-16.wav,16,wind,11,sea waves,sea waves; wind; crow,0.21563348174095154
Zero-Shot CLAP,3,3-134699-B-16.wav,16,wind,16,wind,wind; sea waves; thunderstorm,0.3637341558933258
Zero-Shot CLAP,3,3-134699-C-16.wav,16,wind,16,wind,wind; crow; rain,0.335834801197052
Zero-Shot CLAP,3,3-134802-A-13.wav,13,crickets,13,crickets,crickets; insects; chirping birds,0.4241570234298706
Zero-Shot CLAP,3,3-135469-A-35.wav,35,washing machine,47,airplane,airplane; washing machine; clock tick,0.26238664984703064
Zero-Shot CLAP,3,3-135650-A-45.wav,45,train,45,train,train; washing machine; engine,0.4026131331920624
Zero-Shot CLAP,3,3-135650-B-45.wav,45,train,45,train,train; breathing; drinking sipping,0.4183087944984436
Zero-Shot CLAP,3,3-136288-A-0.wav,0,dog,0,dog,dog; crow; rooster,0.2551632821559906
Zero-Shot CLAP,3,3-136451-A-45.wav,45,train,45,train,train; car horn; clock alarm,0.3925500214099884
Zero-Shot CLAP,3,3-136608-A-16.wav,16,wind,16,wind,wind; sea waves; rain,0.2830773591995239
Zero-Shot CLAP,3,3-137152-A-1.wav,1,rooster,1,rooster,rooster; hen; crow,0.404304563999176
Zero-Shot CLAP,3,3-138114-A-22.wav,22,clapping,22,clapping,clapping; door wood creaks; mouse click,0.526709794998169
Zero-Shot CLAP,3,3-138212-A-45.wav,45,train,45,train,train; clock alarm; car horn,0.30660736560821533
Zero-Shot CLAP,3,3-139109-A-46.wav,46,church bells,46,church bells,church bells; car horn; clock alarm,0.298320472240448
Zero-Shot CLAP,3,3-139331-A-27.wav,27,brushing teeth,27,brushing teeth,brushing teeth; pig; hen,0.6036843061447144
Zero-Shot CLAP,3,3-139958-A-37.wav,37,clock alarm,37,clock alarm,clock alarm; church bells; clock tick,0.5758213400840759
Zero-Shot CLAP,3,3-140199-A-8.wav,8,sheep,8,sheep,sheep; cow; rooster,0.48763447999954224
Zero-Shot CLAP,3,3-140199-B-8.wav,8,sheep,8,sheep,sheep; cow; crow,0.5892925262451172
Zero-Shot CLAP,3,3-140199-C-8.wav,8,sheep,8,sheep,sheep; cow; crow,0.5934489965438843
Zero-Shot CLAP,3,3-140199-D-8.wav,8,sheep,8,sheep,sheep; cow; crow,0.5658524036407471
Zero-Shot CLAP,3,3-140323-A-29.wav,29,drinking sipping,29,drinking sipping,drinking sipping; frog; coughing,0.38793063163757324
Zero-Shot CLAP,3,3-140774-A-10.wav,10,rain,16,wind,wind; washing machine; engine,0.31606537103652954
Zero-Shot CLAP,3,3-141240-A-44.wav,44,engine,44,engine,engine; rooster; siren,0.14522846043109894
Zero-Shot CLAP,3,3-141240-B-44.wav,44,engine,44,engine,engine; rooster; frog,0.27107998728752136
Zero-Shot CLAP,3,3-141559-A-45.wav,45,train,45,train,train; clock alarm; footsteps,0.3385162055492401
Zero-Shot CLAP,3,3-141684-A-21.wav,21,sneezing,21,sneezing,sneezing; coughing; cat,0.5386900901794434
Zero-Shot CLAP,3,3-142005-A-10.wav,10,rain,10,rain,rain; water drops; sea waves,0.4117138683795929
Zero-Shot CLAP,3,3-142006-A-10.wav,10,rain,10,rain,rain; thunderstorm; water drops,0.5592217445373535
Zero-Shot CLAP,3,3-142349-A-17.wav,17,pouring water,15,water drops,water drops; pouring water; drinking sipping,0.4898325800895691
Zero-Shot CLAP,3,3-142593-A-38.wav,38,clock tick,38,clock tick,clock tick; water drops; mouse click,0.5530970096588135
Zero-Shot CLAP,3,3-142601-A-21.wav,21,sneezing,21,sneezing,sneezing; cat; coughing,0.6012651920318604
Zero-Shot CLAP,3,3-142604-A-24.wav,24,coughing,24,coughing,coughing; sneezing; cat,0.5133673548698425
Zero-Shot CLAP,3,3-142605-A-21.wav,21,sneezing,21,sneezing,sneezing; coughing; cat,0.6419680714607239
Zero-Shot CLAP,3,3-143119-A-21.wav,21,sneezing,21,sneezing,sneezing; coughing; cat,0.599246621131897
Zero-Shot CLAP,3,3-143560-A-47.wav,47,airplane,47,airplane,airplane; helicopter; engine,0.4111723303794861
Zero-Shot CLAP,3,3-143562-A-47.wav,47,airplane,47,airplane,airplane; helicopter; engine,0.3771142065525055
Zero-Shot CLAP,3,3-143929-A-10.wav,10,rain,10,rain,rain; crackling fire; thunderstorm,0.3898431360721588
Zero-Shot CLAP,3,3-143933-A-38.wav,38,clock tick,38,clock tick,clock tick; clock alarm; mouse click,0.48824092745780945
Zero-Shot CLAP,3,3-144028-A-0.wav,0,dog,0,dog,dog; brushing teeth; hen,0.2615247666835785
Zero-Shot CLAP,3,3-144106-A-32.wav,32,keyboard typing,31,mouse click,mouse click; keyboard typing; clapping,0.35424113273620605
Zero-Shot CLAP,3,3-144120-A-32.wav,32,keyboard typing,31,mouse click,mouse click; keyboard typing; frog,0.44687363505363464
Zero-Shot CLAP,3,3-144128-A-23.wav,23,breathing,23,breathing,breathing; snoring; coughing,0.4086006283760071
Zero-Shot CLAP,3,3-144128-B-23.wav,23,breathing,23,breathing,breathing; coughing; snoring,0.4234228730201721
Zero-Shot CLAP,3,3-144253-A-29.wav,29,drinking sipping,29,drinking sipping,drinking sipping; pig; coughing,0.5230920314788818
Zero-Shot CLAP,3,3-144259-A-29.wav,29,drinking sipping,29,drinking sipping,drinking sipping; pig; coughing,0.5088245868682861
Zero-Shot CLAP,3,3-144510-A-30.wav,30,door wood knock,30,door wood knock,door wood knock; rooster; door wood creaks,0.5384912490844727
Zero-Shot CLAP,3,3-144692-A-21.wav,21,sneezing,21,sneezing,sneezing; coughing; vacuum cleaner,0.5975452661514282
Zero-Shot CLAP,3,3-144827-A-11.wav,11,sea waves,11,sea waves,sea waves; train; rain,0.42184901237487793
Zero-Shot CLAP,3,3-144827-B-11.wav,11,sea waves,11,sea waves,sea waves; rain; train,0.43546515703201294
Zero-Shot CLAP,3,3-144891-A-19.wav,19,thunderstorm,19,thunderstorm,thunderstorm; rain; crow,0.4564460515975952
Zero-Shot CLAP,3,3-144891-B-19.wav,19,thunderstorm,19,thunderstorm,thunderstorm; fireworks; crow,0.40312713384628296
Zero-Shot CLAP,3,3-145382-A-1.wav,1,rooster,1,rooster,rooster; hen; crow,0.4147863984107971
Zero-Shot CLAP,3,3-145387-A-29.wav,29,drinking sipping,29,drinking sipping,drinking sipping; water drops; frog,0.38816434144973755
Zero-Shot CLAP,3,3-145487-A-24.wav,24,coughing,24,coughing,coughing; laughing; rooster,0.43511319160461426
Zero-Shot CLAP,3,3-145577-A-43.wav,43,car horn,43,car horn,car horn; siren; clock alarm,0.4600180387496948
Zero-Shot CLAP,3,3-145719-A-17.wav,17,pouring water,17,pouring water,pouring water; water drops; drinking sipping,0.3254355192184448
Zero-Shot CLAP,3,3-145774-A-12.wav,12,crackling fire,12,crackling fire,crackling fire; water drops; rain,0.47482830286026
Zero-Shot CLAP,3,3-146033-A-13.wav,13,crickets,13,crickets,crickets; frog; insects,0.46370020508766174
Zero-Shot CLAP,3,3-146186-A-44.wav,44,engine,44,engine,engine; hen; rooster,0.26107099652290344
Zero-Shot CLAP,3,3-146697-A-43.wav,43,car horn,39,glass breaking,glass breaking; crow; clock tick,0.19738289713859558
Zero-Shot CLAP,3,3-146873-A-24.wav,24,coughing,24,coughing,coughing; rooster; laughing,0.43322134017944336
Zero-Shot CLAP,3,3-146964-A-5.wav,5,cat,5,cat,cat; crying baby; crow,0.40211328864097595
Zero-Shot CLAP,3,3-146965-A-5.wav,5,cat,5,cat,cat; crow; rooster,0.36777031421661377
Zero-Shot CLAP,3,3-146972-A-5.wav,5,cat,5,cat,cat; rooster; crow,0.3072121739387512
Zero-Shot CLAP,3,3-147342-A-34.wav,34,can opening,34,can opening,can opening; brushing teeth; hen,0.25108423829078674
Zero-Shot CLAP,3,3-147343-A-34.wav,34,can opening,34,can opening,can opening; mouse click; brushing teeth,0.2606617510318756
Zero-Shot CLAP,3,3-147965-A-12.wav,12,crackling fire,12,crackling fire,crackling fire; rain; pouring water,0.3616189956665039
Zero-Shot CLAP,3,3-148297-A-37.wav,37,clock alarm,37,clock alarm,clock alarm; mouse click; frog,0.18717408180236816
Zero-Shot CLAP,3,3-148330-A-21.wav,21,sneezing,21,sneezing,sneezing; coughing; breathing,0.4665556252002716
Zero-Shot CLAP,3,3-148932-A-34.wav,34,can opening,34,can opening,can opening; mouse click; frog,0.28787165880203247
Zero-Shot CLAP,3,3-149042-A-24.wav,24,coughing,24,coughing,coughing; sneezing; breathing,0.5508877038955688
Zero-Shot CLAP,3,3-149189-A-1.wav,1,rooster,1,rooster,rooster; hen; crow,0.42751234769821167
Zero-Shot CLAP,3,3-149448-A-17.wav,17,pouring water,17,pouring water,pouring water; water drops; drinking sipping,0.3945818245410919
Zero-Shot CLAP,3,3-149465-A-22.wav,22,clapping,22,clapping,clapping; mouse click; laughing,0.586071252822876
Zero-Shot CLAP,3,3-150231-A-21.wav,21,sneezing,21,sneezing,sneezing; cat; coughing,0.6682072281837463
Zero-Shot CLAP,3,3-150363-A-38.wav,38,clock tick,38,clock tick,clock tick; water drops; clock alarm,0.4295864701271057
Zero-Shot CLAP,3,3-150979-A-40.wav,40,helicopter,47,airplane,airplane; helicopter; engine,0.30894899368286133
Zero-Shot CLAP,3,3-150979-B-40.wav,40,helicopter,44,engine,engine; airplane; helicopter,0.27046453952789307
Zero-Shot CLAP,3,3-150979-C-40.wav,40,helicopter,44,engine,engine; airplane; sea waves,0.2863389253616333
Zero-Shot CLAP,3,3-151080-A-20.wav,20,crying baby,20,crying baby,crying baby; hen; coughing,0.47562551498413086
Zero-Shot CLAP,3,3-151081-A-20.wav,20,crying baby,20,crying baby,crying baby; coughing; clock alarm,0.451829195022583
Zero-Shot CLAP,3,3-151081-B-20.wav,20,crying baby,20,crying baby,crying baby; hen; cow,0.3896836042404175
Zero-Shot CLAP,3,3-151089-A-30.wav,30,door wood knock,30,door wood knock,door wood knock; mouse click; door wood creaks,0.4459621012210846
Zero-Shot CLAP,3,3-151206-A-23.wav,23,breathing,23,breathing,breathing; coughing; snoring,0.3499368131160736
Zero-Shot CLAP,3,3-151212-A-24.wav,24,coughing,24,coughing,coughing; rooster; laughing,0.48186296224594116
Zero-Shot CLAP,3,3-151213-A-24.wav,24,coughing,24,coughing,coughing; rooster; laughing,0.508767306804657
Zero-Shot CLAP,3,3-151255-A-28.wav,28,snoring,28,snoring,snoring; breathing; rooster,0.4589337110519409
Zero-Shot CLAP,3,3-151269-A-35.wav,35,washing machine,35,washing machine,washing machine; engine; train,0.3631000220775604
Zero-Shot CLAP,3,3-151273-A-35.wav,35,washing machine,35,washing machine,washing machine; engine; vacuum cleaner,0.43499863147735596
Zero-Shot CLAP,3,3-151557-A-28.wav,28,snoring,28,snoring,snoring; rooster; crow,0.6209632754325867
Zero-Shot CLAP,3,3-151557-B-28.wav,28,snoring,28,snoring,snoring; rooster; frog,0.5936862230300903
Zero-Shot CLAP,3,3-152007-A-20.wav,20,crying baby,20,crying baby,crying baby; cow; cat,0.5408665537834167
Zero-Shot CLAP,3,3-152007-B-20.wav,20,crying baby,20,crying baby,crying baby; breathing; coughing,0.48150014877319336
Zero-Shot CLAP,3,3-152007-C-20.wav,20,crying baby,20,crying baby,crying baby; cat; coughing,0.44307538866996765
Zero-Shot CLAP,3,3-152007-D-20.wav,20,crying baby,20,crying baby,crying baby; cat; hen,0.5019487142562866
Zero-Shot CLAP,3,3-152007-E-20.wav,20,crying baby,20,crying baby,crying baby; cat; clock alarm,0.4948959946632385
Zero-Shot CLAP,3,3-152020-A-36.wav,36,vacuum cleaner,36,vacuum cleaner,vacuum cleaner; brushing teeth; cat,0.5385962724685669
Zero-Shot CLAP,3,3-152020-B-36.wav,36,vacuum cleaner,36,vacuum cleaner,vacuum cleaner; airplane; cat,0.35586920380592346
Zero-Shot CLAP,3,3-152020-C-36.wav,36,vacuum cleaner,36,vacuum cleaner,vacuum cleaner; glass breaking; can opening,0.5111273527145386
Zero-Shot CLAP,3,3-152039-A-3.wav,3,cow,3,cow,cow; rooster; sheep,0.4202576279640198
Zero-Shot CLAP,3,3-152039-B-3.wav,3,cow,3,cow,cow; car horn; sheep,0.4622414708137512
Zero-Shot CLAP,3,3-152594-A-30.wav,30,door wood knock,30,door wood knock,door wood knock; door wood creaks; cat,0.5360097885131836
Zero-Shot CLAP,3,3-152912-A-26.wav,26,laughing,26,laughing,laughing; hen; crying baby,0.4846028685569763
Zero-Shot CLAP,3,3-152997-A-26.wav,26,laughing,26,laughing,laughing; sneezing; hen,0.35083460807800293
Zero-Shot CLAP,3,3-153057-A-43.wav,43,car horn,43,car horn,car horn; siren; clock alarm,0.4002760052680969
Zero-Shot CLAP,3,3-153444-A-32.wav,32,keyboard typing,31,mouse click,mouse click; keyboard typing; clapping,0.38936561346054077
Zero-Shot CLAP,3,3-154378-A-30.wav,30,door wood knock,30,door wood knock,door wood knock; door wood creaks; mouse click,0.5839771032333374
Zero-Shot CLAP,3,3-154439-A-17.wav,17,pouring water,17,pouring water,pouring water; water drops; drinking sipping,0.33307820558547974
Zero-Shot CLAP,3,3-154758-A-44.wav,44,engine,44,engine,engine; clock tick; clock alarm,0.3282127380371094
Zero-Shot CLAP,3,3-154781-A-32.wav,32,keyboard typing,32,keyboard typing,keyboard typing; mouse click; water drops,0.39271390438079834
Zero-Shot CLAP,3,3-154926-A-40.wav,40,helicopter,44,engine,engine; rooster; crow,0.28111785650253296
Zero-Shot CLAP,3,3-154926-B-40.wav,40,helicopter,47,airplane,airplane; helicopter; engine,0.3637515902519226
Zero-Shot CLAP,3,3-154957-A-1.wav,1,rooster,1,rooster,rooster; hen; cow,0.4504624307155609
Zero-Shot CLAP,3,3-155130-A-43.wav,43,car horn,43,car horn,car horn; crow; cat,0.5113592147827148
Zero-Shot CLAP,3,3-155234-A-43.wav,43,car horn,43,car horn,car horn; siren; door wood creaks,0.2977426052093506
Zero-Shot CLAP,3,3-155312-A-0.wav,0,dog,0,dog,dog; cat; brushing teeth,0.23689554631710052
Zero-Shot CLAP,3,3-155556-A-31.wav,31,mouse click,31,mouse click,mouse click; keyboard typing; frog,0.5500966310501099
Zero-Shot CLAP,3,3-155568-A-32.wav,32,keyboard typing,32,keyboard typing,keyboard typing; clapping; mouse click,0.49489229917526245
Zero-Shot CLAP,3,3-155570-A-32.wav,32,keyboard typing,31,mouse click,mouse click; keyboard typing; siren,0.3182360529899597
Zero-Shot CLAP,3,3-155577-A-14.wav,14,chirping birds,14,chirping birds,chirping birds; sea waves; wind,0.33480966091156006
Zero-Shot CLAP,3,3-155578-A-14.wav,14,chirping birds,14,chirping birds,chirping birds; hen; brushing teeth,0.3917602300643921
Zero-Shot CLAP,3,3-155579-A-14.wav,14,chirping birds,14,chirping birds,chirping birds; water drops; hen,0.4029025733470917
Zero-Shot CLAP,3,3-155583-A-14.wav,14,chirping birds,14,chirping birds,chirping birds; hen; crow,0.47191619873046875
Zero-Shot CLAP,3,3-155584-A-14.wav,14,chirping birds,14,chirping birds,chirping birds; hen; crow,0.4878212809562683
Zero-Shot CLAP,3,3-155642-A-11.wav,11,sea waves,11,sea waves,sea waves; wind; rain,0.5297403931617737
Zero-Shot CLAP,3,3-155642-B-11.wav,11,sea waves,11,sea waves,sea waves; thunderstorm; rain,0.5575864315032959
Zero-Shot CLAP,3,3-155659-A-34.wav,34,can opening,34,can opening,can opening; pouring water; brushing teeth,0.38415589928627014
Zero-Shot CLAP,3,3-155766-A-13.wav,13,crickets,13,crickets,crickets; frog; crow,0.43123430013656616
Zero-Shot CLAP,3,3-156391-A-35.wav,35,washing machine,47,airplane,airplane; crickets; helicopter,0.32020291686058044
Zero-Shot CLAP,3,3-156393-A-35.wav,35,washing machine,40,helicopter,helicopter; airplane; engine,0.3518618643283844
Zero-Shot CLAP,3,3-156558-A-21.wav,21,sneezing,21,sneezing,sneezing; coughing; cat,0.5854966640472412
Zero-Shot CLAP,3,3-156581-A-14.wav,14,chirping birds,14,chirping birds,chirping birds; hen; crow,0.363577663898468
Zero-Shot CLAP,3,3-156581-B-14.wav,14,chirping birds,14,chirping birds,chirping birds; chainsaw; clapping,0.3268788754940033
Zero-Shot CLAP,3,3-156907-A-15.wav,15,water drops,15,water drops,water drops; frog; crow,0.3395466208457947
Zero-Shot CLAP,3,3-157149-A-10.wav,10,rain,10,rain,rain; water drops; crackling fire,0.4622374176979065
Zero-Shot CLAP,3,3-157187-A-12.wav,12,crackling fire,12,crackling fire,crackling fire; can opening; glass breaking,0.3774634301662445
Zero-Shot CLAP,3,3-157487-A-10.wav,10,rain,10,rain,rain; crackling fire; thunderstorm,0.38034823536872864
Zero-Shot CLAP,3,3-157492-A-45.wav,45,train,45,train,train; footsteps; door wood knock,0.263143926858902
Zero-Shot CLAP,3,3-157615-A-10.wav,10,rain,10,rain,rain; water drops; pouring water,0.5484277009963989
Zero-Shot CLAP,3,3-157695-A-0.wav,0,dog,0,dog,dog; hen; cat,0.3062014877796173
Zero-Shot CLAP,3,3-158056-A-31.wav,31,mouse click,31,mouse click,mouse click; keyboard typing; frog,0.5207703709602356
Zero-Shot CLAP,3,3-158056-B-31.wav,31,mouse click,31,mouse click,mouse click; frog; clock tick,0.5330162048339844
Zero-Shot CLAP,3,3-158476-A-12.wav,12,crackling fire,12,crackling fire,crackling fire; glass breaking; chainsaw,0.3886757493019104
Zero-Shot CLAP,3,3-159346-A-36.wav,36,vacuum cleaner,47,airplane,airplane; helicopter; wind,0.3770635724067688
Zero-Shot CLAP,3,3-159346-B-36.wav,36,vacuum cleaner,36,vacuum cleaner,vacuum cleaner; brushing teeth; chainsaw,0.4689229130744934
Zero-Shot CLAP,3,3-159347-A-36.wav,36,vacuum cleaner,36,vacuum cleaner,vacuum cleaner; brushing teeth; breathing,0.39794275164604187
Zero-Shot CLAP,3,3-159347-B-36.wav,36,vacuum cleaner,36,vacuum cleaner,vacuum cleaner; engine; airplane,0.40284767746925354
Zero-Shot CLAP,3,3-159348-A-36.wav,36,vacuum cleaner,36,vacuum cleaner,vacuum cleaner; airplane; helicopter,0.43048104643821716
Zero-Shot CLAP,3,3-159445-A-45.wav,45,train,45,train,train; car horn; wind,0.35504698753356934
Zero-Shot CLAP,3,3-159445-B-45.wav,45,train,45,train,train; car horn; pouring water,0.3669063448905945
Zero-Shot CLAP,3,3-160119-A-15.wav,15,water drops,15,water drops,water drops; pouring water; can opening,0.3825832009315491
Zero-Shot CLAP,3,3-160993-A-3.wav,3,cow,3,cow,cow; rooster; sheep,0.36570096015930176
Zero-Shot CLAP,3,3-161010-A-43.wav,43,car horn,43,car horn,car horn; church bells; rain,0.2262050062417984
Zero-Shot CLAP,3,3-161500-A-17.wav,17,pouring water,17,pouring water,pouring water; water drops; drinking sipping,0.35570281744003296
Zero-Shot CLAP,3,3-162786-A-13.wav,13,crickets,13,crickets,crickets; frog; insects,0.5057032108306885
Zero-Shot CLAP,3,3-163288-A-1.wav,1,rooster,1,rooster,rooster; hen; cow,0.4436717927455902
Zero-Shot CLAP,3,3-163459-A-0.wav,0,dog,9,crow,crow; rooster; clapping,0.36035415530204773
Zero-Shot CLAP,3,3-163607-A-13.wav,13,crickets,13,crickets,crickets; wind; crow,0.3097041845321655
Zero-Shot CLAP,3,3-163607-B-13.wav,13,crickets,13,crickets,crickets; insects; thunderstorm,0.3859812021255493
Zero-Shot CLAP,3,3-163727-A-3.wav,3,cow,3,cow,cow; rooster; frog,0.42855697870254517
Zero-Shot CLAP,3,3-164120-A-11.wav,11,sea waves,11,sea waves,sea waves; vacuum cleaner; rain,0.48458531498908997
Zero-Shot CLAP,3,3-164216-A-6.wav,6,hen,6,hen,hen; rooster; laughing,0.49742311239242554
Zero-Shot CLAP,3,3-164216-B-6.wav,6,hen,6,hen,hen; rooster; laughing,0.44206535816192627
Zero-Shot CLAP,3,3-164216-C-6.wav,6,hen,6,hen,hen; rooster; laughing,0.44354891777038574
Zero-Shot CLAP,3,3-164592-A-15.wav,15,water drops,15,water drops,water drops; pouring water; glass breaking,0.341985285282135
Zero-Shot CLAP,3,3-164593-A-15.wav,15,water drops,15,water drops,water drops; glass breaking; pouring water,0.28025147318840027
Zero-Shot CLAP,3,3-164594-A-15.wav,15,water drops,15,water drops,water drops; glass breaking; cat,0.30601900815963745
Zero-Shot CLAP,3,3-164595-A-15.wav,15,water drops,15,water drops,water drops; pouring water; sea waves,0.44151079654693604
Zero-Shot CLAP,3,3-164630-A-11.wav,11,sea waves,11,sea waves,sea waves; water drops; cat,0.2828495502471924
Zero-Shot CLAP,3,3-164688-A-38.wav,38,clock tick,38,clock tick,clock tick; mouse click; water drops,0.44179844856262207
Zero-Shot CLAP,3,3-165856-A-41.wav,41,chainsaw,41,chainsaw,chainsaw; vacuum cleaner; rooster,0.37198615074157715
Zero-Shot CLAP,3,3-166125-A-23.wav,23,breathing,23,breathing,breathing; coughing; snoring,0.40418845415115356
Zero-Shot CLAP,3,3-166125-B-23.wav,23,breathing,23,breathing,breathing; coughing; sneezing,0.4073835611343384
Zero-Shot CLAP,3,3-166324-A-15.wav,15,water drops,38,clock tick,clock tick; mouse click; water drops,0.355343759059906
Zero-Shot CLAP,3,3-166326-A-15.wav,15,water drops,15,water drops,water drops; pouring water; rain,0.4068269431591034
Zero-Shot CLAP,3,3-166422-A-11.wav,11,sea waves,11,sea waves,sea waves; washing machine; vacuum cleaner,0.46246129274368286
Zero-Shot CLAP,3,3-166546-A-34.wav,34,can opening,34,can opening,can opening; pouring water; glass breaking,0.2634342610836029
Zero-Shot CLAP,3,3-166546-B-34.wav,34,can opening,34,can opening,can opening; pig; hen,0.32901519536972046
Zero-Shot CLAP,3,3-167096-A-31.wav,31,mouse click,31,mouse click,mouse click; drinking sipping; clock tick,0.3476751148700714
Zero-Shot CLAP,3,3-169907-A-29.wav,29,drinking sipping,29,drinking sipping,drinking sipping; pig; brushing teeth,0.3072017431259155
Zero-Shot CLAP,3,3-170002-A-34.wav,34,can opening,34,can opening,can opening; pouring water; brushing teeth,0.43999823927879333
Zero-Shot CLAP,3,3-170015-A-0.wav,0,dog,0,dog,dog; can opening; crow,0.39427608251571655
Zero-Shot CLAP,3,3-170312-A-31.wav,31,mouse click,31,mouse click,mouse click; keyboard typing; clapping,0.5569989085197449
Zero-Shot CLAP,3,3-170377-A-38.wav,38,clock tick,38,clock tick,clock tick; clock alarm; mouse click,0.5808987617492676
Zero-Shot CLAP,3,3-170383-A-38.wav,38,clock tick,38,clock tick,clock tick; water drops; clock alarm,0.5293451547622681
Zero-Shot CLAP,3,3-170574-A-30.wav,30,door wood knock,30,door wood knock,door wood knock; mouse click; clapping,0.5051661729812622
Zero-Shot CLAP,3,3-170851-A-31.wav,31,mouse click,4,frog,frog; drinking sipping; brushing teeth,0.22315968573093414
Zero-Shot CLAP,3,3-171012-A-38.wav,38,clock tick,38,clock tick,clock tick; mouse click; water drops,0.4657127261161804
Zero-Shot CLAP,3,3-171041-A-38.wav,38,clock tick,38,clock tick,clock tick; water drops; clock alarm,0.444436252117157
Zero-Shot CLAP,3,3-171281-A-6.wav,6,hen,6,hen,hen; rooster; sheep,0.57828289270401
Zero-Shot CLAP,3,3-171937-A-34.wav,34,can opening,34,can opening,can opening; pouring water; coughing,0.20982393622398376
Zero-Shot CLAP,3,3-172179-A-31.wav,31,mouse click,31,mouse click,mouse click; keyboard typing; frog,0.5099170207977295
Zero-Shot CLAP,3,3-172881-A-48.wav,48,fireworks,48,fireworks,fireworks; clapping; crackling fire,0.44398972392082214
Zero-Shot CLAP,3,3-172922-A-48.wav,48,fireworks,48,fireworks,fireworks; clapping; crackling fire,0.3933756947517395
Zero-Shot CLAP,3,3-174840-A-43.wav,43,car horn,43,car horn,car horn; clock alarm; glass breaking,0.40140753984451294
Zero-Shot CLAP,3,3-174866-A-29.wav,29,drinking sipping,29,drinking sipping,drinking sipping; cat; pig,0.43549084663391113
Zero-Shot CLAP,3,3-177082-A-22.wav,22,clapping,22,clapping,clapping; laughing; brushing teeth,0.553347110748291
Zero-Shot CLAP,3,3-177083-A-22.wav,22,clapping,22,clapping,clapping; glass breaking; mouse click,0.5672280788421631
Zero-Shot CLAP,3,3-178096-A-6.wav,6,hen,6,hen,hen; laughing; cat,0.5038959383964539
Zero-Shot CLAP,3,3-180147-A-30.wav,30,door wood knock,30,door wood knock,door wood knock; door wood creaks; mouse click,0.49536949396133423
Zero-Shot CLAP,3,3-180256-A-0.wav,0,dog,1,rooster,rooster; crow; dog,0.21252714097499847
Zero-Shot CLAP,3,3-180977-A-0.wav,0,dog,0,dog,dog; rooster; brushing teeth,0.28767770528793335
Zero-Shot CLAP,3,3-181132-A-14.wav,14,chirping birds,14,chirping birds,chirping birds; hen; crow,0.42273736000061035
Zero-Shot CLAP,3,3-181278-A-22.wav,22,clapping,22,clapping,clapping; glass breaking; laughing,0.38528382778167725
Zero-Shot CLAP,3,3-182023-A-30.wav,30,door wood knock,30,door wood knock,door wood knock; door wood creaks; crow,0.6350597143173218
Zero-Shot CLAP,3,3-182025-A-30.wav,30,door wood knock,30,door wood knock,door wood knock; door wood creaks; crow,0.5969315767288208
Zero-Shot CLAP,3,3-182710-A-35.wav,35,washing machine,35,washing machine,washing machine; engine; door wood creaks,0.42502474784851074
Zero-Shot CLAP,3,3-182710-B-35.wav,35,washing machine,35,washing machine,washing machine; door wood creaks; door wood knock,0.48144403100013733
Zero-Shot CLAP,3,3-185313-A-31.wav,31,mouse click,31,mouse click,mouse click; keyboard typing; clock tick,0.47611987590789795
Zero-Shot CLAP,3,3-185456-A-29.wav,29,drinking sipping,29,drinking sipping,drinking sipping; pig; pouring water,0.5248928666114807
Zero-Shot CLAP,3,3-187549-A-6.wav,6,hen,6,hen,hen; rooster; chirping birds,0.39114898443222046
Zero-Shot CLAP,3,3-187549-B-6.wav,6,hen,6,hen,hen; rooster; clapping,0.46833470463752747
Zero-Shot CLAP,3,3-187710-A-11.wav,11,sea waves,11,sea waves,sea waves; wind; rain,0.6294252872467041
Zero-Shot CLAP,3,3-188390-A-6.wav,6,hen,6,hen,hen; laughing; rooster,0.4753074645996094
Zero-Shot CLAP,3,3-188726-A-35.wav,35,washing machine,44,engine,engine; washing machine; airplane,0.2847963869571686
Zero-Shot CLAP,3,3-193767-A-47.wav,47,airplane,47,airplane,airplane; engine; helicopter,0.29639625549316406
Zero-Shot CLAP,3,3-197408-A-8.wav,8,sheep,8,sheep,sheep; cow; rooster,0.5560487508773804
Zero-Shot CLAP,3,3-197408-B-8.wav,8,sheep,8,sheep,sheep; cow; rooster,0.5782076120376587
Zero-Shot CLAP,3,3-197408-C-8.wav,8,sheep,8,sheep,sheep; cow; wind,0.5861510634422302
Zero-Shot CLAP,3,3-197435-A-22.wav,22,clapping,22,clapping,clapping; brushing teeth; mouse click,0.4544168710708618
Zero-Shot CLAP,3,3-197435-B-22.wav,22,clapping,22,clapping,clapping; brushing teeth; mouse click,0.3407301902770996
Zero-Shot CLAP,3,3-203371-A-39.wav,39,glass breaking,39,glass breaking,glass breaking; cat; can opening,0.5186794996261597
Zero-Shot CLAP,3,3-203373-A-39.wav,39,glass breaking,39,glass breaking,glass breaking; can opening; cat,0.47685083746910095
Zero-Shot CLAP,3,3-203374-A-39.wav,39,glass breaking,39,glass breaking,glass breaking; can opening; clapping,0.47571492195129395
Zero-Shot CLAP,3,3-203375-A-39.wav,39,glass breaking,39,glass breaking,glass breaking; can opening; cat,0.4757581949234009
Zero-Shot CLAP,3,3-203377-A-39.wav,39,glass breaking,39,glass breaking,glass breaking; can opening; cat,0.4948190450668335
Zero-Shot CLAP,3,3-20861-A-8.wav,8,sheep,3,cow,cow; sheep; rooster,0.49118149280548096
Zero-Shot CLAP,3,3-208820-A-49.wav,49,hand saw,49,hand saw,hand saw; brushing teeth; clock alarm,0.347119003534317
Zero-Shot CLAP,3,3-216280-A-39.wav,39,glass breaking,39,glass breaking,glass breaking; can opening; chainsaw,0.4507703185081482
Zero-Shot CLAP,3,3-216281-A-39.wav,39,glass breaking,39,glass breaking,glass breaking; can opening; clapping,0.4712972044944763
Zero-Shot CLAP,3,3-216284-A-39.wav,39,glass breaking,39,glass breaking,glass breaking; can opening; clapping,0.4607011675834656
Zero-Shot CLAP,3,3-233151-A-2.wav,2,pig,2,pig,pig; rooster; hen,0.6108968257904053
Zero-Shot CLAP,3,3-243726-A-43.wav,43,car horn,43,car horn,car horn; church bells; train,0.15458683669567108
Zero-Shot CLAP,3,3-246513-A-16.wav,16,wind,16,wind,wind; crow; thunderstorm,0.4185890257358551
Zero-Shot CLAP,3,3-246513-B-16.wav,16,wind,16,wind,wind; crow; thunderstorm,0.44342052936553955
Zero-Shot CLAP,3,3-249913-A-25.wav,25,footsteps,25,footsteps,footsteps; clock tick; drinking sipping,0.3515058755874634
Zero-Shot CLAP,3,3-251617-A-48.wav,48,fireworks,48,fireworks,fireworks; door wood knock; crow,0.3693816661834717
Zero-Shot CLAP,3,3-253081-A-2.wav,2,pig,2,pig,pig; drinking sipping; dog,0.6269625425338745
Zero-Shot CLAP,3,3-253084-A-2.wav,2,pig,2,pig,pig; hen; rooster,0.5420238971710205
Zero-Shot CLAP,3,3-253084-B-2.wav,2,pig,2,pig,pig; hen; rooster,0.5329780578613281
Zero-Shot CLAP,3,3-253084-C-2.wav,2,pig,2,pig,pig; rooster; hen,0.5149416327476501
Zero-Shot CLAP,3,3-253084-D-2.wav,2,pig,2,pig,pig; rooster; hen,0.48934683203697205
Zero-Shot CLAP,3,3-253084-E-2.wav,2,pig,2,pig,pig; hen; rooster,0.563821017742157
Zero-Shot CLAP,3,3-257858-A-2.wav,2,pig,2,pig,pig; rooster; hen,0.5328259468078613
Zero-Shot CLAP,3,3-259622-A-44.wav,44,engine,44,engine,engine; hen; clock tick,0.3260461091995239
Zero-Shot CLAP,3,3-51376-A-42.wav,42,siren,42,siren,siren; car horn; airplane,0.3699333667755127
Zero-Shot CLAP,3,3-51731-A-42.wav,42,siren,42,siren,siren; car horn; cat,0.42716532945632935
Zero-Shot CLAP,3,3-51731-B-42.wav,42,siren,42,siren,siren; car horn; cat,0.44421935081481934
Zero-Shot CLAP,3,3-51909-A-42.wav,42,siren,42,siren,siren; car horn; airplane,0.4048180878162384
Zero-Shot CLAP,3,3-51909-B-42.wav,42,siren,42,siren,siren; car horn; airplane,0.40594446659088135
Zero-Shot CLAP,3,3-58772-A-42.wav,42,siren,42,siren,siren; car horn; airplane,0.38981398940086365
Zero-Shot CLAP,3,3-62878-A-42.wav,42,siren,42,siren,siren; cat; car horn,0.5731357932090759
Zero-Shot CLAP,3,3-62878-B-42.wav,42,siren,42,siren,siren; cat; car horn,0.5483786463737488
Zero-Shot CLAP,3,3-65748-A-12.wav,12,crackling fire,12,crackling fire,crackling fire; water drops; drinking sipping,0.4257412850856781
Zero-Shot CLAP,3,3-68630-A-40.wav,40,helicopter,40,helicopter,helicopter; airplane; clock alarm,0.4130619168281555
Zero-Shot CLAP,3,3-68630-B-40.wav,40,helicopter,40,helicopter,helicopter; airplane; siren,0.37914493680000305
Zero-Shot CLAP,3,3-68630-C-40.wav,40,helicopter,40,helicopter,helicopter; airplane; train,0.3138761520385742
Zero-Shot CLAP,3,3-70962-A-4.wav,4,frog,4,frog,frog; rooster; crickets,0.48734498023986816
Zero-Shot CLAP,3,3-70962-B-4.wav,4,frog,4,frog,frog; crickets; rooster,0.4955981373786926
Zero-Shot CLAP,3,3-70962-C-4.wav,4,frog,4,frog,frog; rooster; crickets,0.4504140317440033
Zero-Shot CLAP,3,3-71964-A-4.wav,4,frog,4,frog,frog; rooster; cat,0.5052129626274109
Zero-Shot CLAP,3,3-71964-B-4.wav,4,frog,4,frog,frog; rooster; hen,0.4878227710723877
Zero-Shot CLAP,3,3-71964-C-4.wav,4,frog,4,frog,frog; rooster; hen,0.49782878160476685
Zero-Shot CLAP,3,3-83527-A-4.wav,4,frog,4,frog,frog; rooster; crickets,0.5375649333000183
Zero-Shot CLAP,3,3-87936-A-46.wav,46,church bells,46,church bells,church bells; car horn; clock tick,0.5701432228088379
Zero-Shot CLAP,3,3-87936-B-46.wav,46,church bells,46,church bells,church bells; water drops; car horn,0.46727144718170166
Zero-Shot CLAP,3,3-92637-A-18.wav,18,toilet flush,18,toilet flush,toilet flush; brushing teeth; washing machine,0.45146042108535767
Zero-Shot CLAP,3,3-93010-A-18.wav,18,toilet flush,18,toilet flush,toilet flush; brushing teeth; washing machine,0.49646681547164917
Zero-Shot CLAP,3,3-94342-A-25.wav,25,footsteps,25,footsteps,footsteps; sea waves; chainsaw,0.2563874125480652
Zero-Shot CLAP,3,3-94343-A-25.wav,25,footsteps,25,footsteps,footsteps; cat; sheep,0.34058132767677307
Zero-Shot CLAP,3,3-94344-A-25.wav,25,footsteps,25,footsteps,footsteps; cat; chainsaw,0.2656038701534271
Zero-Shot CLAP,3,3-94355-A-33.wav,33,door wood creaks,33,door wood creaks,door wood creaks; door wood knock; frog,0.5676430463790894
Zero-Shot CLAP,3,3-95694-A-5.wav,5,cat,5,cat,cat; crow; crying baby,0.5594044923782349
Zero-Shot CLAP,3,3-95695-A-5.wav,5,cat,5,cat,cat; crow; door wood creaks,0.6013392806053162
Zero-Shot CLAP,3,3-95695-B-5.wav,5,cat,5,cat,cat; crow; door wood creaks,0.603327751159668
Zero-Shot CLAP,3,3-95697-A-5.wav,5,cat,5,cat,cat; crow; door wood knock,0.571410059928894
Zero-Shot CLAP,3,3-95698-A-5.wav,5,cat,5,cat,cat; crow; crying baby,0.6005184650421143
Zero-Shot CLAP,3,3-96606-A-49.wav,49,hand saw,49,hand saw,hand saw; chainsaw; brushing teeth,0.5907468795776367
Zero-Shot CLAP,3,3-96606-B-49.wav,49,hand saw,49,hand saw,hand saw; chainsaw; brushing teeth,0.6043170690536499
Zero-Shot CLAP,3,3-97909-A-49.wav,49,hand saw,49,hand saw,hand saw; chainsaw; hen,0.5412532091140747
Zero-Shot CLAP,3,3-97909-B-49.wav,49,hand saw,49,hand saw,hand saw; chainsaw; hen,0.5066888332366943
Zero-Shot CLAP,3,3-98193-A-46.wav,46,church bells,46,church bells,church bells; car horn; water drops,0.5792592763900757
Zero-Shot CLAP,3,3-98771-A-18.wav,18,toilet flush,18,toilet flush,toilet flush; pouring water; brushing teeth,0.4374071955680847
Zero-Shot CLAP,3,3-98869-A-46.wav,46,church bells,46,church bells,church bells; siren; clapping,0.514875054359436
Proto-LC,3,3-100018-A-18.wav,18,toilet flush,18,toilet flush,toilet flush; pouring water; brushing teeth,0.8113635778427124
Proto-LC,3,3-100024-A-27.wav,27,brushing teeth,27,brushing teeth,brushing teeth; drinking sipping; washing machine,0.8552848100662231
Proto-LC,3,3-100024-B-27.wav,27,brushing teeth,27,brushing teeth,brushing teeth; pouring water; washing machine,0.9219212532043457
Proto-LC,3,3-101381-A-33.wav,33,door wood creaks,33,door wood creaks,door wood creaks; door wood knock; mouse click,0.7124180793762207
Proto-LC,3,3-101381-B-33.wav,33,door wood creaks,33,door wood creaks,door wood creaks; door wood knock; mouse click,0.6459146738052368
Proto-LC,3,3-102583-A-49.wav,49,hand saw,49,hand saw,hand saw; chainsaw; brushing teeth,0.781177818775177
Proto-LC,3,3-102583-B-49.wav,49,hand saw,49,hand saw,hand saw; chainsaw; engine,0.7189267873764038
Proto-LC,3,3-102583-C-49.wav,49,hand saw,49,hand saw,hand saw; chainsaw; engine,0.8421856164932251
Proto-LC,3,3-102908-A-4.wav,4,frog,4,frog,frog; water drops; insects,0.8375699520111084
Proto-LC,3,3-103050-A-19.wav,19,thunderstorm,19,thunderstorm,thunderstorm; wind; fireworks,0.8611888289451599
Proto-LC,3,3-103051-A-19.wav,19,thunderstorm,19,thunderstorm,thunderstorm; wind; fireworks,0.8733774423599243
Proto-LC,3,3-103051-B-19.wav,19,thunderstorm,19,thunderstorm,thunderstorm; wind; fireworks,0.8491646647453308
Proto-LC,3,3-103051-C-19.wav,19,thunderstorm,19,thunderstorm,thunderstorm; wind; fireworks,0.9110883474349976
Proto-LC,3,3-103401-A-33.wav,33,door wood creaks,33,door wood creaks,door wood creaks; footsteps; door wood knock,0.7702280879020691
Proto-LC,3,3-103401-B-33.wav,33,door wood creaks,33,door wood creaks,door wood creaks; door wood knock; clock tick,0.5722944736480713
Proto-LC,3,3-103401-C-33.wav,33,door wood creaks,33,door wood creaks,door wood creaks; clock tick; door wood knock,0.6436782479286194
Proto-LC,3,3-103401-D-33.wav,33,door wood creaks,33,door wood creaks,door wood creaks; clock tick; frog,0.663988471031189
Proto-LC,3,3-103597-A-25.wav,25,footsteps,16,wind,wind; rain; chirping birds,0.5029082894325256
Proto-LC,3,3-103598-A-25.wav,25,footsteps,25,footsteps,footsteps; wind; chirping birds,0.6053752899169922
Proto-LC,3,3-103599-A-25.wav,25,footsteps,25,footsteps,footsteps; sea waves; wind,0.6512292623519897
Proto-LC,3,3-103599-B-25.wav,25,footsteps,25,footsteps,footsteps; sea waves; pig,0.6202290058135986
Proto-LC,3,3-104632-A-12.wav,12,crackling fire,12,crackling fire,crackling fire; clapping; can opening,0.5239858627319336
Proto-LC,3,3-104761-A-7.wav,7,insects,7,insects,insects; crickets; wind,0.6240421533584595
Proto-LC,3,3-104761-B-7.wav,7,insects,7,insects,insects; crickets; frog,0.7045048475265503
Proto-LC,3,3-104958-A-12.wav,12,crackling fire,12,crackling fire,crackling fire; fireworks; can opening,0.5877803564071655
Proto-LC,3,3-105235-A-7.wav,7,insects,7,insects,insects; crickets; chirping birds,0.6568935513496399
Proto-LC,3,3-105236-A-7.wav,7,insects,7,insects,insects; crickets; chirping birds,0.7051072120666504
Proto-LC,3,3-107123-A-26.wav,26,laughing,26,laughing,laughing; coughing; clapping,0.850090742111206
Proto-LC,3,3-107219-A-1.wav,1,rooster,1,rooster,rooster; hen; chirping birds,0.7651652097702026
Proto-LC,3,3-108160-A-23.wav,23,breathing,23,breathing,breathing; snoring; wind,0.8142185211181641
Proto-LC,3,3-108451-A-17.wav,17,pouring water,17,pouring water,pouring water; water drops; drinking sipping,0.838718056678772
Proto-LC,3,3-108451-B-17.wav,17,pouring water,17,pouring water,pouring water; water drops; drinking sipping,0.8000918626785278
Proto-LC,3,3-108677-A-18.wav,18,toilet flush,18,toilet flush,toilet flush; pouring water; washing machine,0.8703534603118896
Proto-LC,3,3-108791-A-18.wav,18,toilet flush,18,toilet flush,toilet flush; pouring water; washing machine,0.9120534062385559
Proto-LC,3,3-110536-A-26.wav,26,laughing,26,laughing,laughing; coughing; crying baby,0.8260036706924438
Proto-LC,3,3-110913-A-7.wav,7,insects,7,insects,insects; crickets; wind,0.6702994108200073
Proto-LC,3,3-110913-B-7.wav,7,insects,7,insects,insects; crickets; frog,0.6491266489028931
Proto-LC,3,3-110913-C-7.wav,7,insects,7,insects,insects; crickets; brushing teeth,0.6345120668411255
Proto-LC,3,3-110913-D-7.wav,7,insects,7,insects,insects; crickets; engine,0.6608309745788574
Proto-LC,3,3-111102-A-46.wav,46,church bells,46,church bells,church bells; clock tick; train,0.7249956130981445
Proto-LC,3,3-111102-B-46.wav,46,church bells,46,church bells,church bells; train; car horn,0.7722281217575073
Proto-LC,3,3-112356-A-18.wav,18,toilet flush,18,toilet flush,toilet flush; washing machine; pouring water,0.9073512554168701
Proto-LC,3,3-112397-A-9.wav,9,crow,9,crow,crow; chirping birds; wind,0.7858550548553467
Proto-LC,3,3-112522-A-27.wav,27,brushing teeth,27,brushing teeth,brushing teeth; washing machine; water drops,0.8557730913162231
Proto-LC,3,3-112557-A-23.wav,23,breathing,23,breathing,breathing; snoring; crying baby,0.7884810566902161
Proto-LC,3,3-112557-B-23.wav,23,breathing,23,breathing,breathing; snoring; sneezing,0.8896785378456116
Proto-LC,3,3-115382-A-44.wav,44,engine,44,engine,engine; airplane; car horn,0.509643018245697
Proto-LC,3,3-115387-A-47.wav,47,airplane,47,airplane,airplane; helicopter; chirping birds,0.6433573961257935
Proto-LC,3,3-115387-B-47.wav,47,airplane,47,airplane,airplane; helicopter; engine,0.8754093647003174
Proto-LC,3,3-115387-C-47.wav,47,airplane,47,airplane,airplane; helicopter; engine,0.83096843957901
Proto-LC,3,3-116135-A-1.wav,1,rooster,6,hen,hen; rooster; chirping birds,0.734735369682312
Proto-LC,3,3-117293-A-9.wav,9,crow,9,crow,crow; chirping birds; cat,0.8441815972328186
Proto-LC,3,3-117504-A-16.wav,16,wind,16,wind,wind; vacuum cleaner; airplane,0.6033018827438354
Proto-LC,3,3-117504-B-16.wav,16,wind,16,wind,wind; engine; vacuum cleaner,0.6969066858291626
Proto-LC,3,3-117793-A-37.wav,37,clock alarm,37,clock alarm,clock alarm; siren; clock tick,0.7963230609893799
Proto-LC,3,3-117883-A-37.wav,37,clock alarm,37,clock alarm,clock alarm; clock tick; crying baby,0.9062482714653015
Proto-LC,3,3-118059-A-18.wav,18,toilet flush,18,toilet flush,toilet flush; pouring water; washing machine,0.8730817437171936
Proto-LC,3,3-118069-A-27.wav,27,brushing teeth,27,brushing teeth,brushing teeth; drinking sipping; pouring water,0.7829122543334961
Proto-LC,3,3-118069-B-27.wav,27,brushing teeth,27,brushing teeth,brushing teeth; insects; water drops,0.6753393411636353
Proto-LC,3,3-118194-A-33.wav,33,door wood creaks,33,door wood creaks,door wood creaks; door wood knock; clock tick,0.7593750953674316
Proto-LC,3,3-118487-A-26.wav,26,laughing,26,laughing,laughing; coughing; drinking sipping,0.8338655233383179
Proto-LC,3,3-118656-A-41.wav,41,chainsaw,41,chainsaw,chainsaw; engine; hand saw,0.7158980369567871
Proto-LC,3,3-118657-A-41.wav,41,chainsaw,41,chainsaw,chainsaw; engine; hand saw,0.7263649702072144
Proto-LC,3,3-118657-B-41.wav,41,chainsaw,41,chainsaw,chainsaw; engine; vacuum cleaner,0.6704688668251038
Proto-LC,3,3-118658-A-41.wav,41,chainsaw,41,chainsaw,chainsaw; hand saw; engine,0.8479233980178833
Proto-LC,3,3-118658-B-41.wav,41,chainsaw,41,chainsaw,chainsaw; engine; vacuum cleaner,0.791588544845581
Proto-LC,3,3-118972-A-41.wav,41,chainsaw,41,chainsaw,chainsaw; hand saw; engine,0.8481960296630859
Proto-LC,3,3-118972-B-41.wav,41,chainsaw,41,chainsaw,chainsaw; hand saw; crow,0.8907206058502197
Proto-LC,3,3-119120-A-48.wav,48,fireworks,48,fireworks,fireworks; thunderstorm; door wood knock,0.8731826543807983
Proto-LC,3,3-119120-B-48.wav,48,fireworks,48,fireworks,fireworks; thunderstorm; crackling fire,0.856111466884613
Proto-LC,3,3-119120-C-48.wav,48,fireworks,48,fireworks,fireworks; thunderstorm; door wood knock,0.8846074342727661
Proto-LC,3,3-119120-D-48.wav,48,fireworks,48,fireworks,fireworks; thunderstorm; church bells,0.9375101327896118
Proto-LC,3,3-119120-E-48.wav,48,fireworks,48,fireworks,fireworks; thunderstorm; clapping,0.9333873987197876
Proto-LC,3,3-119455-A-44.wav,44,engine,44,engine,engine; helicopter; airplane,0.740008533000946
Proto-LC,3,3-119459-A-26.wav,26,laughing,26,laughing,laughing; coughing; clapping,0.8599393367767334
Proto-LC,3,3-120526-A-37.wav,37,clock alarm,37,clock alarm,clock alarm; clock tick; mouse click,0.7075363397598267
Proto-LC,3,3-120526-B-37.wav,37,clock alarm,37,clock alarm,clock alarm; clock tick; mouse click,0.8469993472099304
Proto-LC,3,3-120644-A-12.wav,12,crackling fire,12,crackling fire,crackling fire; can opening; rain,0.8653791546821594
Proto-LC,3,3-121348-A-9.wav,9,crow,9,crow,crow; chirping birds; rooster,0.8730478286743164
Proto-LC,3,3-122110-A-46.wav,46,church bells,46,church bells,church bells; thunderstorm; wind,0.8858631253242493
Proto-LC,3,3-123086-A-28.wav,28,snoring,28,snoring,snoring; breathing; drinking sipping,0.9070093631744385
Proto-LC,3,3-123224-A-19.wav,19,thunderstorm,19,thunderstorm,thunderstorm; rain; wind,0.9381499886512756
Proto-LC,3,3-124376-A-3.wav,3,cow,3,cow,cow; rooster; sheep,0.7506435513496399
Proto-LC,3,3-124376-B-3.wav,3,cow,3,cow,cow; rooster; sheep,0.7620738744735718
Proto-LC,3,3-124600-A-19.wav,19,thunderstorm,19,thunderstorm,thunderstorm; rain; wind,0.8622521162033081
Proto-LC,3,3-124795-A-28.wav,28,snoring,28,snoring,snoring; drinking sipping; engine,0.5384348630905151
Proto-LC,3,3-124925-A-9.wav,9,crow,9,crow,crow; chirping birds; rooster,0.9150600433349609
Proto-LC,3,3-124958-A-28.wav,28,snoring,28,snoring,snoring; breathing; drinking sipping,0.87457275390625
Proto-LC,3,3-125418-A-24.wav,24,coughing,24,coughing,coughing; laughing; sneezing,0.8635769486427307
Proto-LC,3,3-125548-A-32.wav,32,keyboard typing,32,keyboard typing,keyboard typing; mouse click; clapping,0.846571683883667
Proto-LC,3,3-126113-A-26.wav,26,laughing,26,laughing,laughing; coughing; breathing,0.7505251169204712
Proto-LC,3,3-126358-A-3.wav,3,cow,3,cow,cow; rooster; sheep,0.7605158090591431
Proto-LC,3,3-126358-B-3.wav,3,cow,1,rooster,rooster; cow; sheep,0.797046422958374
Proto-LC,3,3-126391-A-27.wav,27,brushing teeth,27,brushing teeth,brushing teeth; washing machine; pouring water,0.9229775071144104
Proto-LC,3,3-126391-B-27.wav,27,brushing teeth,27,brushing teeth,brushing teeth; washing machine; drinking sipping,0.8840950131416321
Proto-LC,3,3-127874-A-17.wav,17,pouring water,17,pouring water,pouring water; water drops; drinking sipping,0.8621554970741272
Proto-LC,3,3-127890-A-9.wav,9,crow,9,crow,crow; chirping birds; rooster,0.9282976388931274
Proto-LC,3,3-127890-B-9.wav,9,crow,9,crow,crow; chirping birds; hen,0.8846890330314636
Proto-LC,3,3-127890-C-9.wav,9,crow,9,crow,crow; chirping birds; rooster,0.8968749046325684
Proto-LC,3,3-128160-A-44.wav,44,engine,44,engine,engine; helicopter; airplane,0.5682470798492432
Proto-LC,3,3-128512-A-47.wav,47,airplane,47,airplane,airplane; helicopter; wind,0.6597144603729248
Proto-LC,3,3-128512-B-47.wav,47,airplane,47,airplane,airplane; wind; engine,0.6739804744720459
Proto-LC,3,3-129264-A-9.wav,9,crow,9,crow,crow; chirping birds; wind,0.8063229322433472
Proto-LC,3,3-129338-A-13.wav,13,crickets,4,frog,frog; insects; crickets,0.7805300951004028
Proto-LC,3,3-129678-A-13.wav,13,crickets,13,crickets,crickets; insects; frog,0.9229215979576111
Proto-LC,3,3-130330-A-22.wav,22,clapping,22,clapping,clapping; laughing; can opening,0.7791844606399536
Proto-LC,3,3-130998-A-28.wav,28,snoring,23,breathing,breathing; snoring; engine,0.5678962469100952
Proto-LC,3,3-130998-B-28.wav,28,snoring,28,snoring,snoring; breathing; dog,0.7370567321777344
Proto-LC,3,3-131943-A-37.wav,37,clock alarm,37,clock alarm,clock alarm; clock tick; church bells,0.8715449571609497
Proto-LC,3,3-132340-A-37.wav,37,clock alarm,37,clock alarm,clock alarm; church bells; clock tick,0.7357678413391113
Proto-LC,3,3-132601-A-24.wav,24,coughing,24,coughing,coughing; breathing; laughing,0.8836863040924072
Proto-LC,3,3-132747-A-26.wav,26,laughing,26,laughing,laughing; crying baby; hen,0.8276967406272888
Proto-LC,3,3-132830-A-32.wav,32,keyboard typing,32,keyboard typing,keyboard typing; mouse click; clock tick,0.9038152098655701
Proto-LC,3,3-132852-A-10.wav,10,rain,10,rain,rain; wind; crackling fire,0.7369489669799805
Proto-LC,3,3-133977-A-29.wav,29,drinking sipping,29,drinking sipping,drinking sipping; washing machine; coughing,0.6458811163902283
Proto-LC,3,3-134049-A-1.wav,1,rooster,1,rooster,rooster; hen; crow,0.7824227213859558
Proto-LC,3,3-134699-A-16.wav,16,wind,16,wind,wind; chirping birds; sea waves,0.5979804396629333
Proto-LC,3,3-134699-B-16.wav,16,wind,16,wind,wind; sea waves; rain,0.767947793006897
Proto-LC,3,3-134699-C-16.wav,16,wind,16,wind,wind; chirping birds; rain,0.6548557877540588
Proto-LC,3,3-134802-A-13.wav,13,crickets,13,crickets,crickets; insects; chirping birds,0.7790854573249817
Proto-LC,3,3-135469-A-35.wav,35,washing machine,44,engine,engine; train; washing machine,0.5852302312850952
Proto-LC,3,3-135650-A-45.wav,45,train,45,train,train; washing machine; footsteps,0.8458914756774902
Proto-LC,3,3-135650-B-45.wav,45,train,45,train,train; washing machine; footsteps,0.7374821901321411
Proto-LC,3,3-136288-A-0.wav,0,dog,0,dog,dog; rooster; chirping birds,0.6505311727523804
Proto-LC,3,3-136451-A-45.wav,45,train,45,train,train; car horn; footsteps,0.8565834760665894
Proto-LC,3,3-136608-A-16.wav,16,wind,16,wind,wind; sea waves; chirping birds,0.6973166465759277
Proto-LC,3,3-137152-A-1.wav,1,rooster,1,rooster,rooster; hen; cow,0.8064240217208862
Proto-LC,3,3-138114-A-22.wav,22,clapping,22,clapping,clapping; laughing; fireworks,0.9410403966903687
Proto-LC,3,3-138212-A-45.wav,45,train,45,train,train; airplane; helicopter,0.8967654705047607
Proto-LC,3,3-139109-A-46.wav,46,church bells,46,church bells,church bells; train; wind,0.7163472175598145
Proto-LC,3,3-139331-A-27.wav,27,brushing teeth,27,brushing teeth,brushing teeth; dog; pig,0.6989709138870239
Proto-LC,3,3-139958-A-37.wav,37,clock alarm,37,clock alarm,clock alarm; church bells; clock tick,0.8017604351043701
Proto-LC,3,3-140199-A-8.wav,8,sheep,8,sheep,sheep; cow; crow,0.9042894840240479
Proto-LC,3,3-140199-B-8.wav,8,sheep,8,sheep,sheep; cow; rooster,0.9328198432922363
Proto-LC,3,3-140199-C-8.wav,8,sheep,8,sheep,sheep; cow; rooster,0.9469688534736633
Proto-LC,3,3-140199-D-8.wav,8,sheep,8,sheep,sheep; cow; crow,0.9353071451187134
Proto-LC,3,3-140323-A-29.wav,29,drinking sipping,29,drinking sipping,drinking sipping; frog; coughing,0.7574808597564697
Proto-LC,3,3-140774-A-10.wav,10,rain,44,engine,engine; rain; washing machine,0.5123500823974609
Proto-LC,3,3-141240-A-44.wav,44,engine,41,chainsaw,chainsaw; car horn; engine,0.45561644434928894
Proto-LC,3,3-141240-B-44.wav,44,engine,44,engine,engine; car horn; chainsaw,0.5574941635131836
Proto-LC,3,3-141559-A-45.wav,45,train,45,train,train; wind; engine,0.9292164444923401
Proto-LC,3,3-141684-A-21.wav,21,sneezing,21,sneezing,sneezing; coughing; laughing,0.8530830144882202
Proto-LC,3,3-142005-A-10.wav,10,rain,10,rain,rain; sea waves; wind,0.8367962837219238
Proto-LC,3,3-142006-A-10.wav,10,rain,10,rain,rain; wind; sea waves,0.9075902700424194
Proto-LC,3,3-142349-A-17.wav,17,pouring water,17,pouring water,pouring water; water drops; drinking sipping,0.8470220565795898
Proto-LC,3,3-142593-A-38.wav,38,clock tick,38,clock tick,clock tick; mouse click; keyboard typing,0.7962756156921387
Proto-LC,3,3-142601-A-21.wav,21,sneezing,21,sneezing,sneezing; coughing; dog,0.8132906556129456
Proto-LC,3,3-142604-A-24.wav,24,coughing,24,coughing,coughing; breathing; sneezing,0.8433418273925781
Proto-LC,3,3-142605-A-21.wav,21,sneezing,21,sneezing,sneezing; coughing; breathing,0.8351593017578125
Proto-LC,3,3-143119-A-21.wav,21,sneezing,21,sneezing,sneezing; coughing; breathing,0.9005417823791504
Proto-LC,3,3-143560-A-47.wav,47,airplane,47,airplane,airplane; helicopter; engine,0.8551275730133057
Proto-LC,3,3-143562-A-47.wav,47,airplane,47,airplane,airplane; helicopter; engine,0.736901044845581
Proto-LC,3,3-143929-A-10.wav,10,rain,10,rain,rain; crackling fire; wind,0.6624161005020142
Proto-LC,3,3-143933-A-38.wav,38,clock tick,38,clock tick,clock tick; clock alarm; mouse click,0.8896365761756897
Proto-LC,3,3-144028-A-0.wav,0,dog,0,dog,dog; hen; rooster,0.6587110757827759
Proto-LC,3,3-144106-A-32.wav,32,keyboard typing,32,keyboard typing,keyboard typing; mouse click; glass breaking,0.8509066700935364
Proto-LC,3,3-144120-A-32.wav,32,keyboard typing,32,keyboard typing,keyboard typing; mouse click; clock tick,0.9225143194198608
Proto-LC,3,3-144128-A-23.wav,23,breathing,23,breathing,breathing; snoring; mouse click,0.8846317529678345
Proto-LC,3,3-144128-B-23.wav,23,breathing,23,breathing,breathing; snoring; coughing,0.8849790692329407
Proto-LC,3,3-144253-A-29.wav,29,drinking sipping,29,drinking sipping,drinking sipping; pig; brushing teeth,0.773530125617981
Proto-LC,3,3-144259-A-29.wav,29,drinking sipping,29,drinking sipping,drinking sipping; can opening; pig,0.7055662274360657
Proto-LC,3,3-144510-A-30.wav,30,door wood knock,30,door wood knock,door wood knock; door wood creaks; footsteps,0.8729943037033081
Proto-LC,3,3-144692-A-21.wav,21,sneezing,21,sneezing,sneezing; coughing; breathing,0.8433172702789307
Proto-LC,3,3-144827-A-11.wav,11,sea waves,16,wind,wind; sea waves; train,0.760722815990448
Proto-LC,3,3-144827-B-11.wav,11,sea waves,11,sea waves,sea waves; wind; rain,0.8261573910713196
Proto-LC,3,3-144891-A-19.wav,19,thunderstorm,19,thunderstorm,thunderstorm; rain; wind,0.8986581563949585
Proto-LC,3,3-144891-B-19.wav,19,thunderstorm,19,thunderstorm,thunderstorm; fireworks; wind,0.902766764163971
Proto-LC,3,3-145382-A-1.wav,1,rooster,1,rooster,rooster; hen; cow,0.8257413506507874
Proto-LC,3,3-145387-A-29.wav,29,drinking sipping,29,drinking sipping,drinking sipping; water drops; frog,0.7811933159828186
Proto-LC,3,3-145487-A-24.wav,24,coughing,24,coughing,coughing; laughing; sneezing,0.7636910676956177
Proto-LC,3,3-145577-A-43.wav,43,car horn,43,car horn,car horn; clock alarm; siren,0.8023984432220459
Proto-LC,3,3-145719-A-17.wav,17,pouring water,17,pouring water,pouring water; water drops; drinking sipping,0.7975277900695801
Proto-LC,3,3-145774-A-12.wav,12,crackling fire,12,crackling fire,crackling fire; rain; water drops,0.8866310715675354
Proto-LC,3,3-146033-A-13.wav,13,crickets,13,crickets,crickets; insects; chirping birds,0.7456636428833008
Proto-LC,3,3-146186-A-44.wav,44,engine,44,engine,engine; airplane; helicopter,0.6529875993728638
Proto-LC,3,3-146697-A-43.wav,43,car horn,43,car horn,car horn; crow; wind,0.5698562264442444
Proto-LC,3,3-146873-A-24.wav,24,coughing,24,coughing,coughing; sneezing; laughing,0.8354752063751221
Proto-LC,3,3-146964-A-5.wav,5,cat,5,cat,cat; crying baby; snoring,0.7512742280960083
Proto-LC,3,3-146965-A-5.wav,5,cat,5,cat,cat; crow; crying baby,0.7642052173614502
Proto-LC,3,3-146972-A-5.wav,5,cat,5,cat,cat; crow; dog,0.6639273166656494
Proto-LC,3,3-147342-A-34.wav,34,can opening,34,can opening,can opening; glass breaking; sneezing,0.7295124530792236
Proto-LC,3,3-147343-A-34.wav,34,can opening,34,can opening,can opening; glass breaking; sneezing,0.6923724412918091
Proto-LC,3,3-147965-A-12.wav,12,crackling fire,12,crackling fire,crackling fire; rain; washing machine,0.7614643573760986
Proto-LC,3,3-148297-A-37.wav,37,clock alarm,37,clock alarm,clock alarm; clock tick; mouse click,0.530797004699707
Proto-LC,3,3-148330-A-21.wav,21,sneezing,21,sneezing,sneezing; breathing; coughing,0.7889314889907837
Proto-LC,3,3-148932-A-34.wav,34,can opening,34,can opening,can opening; drinking sipping; mouse click,0.6921024322509766
Proto-LC,3,3-149042-A-24.wav,24,coughing,24,coughing,coughing; sneezing; laughing,0.7983748912811279
Proto-LC,3,3-149189-A-1.wav,1,rooster,1,rooster,rooster; hen; cow,0.8190085887908936
Proto-LC,3,3-149448-A-17.wav,17,pouring water,17,pouring water,pouring water; water drops; drinking sipping,0.8533896207809448
Proto-LC,3,3-149465-A-22.wav,22,clapping,22,clapping,clapping; laughing; hen,0.9239328503608704
Proto-LC,3,3-150231-A-21.wav,21,sneezing,21,sneezing,sneezing; coughing; dog,0.9052293300628662
Proto-LC,3,3-150363-A-38.wav,38,clock tick,38,clock tick,clock tick; water drops; clock alarm,0.8193451762199402
Proto-LC,3,3-150979-A-40.wav,40,helicopter,47,airplane,airplane; helicopter; wind,0.6155527830123901
Proto-LC,3,3-150979-B-40.wav,40,helicopter,44,engine,engine; helicopter; airplane,0.6428720951080322
Proto-LC,3,3-150979-C-40.wav,40,helicopter,44,engine,engine; airplane; wind,0.5883205533027649
Proto-LC,3,3-151080-A-20.wav,20,crying baby,20,crying baby,crying baby; coughing; laughing,0.8953795433044434
Proto-LC,3,3-151081-A-20.wav,20,crying baby,20,crying baby,crying baby; coughing; laughing,0.9071162939071655
Proto-LC,3,3-151081-B-20.wav,20,crying baby,20,crying baby,crying baby; snoring; cat,0.8160421848297119
Proto-LC,3,3-151089-A-30.wav,30,door wood knock,30,door wood knock,door wood knock; footsteps; mouse click,0.7772161960601807
Proto-LC,3,3-151206-A-23.wav,23,breathing,23,breathing,breathing; snoring; coughing,0.8523310422897339
Proto-LC,3,3-151212-A-24.wav,24,coughing,24,coughing,coughing; sneezing; laughing,0.8335444927215576
Proto-LC,3,3-151213-A-24.wav,24,coughing,24,coughing,coughing; sneezing; laughing,0.8728185892105103
Proto-LC,3,3-151255-A-28.wav,28,snoring,28,snoring,snoring; breathing; drinking sipping,0.910896897315979
Proto-LC,3,3-151269-A-35.wav,35,washing machine,44,engine,engine; washing machine; vacuum cleaner,0.7771288156509399
Proto-LC,3,3-151273-A-35.wav,35,washing machine,44,engine,engine; washing machine; vacuum cleaner,0.7729042768478394
Proto-LC,3,3-151557-A-28.wav,28,snoring,28,snoring,snoring; breathing; rooster,0.8873389363288879
Proto-LC,3,3-151557-B-28.wav,28,snoring,28,snoring,snoring; breathing; drinking sipping,0.9107011556625366
Proto-LC,3,3-152007-A-20.wav,20,crying baby,20,crying baby,crying baby; cat; laughing,0.843526303768158
Proto-LC,3,3-152007-B-20.wav,20,crying baby,20,crying baby,crying baby; breathing; coughing,0.8391124606132507
Proto-LC,3,3-152007-C-20.wav,20,crying baby,20,crying baby,crying baby; cat; laughing,0.857962965965271
Proto-LC,3,3-152007-D-20.wav,20,crying baby,20,crying baby,crying baby; laughing; cat,0.8739252090454102
Proto-LC,3,3-152007-E-20.wav,20,crying baby,20,crying baby,crying baby; laughing; cat,0.8609158992767334
Proto-LC,3,3-152020-A-36.wav,36,vacuum cleaner,36,vacuum cleaner,vacuum cleaner; engine; chainsaw,0.7124953269958496
Proto-LC,3,3-152020-B-36.wav,36,vacuum cleaner,36,vacuum cleaner,vacuum cleaner; engine; airplane,0.7808064222335815
Proto-LC,3,3-152020-C-36.wav,36,vacuum cleaner,36,vacuum cleaner,vacuum cleaner; engine; chainsaw,0.733355700969696
Proto-LC,3,3-152039-A-3.wav,3,cow,3,cow,cow; rooster; sheep,0.5844738483428955
Proto-LC,3,3-152039-B-3.wav,3,cow,3,cow,cow; rooster; sheep,0.6828163266181946
Proto-LC,3,3-152594-A-30.wav,30,door wood knock,30,door wood knock,door wood knock; door wood creaks; footsteps,0.8462152481079102
Proto-LC,3,3-152912-A-26.wav,26,laughing,26,laughing,laughing; crying baby; coughing,0.7273375988006592
Proto-LC,3,3-152997-A-26.wav,26,laughing,26,laughing,laughing; crow; car horn,0.5254544019699097
Proto-LC,3,3-153057-A-43.wav,43,car horn,43,car horn,car horn; siren; clock alarm,0.8270474672317505
Proto-LC,3,3-153444-A-32.wav,32,keyboard typing,32,keyboard typing,keyboard typing; mouse click; pouring water,0.8974472284317017
Proto-LC,3,3-154378-A-30.wav,30,door wood knock,30,door wood knock,door wood knock; door wood creaks; footsteps,0.7706738710403442
Proto-LC,3,3-154439-A-17.wav,17,pouring water,17,pouring water,pouring water; water drops; drinking sipping,0.7821205854415894
Proto-LC,3,3-154758-A-44.wav,44,engine,44,engine,engine; helicopter; clock tick,0.6600276231765747
Proto-LC,3,3-154781-A-32.wav,32,keyboard typing,32,keyboard typing,keyboard typing; mouse click; clock tick,0.886597752571106
Proto-LC,3,3-154926-A-40.wav,40,helicopter,44,engine,engine; wind; dog,0.5507615804672241
Proto-LC,3,3-154926-B-40.wav,40,helicopter,47,airplane,airplane; helicopter; engine,0.7265183925628662
Proto-LC,3,3-154957-A-1.wav,1,rooster,1,rooster,rooster; hen; cow,0.8007466793060303
Proto-LC,3,3-155130-A-43.wav,43,car horn,43,car horn,car horn; siren; train,0.888610303401947
Proto-LC,3,3-155234-A-43.wav,43,car horn,43,car horn,car horn; siren; church bells,0.6598837375640869
Proto-LC,3,3-155312-A-0.wav,0,dog,0,dog,dog; siren; rooster,0.6367409229278564
Proto-LC,3,3-155556-A-31.wav,31,mouse click,31,mouse click,mouse click; keyboard typing; door wood creaks,0.7894369959831238
Proto-LC,3,3-155568-A-32.wav,32,keyboard typing,32,keyboard typing,keyboard typing; mouse click; clapping,0.8197495937347412
Proto-LC,3,3-155570-A-32.wav,32,keyboard typing,32,keyboard typing,keyboard typing; mouse click; door wood knock,0.8096739053726196
Proto-LC,3,3-155577-A-14.wav,14,chirping birds,14,chirping birds,chirping birds; wind; sea waves,0.7737346887588501
Proto-LC,3,3-155578-A-14.wav,14,chirping birds,14,chirping birds,chirping birds; hen; crow,0.7807019948959351
Proto-LC,3,3-155579-A-14.wav,14,chirping birds,14,chirping birds,chirping birds; insects; crickets,0.8669004440307617
Proto-LC,3,3-155583-A-14.wav,14,chirping birds,14,chirping birds,chirping birds; hen; crow,0.8188856840133667
Proto-LC,3,3-155584-A-14.wav,14,chirping birds,14,chirping birds,chirping birds; wind; crow,0.8071441054344177
Proto-LC,3,3-155642-A-11.wav,11,sea waves,11,sea waves,sea waves; wind; rain,0.9169667959213257
Proto-LC,3,3-155642-B-11.wav,11,sea waves,11,sea waves,sea waves; wind; rain,0.9187565445899963
Proto-LC,3,3-155659-A-34.wav,34,can opening,34,can opening,can opening; glass breaking; coughing,0.8826467990875244
Proto-LC,3,3-155766-A-13.wav,13,crickets,13,crickets,crickets; insects; chirping birds,0.7039287090301514
Proto-LC,3,3-156391-A-35.wav,35,washing machine,44,engine,engine; helicopter; airplane,0.6754895448684692
Proto-LC,3,3-156393-A-35.wav,35,washing machine,40,helicopter,helicopter; airplane; engine,0.8444625735282898
Proto-LC,3,3-156558-A-21.wav,21,sneezing,21,sneezing,sneezing; coughing; breathing,0.8527335524559021
Proto-LC,3,3-156581-A-14.wav,14,chirping birds,14,chirping birds,chirping birds; crickets; insects,0.8549875020980835
Proto-LC,3,3-156581-B-14.wav,14,chirping birds,14,chirping birds,chirping birds; insects; crickets,0.7951992750167847
Proto-LC,3,3-156907-A-15.wav,15,water drops,15,water drops,water drops; drinking sipping; pouring water,0.6463214755058289
Proto-LC,3,3-157149-A-10.wav,10,rain,10,rain,rain; wind; crackling fire,0.830336332321167
Proto-LC,3,3-157187-A-12.wav,12,crackling fire,12,crackling fire,crackling fire; can opening; glass breaking,0.7507128715515137
Proto-LC,3,3-157487-A-10.wav,10,rain,10,rain,rain; crackling fire; wind,0.8423478007316589
Proto-LC,3,3-157492-A-45.wav,45,train,45,train,train; footsteps; washing machine,0.816286563873291
Proto-LC,3,3-157615-A-10.wav,10,rain,10,rain,rain; water drops; wind,0.9010838270187378
Proto-LC,3,3-157695-A-0.wav,0,dog,0,dog,dog; hen; rooster,0.6490259170532227
Proto-LC,3,3-158056-A-31.wav,31,mouse click,31,mouse click,mouse click; keyboard typing; clock tick,0.8689389824867249
Proto-LC,3,3-158056-B-31.wav,31,mouse click,31,mouse click,mouse click; keyboard typing; clock tick,0.8205173015594482
Proto-LC,3,3-158476-A-12.wav,12,crackling fire,12,crackling fire,crackling fire; fireworks; glass breaking,0.7125955820083618
Proto-LC,3,3-159346-A-36.wav,36,vacuum cleaner,47,airplane,airplane; vacuum cleaner; helicopter,0.6036439538002014
Proto-LC,3,3-159346-B-36.wav,36,vacuum cleaner,36,vacuum cleaner,vacuum cleaner; engine; airplane,0.631882905960083
Proto-LC,3,3-159347-A-36.wav,36,vacuum cleaner,36,vacuum cleaner,vacuum cleaner; engine; airplane,0.5664396286010742
Proto-LC,3,3-159347-B-36.wav,36,vacuum cleaner,36,vacuum cleaner,vacuum cleaner; engine; airplane,0.585881233215332
Proto-LC,3,3-159348-A-36.wav,36,vacuum cleaner,36,vacuum cleaner,vacuum cleaner; engine; airplane,0.7806478142738342
Proto-LC,3,3-159445-A-45.wav,45,train,45,train,train; wind; siren,0.8068546056747437
Proto-LC,3,3-159445-B-45.wav,45,train,45,train,train; airplane; wind,0.8307094573974609
Proto-LC,3,3-160119-A-15.wav,15,water drops,15,water drops,water drops; pouring water; drinking sipping,0.6709491014480591
Proto-LC,3,3-160993-A-3.wav,3,cow,3,cow,cow; rooster; sheep,0.678460419178009
Proto-LC,3,3-161010-A-43.wav,43,car horn,43,car horn,car horn; church bells; wind,0.6392406225204468
Proto-LC,3,3-161500-A-17.wav,17,pouring water,17,pouring water,pouring water; water drops; rain,0.7470608949661255
Proto-LC,3,3-162786-A-13.wav,13,crickets,13,crickets,crickets; insects; frog,0.7880277633666992
Proto-LC,3,3-163288-A-1.wav,1,rooster,1,rooster,rooster; hen; chirping birds,0.8197861909866333
Proto-LC,3,3-163459-A-0.wav,0,dog,0,dog,dog; rooster; crow,0.7373897433280945
Proto-LC,3,3-163607-A-13.wav,13,crickets,13,crickets,crickets; wind; insects,0.6597223877906799
Proto-LC,3,3-163607-B-13.wav,13,crickets,13,crickets,crickets; insects; wind,0.6971873044967651
Proto-LC,3,3-163727-A-3.wav,3,cow,1,rooster,rooster; cow; sheep,0.7988570332527161
Proto-LC,3,3-164120-A-11.wav,11,sea waves,11,sea waves,sea waves; wind; rain,0.8796868324279785
Proto-LC,3,3-164216-A-6.wav,6,hen,6,hen,hen; rooster; chirping birds,0.8438324928283691
Proto-LC,3,3-164216-B-6.wav,6,hen,6,hen,hen; rooster; chirping birds,0.802715003490448
Proto-LC,3,3-164216-C-6.wav,6,hen,6,hen,hen; rooster; chirping birds,0.8199658393859863
Proto-LC,3,3-164592-A-15.wav,15,water drops,15,water drops,water drops; drinking sipping; pouring water,0.5880253314971924
Proto-LC,3,3-164593-A-15.wav,15,water drops,15,water drops,water drops; pouring water; drinking sipping,0.5870212912559509
Proto-LC,3,3-164594-A-15.wav,15,water drops,15,water drops,water drops; pouring water; drinking sipping,0.5479090213775635
Proto-LC,3,3-164595-A-15.wav,15,water drops,15,water drops,water drops; sea waves; drinking sipping,0.6072157621383667
Proto-LC,3,3-164630-A-11.wav,11,sea waves,11,sea waves,sea waves; wind; washing machine,0.7596218585968018
Proto-LC,3,3-164688-A-38.wav,38,clock tick,38,clock tick,clock tick; clock alarm; mouse click,0.8807377815246582
Proto-LC,3,3-165856-A-41.wav,41,chainsaw,41,chainsaw,chainsaw; engine; vacuum cleaner,0.6272923946380615
Proto-LC,3,3-166125-A-23.wav,23,breathing,23,breathing,breathing; snoring; drinking sipping,0.817463755607605
Proto-LC,3,3-166125-B-23.wav,23,breathing,23,breathing,breathing; snoring; sneezing,0.8570724129676819
Proto-LC,3,3-166324-A-15.wav,15,water drops,38,clock tick,clock tick; mouse click; door wood knock,0.6366744041442871
Proto-LC,3,3-166326-A-15.wav,15,water drops,15,water drops,water drops; pouring water; rain,0.7219027876853943
Proto-LC,3,3-166422-A-11.wav,11,sea waves,11,sea waves,sea waves; wind; rain,0.8261131048202515
Proto-LC,3,3-166546-A-34.wav,34,can opening,34,can opening,can opening; pouring water; glass breaking,0.8000684976577759
Proto-LC,3,3-166546-B-34.wav,34,can opening,34,can opening,can opening; drinking sipping; pouring water,0.7940009236335754
Proto-LC,3,3-167096-A-31.wav,31,mouse click,31,mouse click,mouse click; clock tick; keyboard typing,0.709443986415863
Proto-LC,3,3-169907-A-29.wav,29,drinking sipping,29,drinking sipping,drinking sipping; pig; snoring,0.5891901254653931
Proto-LC,3,3-170002-A-34.wav,34,can opening,34,can opening,can opening; drinking sipping; coughing,0.8260215520858765
Proto-LC,3,3-170015-A-0.wav,0,dog,0,dog,dog; rooster; sneezing,0.605318546295166
Proto-LC,3,3-170312-A-31.wav,31,mouse click,31,mouse click,mouse click; keyboard typing; can opening,0.8542011976242065
Proto-LC,3,3-170377-A-38.wav,38,clock tick,38,clock tick,clock tick; clock alarm; mouse click,0.900896430015564
Proto-LC,3,3-170383-A-38.wav,38,clock tick,38,clock tick,clock tick; clock alarm; mouse click,0.9015572667121887
Proto-LC,3,3-170574-A-30.wav,30,door wood knock,30,door wood knock,door wood knock; footsteps; door wood creaks,0.7244408130645752
Proto-LC,3,3-170851-A-31.wav,31,mouse click,32,keyboard typing,keyboard typing; mouse click; brushing teeth,0.47409725189208984
Proto-LC,3,3-171012-A-38.wav,38,clock tick,38,clock tick,clock tick; mouse click; clock alarm,0.844231367111206
Proto-LC,3,3-171041-A-38.wav,38,clock tick,38,clock tick,clock tick; mouse click; clock alarm,0.824203372001648
Proto-LC,3,3-171281-A-6.wav,6,hen,6,hen,hen; rooster; sheep,0.8715434074401855
Proto-LC,3,3-171937-A-34.wav,34,can opening,34,can opening,can opening; drinking sipping; pouring water,0.7419025301933289
Proto-LC,3,3-172179-A-31.wav,31,mouse click,31,mouse click,mouse click; keyboard typing; clock tick,0.8030884265899658
Proto-LC,3,3-172881-A-48.wav,48,fireworks,48,fireworks,fireworks; thunderstorm; clapping,0.948400616645813
Proto-LC,3,3-172922-A-48.wav,48,fireworks,48,fireworks,fireworks; thunderstorm; crackling fire,0.9181838631629944
Proto-LC,3,3-174840-A-43.wav,43,car horn,43,car horn,car horn; clock alarm; can opening,0.7605737447738647
Proto-LC,3,3-174866-A-29.wav,29,drinking sipping,29,drinking sipping,drinking sipping; footsteps; coughing,0.684828519821167
Proto-LC,3,3-177082-A-22.wav,22,clapping,22,clapping,clapping; laughing; rain,0.9334191083908081
Proto-LC,3,3-177083-A-22.wav,22,clapping,22,clapping,clapping; laughing; fireworks,0.8509594798088074
Proto-LC,3,3-178096-A-6.wav,6,hen,6,hen,hen; laughing; chirping birds,0.8157016038894653
Proto-LC,3,3-180147-A-30.wav,30,door wood knock,30,door wood knock,door wood knock; door wood creaks; footsteps,0.8200968503952026
Proto-LC,3,3-180256-A-0.wav,0,dog,0,dog,dog; rooster; crow,0.5816466808319092
Proto-LC,3,3-180977-A-0.wav,0,dog,0,dog,dog; rooster; clock alarm,0.6888672113418579
Proto-LC,3,3-181132-A-14.wav,14,chirping birds,14,chirping birds,chirping birds; crickets; insects,0.8442203402519226
Proto-LC,3,3-181278-A-22.wav,22,clapping,22,clapping,clapping; fireworks; laughing,0.7864992022514343
Proto-LC,3,3-182023-A-30.wav,30,door wood knock,30,door wood knock,door wood knock; door wood creaks; footsteps,0.883481502532959
Proto-LC,3,3-182025-A-30.wav,30,door wood knock,30,door wood knock,door wood knock; door wood creaks; footsteps,0.8876636028289795
Proto-LC,3,3-182710-A-35.wav,35,washing machine,44,engine,engine; washing machine; vacuum cleaner,0.7355659604072571
Proto-LC,3,3-182710-B-35.wav,35,washing machine,35,washing machine,washing machine; engine; vacuum cleaner,0.6400892734527588
Proto-LC,3,3-185313-A-31.wav,31,mouse click,31,mouse click,mouse click; keyboard typing; clock tick,0.6962777376174927
Proto-LC,3,3-185456-A-29.wav,29,drinking sipping,29,drinking sipping,drinking sipping; pouring water; breathing,0.848502516746521
Proto-LC,3,3-187549-A-6.wav,6,hen,6,hen,hen; chirping birds; rooster,0.8469275236129761
Proto-LC,3,3-187549-B-6.wav,6,hen,6,hen,hen; rooster; chirping birds,0.8743402361869812
Proto-LC,3,3-187710-A-11.wav,11,sea waves,11,sea waves,sea waves; wind; rain,0.8740701675415039
Proto-LC,3,3-188390-A-6.wav,6,hen,6,hen,hen; rooster; chirping birds,0.8183425664901733
Proto-LC,3,3-188726-A-35.wav,35,washing machine,44,engine,engine; helicopter; airplane,0.671750009059906
Proto-LC,3,3-193767-A-47.wav,47,airplane,47,airplane,airplane; engine; helicopter,0.6541861295700073
Proto-LC,3,3-197408-A-8.wav,8,sheep,8,sheep,sheep; cow; rooster,0.9329156875610352
Proto-LC,3,3-197408-B-8.wav,8,sheep,8,sheep,sheep; cow; rooster,0.9435107111930847
Proto-LC,3,3-197408-C-8.wav,8,sheep,8,sheep,sheep; cow; wind,0.8423680067062378
Proto-LC,3,3-197435-A-22.wav,22,clapping,22,clapping,clapping; can opening; fireworks,0.7257543802261353
Proto-LC,3,3-197435-B-22.wav,22,clapping,22,clapping,clapping; can opening; laughing,0.5899137258529663
Proto-LC,3,3-203371-A-39.wav,39,glass breaking,39,glass breaking,glass breaking; can opening; crackling fire,0.852236270904541
Proto-LC,3,3-203373-A-39.wav,39,glass breaking,39,glass breaking,glass breaking; can opening; crackling fire,0.9098227024078369
Proto-LC,3,3-203374-A-39.wav,39,glass breaking,39,glass breaking,glass breaking; can opening; clapping,0.8716055154800415
Proto-LC,3,3-203375-A-39.wav,39,glass breaking,39,glass breaking,glass breaking; can opening; crackling fire,0.8991830348968506
Proto-LC,3,3-203377-A-39.wav,39,glass breaking,39,glass breaking,glass breaking; can opening; crackling fire,0.8589016199111938
Proto-LC,3,3-20861-A-8.wav,8,sheep,8,sheep,sheep; cow; rooster,0.7497189044952393
Proto-LC,3,3-208820-A-49.wav,49,hand saw,44,engine,engine; hand saw; train,0.5609897971153259
Proto-LC,3,3-216280-A-39.wav,39,glass breaking,39,glass breaking,glass breaking; can opening; chainsaw,0.8168809413909912
Proto-LC,3,3-216281-A-39.wav,39,glass breaking,39,glass breaking,glass breaking; can opening; crackling fire,0.8984848260879517
Proto-LC,3,3-216284-A-39.wav,39,glass breaking,39,glass breaking,glass breaking; can opening; clapping,0.8791010975837708
Proto-LC,3,3-233151-A-2.wav,2,pig,2,pig,pig; dog; rooster,0.8367156982421875
Proto-LC,3,3-243726-A-43.wav,43,car horn,43,car horn,car horn; church bells; train,0.5106463432312012
Proto-LC,3,3-246513-A-16.wav,16,wind,16,wind,wind; sea waves; thunderstorm,0.7346863746643066
Proto-LC,3,3-246513-B-16.wav,16,wind,16,wind,wind; rain; sea waves,0.7443985939025879
Proto-LC,3,3-249913-A-25.wav,25,footsteps,25,footsteps,footsteps; car horn; wind,0.6485335826873779
Proto-LC,3,3-251617-A-48.wav,48,fireworks,48,fireworks,fireworks; thunderstorm; door wood knock,0.8779054880142212
Proto-LC,3,3-253081-A-2.wav,2,pig,2,pig,pig; dog; drinking sipping,0.7687863111495972
Proto-LC,3,3-253084-A-2.wav,2,pig,2,pig,pig; dog; hen,0.8910121917724609
Proto-LC,3,3-253084-B-2.wav,2,pig,2,pig,pig; dog; hen,0.9052706956863403
Proto-LC,3,3-253084-C-2.wav,2,pig,2,pig,pig; dog; hen,0.9040881395339966
Proto-LC,3,3-253084-D-2.wav,2,pig,2,pig,pig; dog; hen,0.8691380023956299
Proto-LC,3,3-253084-E-2.wav,2,pig,2,pig,pig; dog; hen,0.9256941080093384
Proto-LC,3,3-257858-A-2.wav,2,pig,2,pig,pig; dog; rooster,0.8541631102561951
Proto-LC,3,3-259622-A-44.wav,44,engine,44,engine,engine; chainsaw; helicopter,0.6106549501419067
Proto-LC,3,3-51376-A-42.wav,42,siren,42,siren,siren; thunderstorm; airplane,0.8274958729743958
Proto-LC,3,3-51731-A-42.wav,42,siren,42,siren,siren; car horn; wind,0.75186687707901
Proto-LC,3,3-51731-B-42.wav,42,siren,42,siren,siren; car horn; wind,0.7121637463569641
Proto-LC,3,3-51909-A-42.wav,42,siren,42,siren,siren; car horn; thunderstorm,0.7835186719894409
Proto-LC,3,3-51909-B-42.wav,42,siren,42,siren,siren; wind; thunderstorm,0.819094717502594
Proto-LC,3,3-58772-A-42.wav,42,siren,42,siren,siren; car horn; airplane,0.8303027153015137
Proto-LC,3,3-62878-A-42.wav,42,siren,42,siren,siren; car horn; sea waves,0.8859255313873291
Proto-LC,3,3-62878-B-42.wav,42,siren,42,siren,siren; car horn; clock alarm,0.879780650138855
Proto-LC,3,3-65748-A-12.wav,12,crackling fire,12,crackling fire,crackling fire; washing machine; engine,0.7574977278709412
Proto-LC,3,3-68630-A-40.wav,40,helicopter,40,helicopter,helicopter; airplane; engine,0.7655973434448242
Proto-LC,3,3-68630-B-40.wav,40,helicopter,40,helicopter,helicopter; airplane; engine,0.8298601508140564
Proto-LC,3,3-68630-C-40.wav,40,helicopter,40,helicopter,helicopter; airplane; train,0.714531660079956
Proto-LC,3,3-70962-A-4.wav,4,frog,4,frog,frog; insects; crickets,0.932111382484436
Proto-LC,3,3-70962-B-4.wav,4,frog,4,frog,frog; insects; crickets,0.9215254783630371
Proto-LC,3,3-70962-C-4.wav,4,frog,4,frog,frog; insects; crickets,0.9073106050491333
Proto-LC,3,3-71964-A-4.wav,4,frog,4,frog,frog; insects; crickets,0.921776294708252
Proto-LC,3,3-71964-B-4.wav,4,frog,4,frog,frog; insects; crickets,0.9372868537902832
Proto-LC,3,3-71964-C-4.wav,4,frog,4,frog,frog; insects; crickets,0.9330703020095825
Proto-LC,3,3-83527-A-4.wav,4,frog,4,frog,frog; insects; crickets,0.926586389541626
Proto-LC,3,3-87936-A-46.wav,46,church bells,46,church bells,church bells; car horn; thunderstorm,0.9243831634521484
Proto-LC,3,3-87936-B-46.wav,46,church bells,46,church bells,church bells; thunderstorm; wind,0.8955316543579102
Proto-LC,3,3-92637-A-18.wav,18,toilet flush,18,toilet flush,toilet flush; washing machine; brushing teeth,0.8874272108078003
Proto-LC,3,3-93010-A-18.wav,18,toilet flush,18,toilet flush,toilet flush; washing machine; brushing teeth,0.9349120855331421
Proto-LC,3,3-94342-A-25.wav,25,footsteps,25,footsteps,footsteps; wind; insects,0.5199360847473145
Proto-LC,3,3-94343-A-25.wav,25,footsteps,25,footsteps,footsteps; crackling fire; church bells,0.6365773677825928
Proto-LC,3,3-94344-A-25.wav,25,footsteps,25,footsteps,footsteps; crackling fire; sea waves,0.5798724889755249
Proto-LC,3,3-94355-A-33.wav,33,door wood creaks,33,door wood creaks,door wood creaks; door wood knock; thunderstorm,0.8542904853820801
Proto-LC,3,3-95694-A-5.wav,5,cat,5,cat,cat; crow; crying baby,0.9156901836395264
Proto-LC,3,3-95695-A-5.wav,5,cat,5,cat,cat; crow; rooster,0.8256517648696899
Proto-LC,3,3-95695-B-5.wav,5,cat,5,cat,cat; crow; wind,0.8875102996826172
Proto-LC,3,3-95697-A-5.wav,5,cat,5,cat,cat; crow; dog,0.7606959342956543
Proto-LC,3,3-95698-A-5.wav,5,cat,5,cat,cat; crow; crying baby,0.8857545256614685
Proto-LC,3,3-96606-A-49.wav,49,hand saw,49,hand saw,hand saw; chainsaw; brushing teeth,0.8622500896453857
Proto-LC,3,3-96606-B-49.wav,49,hand saw,49,hand saw,hand saw; chainsaw; brushing teeth,0.812983512878418
Proto-LC,3,3-97909-A-49.wav,49,hand saw,49,hand saw,hand saw; chainsaw; engine,0.9097184538841248
Proto-LC,3,3-97909-B-49.wav,49,hand saw,49,hand saw,hand saw; chainsaw; engine,0.8153275847434998
Proto-LC,3,3-98193-A-46.wav,46,church bells,46,church bells,church bells; car horn; thunderstorm,0.9203239679336548
Proto-LC,3,3-98771-A-18.wav,18,toilet flush,18,toilet flush,toilet flush; pouring water; washing machine,0.8610414862632751
Proto-LC,3,3-98869-A-46.wav,46,church bells,46,church bells,church bells; thunderstorm; wind,0.9089849591255188
Logistic Regression,3,3-100018-A-18.wav,18,toilet flush,18,toilet flush,toilet flush; pouring water; drinking sipping,0.9914480447769165
Logistic Regression,3,3-100024-A-27.wav,27,brushing teeth,27,brushing teeth,brushing teeth; insects; hand saw,0.9999054074287415
Logistic Regression,3,3-100024-B-27.wav,27,brushing teeth,27,brushing teeth,brushing teeth; insects; pouring water,0.9998655319213867
Logistic Regression,3,3-101381-A-33.wav,33,door wood creaks,33,door wood creaks,door wood creaks; door wood knock; mouse click,0.999056875705719
Logistic Regression,3,3-101381-B-33.wav,33,door wood creaks,33,door wood creaks,door wood creaks; door wood knock; frog,0.9841916561126709
Logistic Regression,3,3-102583-A-49.wav,49,hand saw,49,hand saw,hand saw; door wood knock; vacuum cleaner,0.9994557499885559
Logistic Regression,3,3-102583-B-49.wav,49,hand saw,49,hand saw,hand saw; insects; airplane,0.9982377290725708
Logistic Regression,3,3-102583-C-49.wav,49,hand saw,49,hand saw,hand saw; insects; engine,0.9996760487556458
Logistic Regression,3,3-102908-A-4.wav,4,frog,4,frog,frog; water drops; drinking sipping,0.9896851778030396
Logistic Regression,3,3-103050-A-19.wav,19,thunderstorm,19,thunderstorm,thunderstorm; wind; airplane,0.9922623038291931
Logistic Regression,3,3-103051-A-19.wav,19,thunderstorm,19,thunderstorm,thunderstorm; wind; airplane,0.9988989233970642
Logistic Regression,3,3-103051-B-19.wav,19,thunderstorm,19,thunderstorm,thunderstorm; wind; airplane,0.996902346611023
Logistic Regression,3,3-103051-C-19.wav,19,thunderstorm,19,thunderstorm,thunderstorm; wind; airplane,0.9983340501785278
Logistic Regression,3,3-103401-A-33.wav,33,door wood creaks,33,door wood creaks,door wood creaks; footsteps; drinking sipping,0.9995366334915161
Logistic Regression,3,3-103401-B-33.wav,33,door wood creaks,33,door wood creaks,door wood creaks; frog; clock tick,0.9985026717185974
Logistic Regression,3,3-103401-C-33.wav,33,door wood creaks,33,door wood creaks,door wood creaks; clock tick; engine,0.9998668432235718
Logistic Regression,3,3-103401-D-33.wav,33,door wood creaks,33,door wood creaks,door wood creaks; frog; clock tick,0.9999369382858276
Logistic Regression,3,3-103597-A-25.wav,25,footsteps,10,rain,rain; footsteps; mouse click,0.2285842001438141
Logistic Regression,3,3-103598-A-25.wav,25,footsteps,25,footsteps,footsteps; crickets; sea waves,0.9968079924583435
Logistic Regression,3,3-103599-A-25.wav,25,footsteps,25,footsteps,footsteps; sea waves; engine,0.9997242093086243
Logistic Regression,3,3-103599-B-25.wav,25,footsteps,25,footsteps,footsteps; engine; drinking sipping,0.9993473887443542
Logistic Regression,3,3-104632-A-12.wav,12,crackling fire,12,crackling fire,crackling fire; clapping; water drops,0.88460373878479
Logistic Regression,3,3-104761-A-7.wav,7,insects,7,insects,insects; crickets; crackling fire,0.9652013182640076
Logistic Regression,3,3-104761-B-7.wav,7,insects,7,insects,insects; crickets; airplane,0.995151698589325
Logistic Regression,3,3-104958-A-12.wav,12,crackling fire,12,crackling fire,crackling fire; insects; fireworks,0.9324910640716553
Logistic Regression,3,3-105235-A-7.wav,7,insects,7,insects,insects; chirping birds; crickets,0.999083399772644
Logistic Regression,3,3-105236-A-7.wav,7,insects,7,insects,insects; crickets; airplane,0.9999386668205261
Logistic Regression,3,3-107123-A-26.wav,26,laughing,26,laughing,laughing; coughing; washing machine,0.9998284578323364
Logistic Regression,3,3-107219-A-1.wav,1,rooster,1,rooster,rooster; hen; coughing,0.9989717602729797
Logistic Regression,3,3-108160-A-23.wav,23,breathing,23,breathing,breathing; snoring; vacuum cleaner,0.9991645812988281
Logistic Regression,3,3-108451-A-17.wav,17,pouring water,17,pouring water,pouring water; water drops; drinking sipping,0.999946117401123
Logistic Regression,3,3-108451-B-17.wav,17,pouring water,17,pouring water,pouring water; water drops; footsteps,0.9997296333312988
Logistic Regression,3,3-108677-A-18.wav,18,toilet flush,18,toilet flush,toilet flush; vacuum cleaner; pouring water,0.9981369376182556
Logistic Regression,3,3-108791-A-18.wav,18,toilet flush,18,toilet flush,toilet flush; pouring water; drinking sipping,0.9968027472496033
Logistic Regression,3,3-110536-A-26.wav,26,laughing,26,laughing,laughing; hen; engine,0.9997837543487549
Logistic Regression,3,3-110913-A-7.wav,7,insects,7,insects,insects; airplane; crickets,0.9999029636383057
Logistic Regression,3,3-110913-B-7.wav,7,insects,7,insects,insects; airplane; crickets,0.9998142719268799
Logistic Regression,3,3-110913-C-7.wav,7,insects,7,insects,insects; airplane; crickets,0.9999367594718933
Logistic Regression,3,3-110913-D-7.wav,7,insects,7,insects,insects; airplane; crickets,0.9999260306358337
Logistic Regression,3,3-111102-A-46.wav,46,church bells,46,church bells,church bells; clock tick; wind,0.995026707649231
Logistic Regression,3,3-111102-B-46.wav,46,church bells,46,church bells,church bells; wind; train,0.9942913055419922
Logistic Regression,3,3-112356-A-18.wav,18,toilet flush,18,toilet flush,toilet flush; drinking sipping; insects,0.9997132420539856
Logistic Regression,3,3-112397-A-9.wav,9,crow,9,crow,crow; wind; frog,0.9944252967834473
Logistic Regression,3,3-112522-A-27.wav,27,brushing teeth,27,brushing teeth,brushing teeth; insects; airplane,0.999840259552002
Logistic Regression,3,3-112557-A-23.wav,23,breathing,23,breathing,breathing; vacuum cleaner; laughing,0.9989743232727051
Logistic Regression,3,3-112557-B-23.wav,23,breathing,23,breathing,breathing; snoring; vacuum cleaner,0.999582827091217
Logistic Regression,3,3-115382-A-44.wav,44,engine,44,engine,engine; chainsaw; airplane,0.9953180551528931
Logistic Regression,3,3-115387-A-47.wav,47,airplane,47,airplane,airplane; hen; helicopter,0.9931153059005737
Logistic Regression,3,3-115387-B-47.wav,47,airplane,47,airplane,airplane; helicopter; engine,0.9997259378433228
Logistic Regression,3,3-115387-C-47.wav,47,airplane,47,airplane,airplane; helicopter; hen,0.9940020442008972
Logistic Regression,3,3-116135-A-1.wav,1,rooster,1,rooster,rooster; hen; clock alarm,0.9945895671844482
Logistic Regression,3,3-117293-A-9.wav,9,crow,9,crow,crow; chirping birds; frog,0.9866335391998291
Logistic Regression,3,3-117504-A-16.wav,16,wind,16,wind,wind; vacuum cleaner; breathing,0.9356839060783386
Logistic Regression,3,3-117504-B-16.wav,16,wind,16,wind,wind; sea waves; vacuum cleaner,0.9735918045043945
Logistic Regression,3,3-117793-A-37.wav,37,clock alarm,37,clock alarm,clock alarm; mouse click; siren,0.9969121217727661
Logistic Regression,3,3-117883-A-37.wav,37,clock alarm,37,clock alarm,clock alarm; crying baby; clock tick,0.9987524747848511
Logistic Regression,3,3-118059-A-18.wav,18,toilet flush,18,toilet flush,toilet flush; pouring water; vacuum cleaner,0.9992213845252991
Logistic Regression,3,3-118069-A-27.wav,27,brushing teeth,27,brushing teeth,brushing teeth; wind; insects,0.9976333379745483
Logistic Regression,3,3-118069-B-27.wav,27,brushing teeth,27,brushing teeth,brushing teeth; insects; water drops,0.9979996681213379
Logistic Regression,3,3-118194-A-33.wav,33,door wood creaks,33,door wood creaks,door wood creaks; frog; door wood knock,0.9999284148216248
Logistic Regression,3,3-118487-A-26.wav,26,laughing,26,laughing,laughing; drinking sipping; pig,0.9998196363449097
Logistic Regression,3,3-118656-A-41.wav,41,chainsaw,41,chainsaw,chainsaw; cow; helicopter,0.9997673630714417
Logistic Regression,3,3-118657-A-41.wav,41,chainsaw,41,chainsaw,chainsaw; engine; snoring,0.9991908073425293
Logistic Regression,3,3-118657-B-41.wav,41,chainsaw,41,chainsaw,chainsaw; helicopter; sea waves,0.9998378157615662
Logistic Regression,3,3-118658-A-41.wav,41,chainsaw,41,chainsaw,chainsaw; cow; door wood creaks,0.9993265271186829
Logistic Regression,3,3-118658-B-41.wav,41,chainsaw,41,chainsaw,chainsaw; washing machine; cow,0.9995180368423462
Logistic Regression,3,3-118972-A-41.wav,41,chainsaw,41,chainsaw,chainsaw; hand saw; snoring,0.9997581243515015
Logistic Regression,3,3-118972-B-41.wav,41,chainsaw,41,chainsaw,chainsaw; engine; hand saw,0.9980595111846924
Logistic Regression,3,3-119120-A-48.wav,48,fireworks,48,fireworks,fireworks; door wood knock; sneezing,0.9998747110366821
Logistic Regression,3,3-119120-B-48.wav,48,fireworks,48,fireworks,fireworks; thunderstorm; rooster,0.9996278285980225
Logistic Regression,3,3-119120-C-48.wav,48,fireworks,48,fireworks,fireworks; door wood knock; thunderstorm,0.9997013211250305
Logistic Regression,3,3-119120-D-48.wav,48,fireworks,48,fireworks,fireworks; thunderstorm; sneezing,0.9999186396598816
Logistic Regression,3,3-119120-E-48.wav,48,fireworks,48,fireworks,fireworks; siren; thunderstorm,0.9999387860298157
Logistic Regression,3,3-119455-A-44.wav,44,engine,44,engine,engine; washing machine; chainsaw,0.9988704323768616
Logistic Regression,3,3-119459-A-26.wav,26,laughing,26,laughing,laughing; hen; coughing,0.9998533129692078
Logistic Regression,3,3-120526-A-37.wav,37,clock alarm,37,clock alarm,clock alarm; clock tick; mouse click,0.8821651339530945
Logistic Regression,3,3-120526-B-37.wav,37,clock alarm,37,clock alarm,clock alarm; clock tick; chirping birds,0.9968826174736023
Logistic Regression,3,3-120644-A-12.wav,12,crackling fire,12,crackling fire,crackling fire; mouse click; crickets,0.9997360110282898
Logistic Regression,3,3-121348-A-9.wav,9,crow,9,crow,crow; coughing; pig,0.9990856647491455
Logistic Regression,3,3-122110-A-46.wav,46,church bells,46,church bells,church bells; wind; thunderstorm,0.9988266825675964
Logistic Regression,3,3-123086-A-28.wav,28,snoring,28,snoring,snoring; cow; washing machine,0.9998804330825806
Logistic Regression,3,3-123224-A-19.wav,19,thunderstorm,19,thunderstorm,thunderstorm; wind; rain,0.9995546936988831
Logistic Regression,3,3-124376-A-3.wav,3,cow,3,cow,cow; rooster; church bells,0.9975334405899048
Logistic Regression,3,3-124376-B-3.wav,3,cow,3,cow,cow; church bells; rooster,0.995830774307251
Logistic Regression,3,3-124600-A-19.wav,19,thunderstorm,19,thunderstorm,thunderstorm; rain; wind,0.9956383109092712
Logistic Regression,3,3-124795-A-28.wav,28,snoring,28,snoring,snoring; airplane; drinking sipping,0.716818630695343
Logistic Regression,3,3-124925-A-9.wav,9,crow,9,crow,crow; frog; coughing,0.9997709393501282
Logistic Regression,3,3-124958-A-28.wav,28,snoring,28,snoring,snoring; breathing; drinking sipping,0.9967244267463684
Logistic Regression,3,3-125418-A-24.wav,24,coughing,24,coughing,coughing; laughing; breathing,0.9971170425415039
Logistic Regression,3,3-125548-A-32.wav,32,keyboard typing,32,keyboard typing,keyboard typing; clapping; crying baby,0.9997681975364685
Logistic Regression,3,3-126113-A-26.wav,26,laughing,26,laughing,laughing; sea waves; coughing,0.9985158443450928
Logistic Regression,3,3-126358-A-3.wav,3,cow,3,cow,cow; chainsaw; sheep,0.9994899034500122
Logistic Regression,3,3-126358-B-3.wav,3,cow,3,cow,cow; sheep; rooster,0.9992427229881287
Logistic Regression,3,3-126391-A-27.wav,27,brushing teeth,27,brushing teeth,brushing teeth; pouring water; hand saw,0.9996532797813416
Logistic Regression,3,3-126391-B-27.wav,27,brushing teeth,27,brushing teeth,brushing teeth; insects; drinking sipping,0.9999114871025085
Logistic Regression,3,3-127874-A-17.wav,17,pouring water,17,pouring water,pouring water; water drops; drinking sipping,0.9975053071975708
Logistic Regression,3,3-127890-A-9.wav,9,crow,9,crow,crow; chainsaw; frog,0.9996724724769592
Logistic Regression,3,3-127890-B-9.wav,9,crow,9,crow,crow; chainsaw; chirping birds,0.9993895292282104
Logistic Regression,3,3-127890-C-9.wav,9,crow,9,crow,crow; chainsaw; airplane,0.999639093875885
Logistic Regression,3,3-128160-A-44.wav,44,engine,44,engine,engine; helicopter; clock tick,0.999846875667572
Logistic Regression,3,3-128512-A-47.wav,47,airplane,47,airplane,airplane; helicopter; wind,0.6850573420524597
Logistic Regression,3,3-128512-B-47.wav,47,airplane,16,wind,wind; engine; airplane,0.5513514280319214
Logistic Regression,3,3-129264-A-9.wav,9,crow,9,crow,crow; pig; coughing,0.9918217658996582
Logistic Regression,3,3-129338-A-13.wav,13,crickets,13,crickets,crickets; frog; snoring,0.8633425831794739
Logistic Regression,3,3-129678-A-13.wav,13,crickets,13,crickets,crickets; mouse click; crackling fire,0.9999741315841675
Logistic Regression,3,3-130330-A-22.wav,22,clapping,22,clapping,clapping; vacuum cleaner; rooster,0.9990314245223999
Logistic Regression,3,3-130998-A-28.wav,28,snoring,28,snoring,snoring; breathing; pig,0.4985814690589905
Logistic Regression,3,3-130998-B-28.wav,28,snoring,28,snoring,snoring; cow; drinking sipping,0.9807336926460266
Logistic Regression,3,3-131943-A-37.wav,37,clock alarm,37,clock alarm,clock alarm; clock tick; washing machine,0.9993645548820496
Logistic Regression,3,3-132340-A-37.wav,37,clock alarm,37,clock alarm,clock alarm; siren; church bells,0.9930251240730286
Logistic Regression,3,3-132601-A-24.wav,24,coughing,24,coughing,coughing; sneezing; drinking sipping,0.9990354180335999
Logistic Regression,3,3-132747-A-26.wav,26,laughing,26,laughing,laughing; frog; sea waves,0.9999170303344727
Logistic Regression,3,3-132830-A-32.wav,32,keyboard typing,32,keyboard typing,keyboard typing; mouse click; clock tick,0.9999417066574097
Logistic Regression,3,3-132852-A-10.wav,10,rain,10,rain,rain; wind; engine,0.9850713610649109
Logistic Regression,3,3-133977-A-29.wav,29,drinking sipping,29,drinking sipping,drinking sipping; water drops; washing machine,0.9788877367973328
Logistic Regression,3,3-134049-A-1.wav,1,rooster,1,rooster,rooster; hen; door wood knock,0.9966796040534973
Logistic Regression,3,3-134699-A-16.wav,16,wind,16,wind,wind; chirping birds; sea waves,0.9325190782546997
Logistic Regression,3,3-134699-B-16.wav,16,wind,16,wind,wind; sea waves; helicopter,0.9996606111526489
Logistic Regression,3,3-134699-C-16.wav,16,wind,16,wind,wind; chirping birds; insects,0.9713768362998962
Logistic Regression,3,3-134802-A-13.wav,13,crickets,13,crickets,crickets; chirping birds; insects,0.9893258213996887
Logistic Regression,3,3-135469-A-35.wav,35,washing machine,35,washing machine,washing machine; engine; crackling fire,0.9943466782569885
Logistic Regression,3,3-135650-A-45.wav,45,train,45,train,train; washing machine; helicopter,0.9977022409439087
Logistic Regression,3,3-135650-B-45.wav,45,train,45,train,train; washing machine; breathing,0.9746547937393188
Logistic Regression,3,3-136288-A-0.wav,0,dog,0,dog,dog; rooster; wind,0.9904589653015137
Logistic Regression,3,3-136451-A-45.wav,45,train,45,train,train; coughing; church bells,0.9998124241828918
Logistic Regression,3,3-136608-A-16.wav,16,wind,16,wind,wind; chirping birds; sea waves,0.9055463671684265
Logistic Regression,3,3-137152-A-1.wav,1,rooster,1,rooster,rooster; coughing; hen,0.9992930889129639
Logistic Regression,3,3-138114-A-22.wav,22,clapping,22,clapping,clapping; laughing; fireworks,0.9997555613517761
Logistic Regression,3,3-138212-A-45.wav,45,train,45,train,train; helicopter; siren,0.9995130896568298
Logistic Regression,3,3-139109-A-46.wav,46,church bells,46,church bells,church bells; wind; train,0.9951914548873901
Logistic Regression,3,3-139331-A-27.wav,27,brushing teeth,27,brushing teeth,brushing teeth; pig; hen,0.9983910322189331
Logistic Regression,3,3-139958-A-37.wav,37,clock alarm,37,clock alarm,clock alarm; church bells; clock tick,0.9977664351463318
Logistic Regression,3,3-140199-A-8.wav,8,sheep,8,sheep,sheep; cat; helicopter,0.9996732473373413
Logistic Regression,3,3-140199-B-8.wav,8,sheep,8,sheep,sheep; cat; cow,0.999419629573822
Logistic Regression,3,3-140199-C-8.wav,8,sheep,8,sheep,sheep; cow; cat,0.9997757077217102
Logistic Regression,3,3-140199-D-8.wav,8,sheep,8,sheep,sheep; cat; cow,0.9997014999389648
Logistic Regression,3,3-140323-A-29.wav,29,drinking sipping,29,drinking sipping,drinking sipping; water drops; frog,0.9999601244926453
Logistic Regression,3,3-140774-A-10.wav,10,rain,40,helicopter,helicopter; rain; washing machine,0.5750612020492554
Logistic Regression,3,3-141240-A-44.wav,44,engine,44,engine,engine; chainsaw; car horn,0.6971470713615417
Logistic Regression,3,3-141240-B-44.wav,44,engine,44,engine,engine; car horn; sea waves,0.9956519603729248
Logistic Regression,3,3-141559-A-45.wav,45,train,45,train,train; washing machine; footsteps,0.9996613264083862
Logistic Regression,3,3-141684-A-21.wav,21,sneezing,21,sneezing,sneezing; footsteps; laughing,0.9986406564712524
Logistic Regression,3,3-142005-A-10.wav,10,rain,10,rain,rain; sea waves; thunderstorm,0.9996687769889832
Logistic Regression,3,3-142006-A-10.wav,10,rain,10,rain,rain; wind; car horn,0.9999035000801086
Logistic Regression,3,3-142349-A-17.wav,17,pouring water,17,pouring water,pouring water; water drops; drinking sipping,0.9993882775306702
Logistic Regression,3,3-142593-A-38.wav,38,clock tick,38,clock tick,clock tick; mouse click; keyboard typing,0.9658734202384949
Logistic Regression,3,3-142601-A-21.wav,21,sneezing,21,sneezing,sneezing; drinking sipping; can opening,0.9999555349349976
Logistic Regression,3,3-142604-A-24.wav,24,coughing,24,coughing,coughing; sneezing; breathing,0.9941493272781372
Logistic Regression,3,3-142605-A-21.wav,21,sneezing,21,sneezing,sneezing; drinking sipping; breathing,0.9999718070030212
Logistic Regression,3,3-143119-A-21.wav,21,sneezing,21,sneezing,sneezing; coughing; breathing,0.9663935899734497
Logistic Regression,3,3-143560-A-47.wav,47,airplane,47,airplane,airplane; helicopter; insects,0.9999576210975647
Logistic Regression,3,3-143562-A-47.wav,47,airplane,47,airplane,airplane; helicopter; washing machine,0.9501503705978394
Logistic Regression,3,3-143929-A-10.wav,10,rain,10,rain,rain; wind; crackling fire,0.7428413033485413
Logistic Regression,3,3-143933-A-38.wav,38,clock tick,38,clock tick,clock tick; mouse click; clock alarm,0.9996486306190491
Logistic Regression,3,3-144028-A-0.wav,0,dog,0,dog,dog; vacuum cleaner; toilet flush,0.999154269695282
Logistic Regression,3,3-144106-A-32.wav,32,keyboard typing,32,keyboard typing,keyboard typing; mouse click; glass breaking,0.9998293519020081
Logistic Regression,3,3-144120-A-32.wav,32,keyboard typing,32,keyboard typing,keyboard typing; mouse click; snoring,0.9975389242172241
Logistic Regression,3,3-144128-A-23.wav,23,breathing,23,breathing,breathing; snoring; wind,0.997687041759491
Logistic Regression,3,3-144128-B-23.wav,23,breathing,23,breathing,breathing; snoring; laughing,0.9968713521957397
Logistic Regression,3,3-144253-A-29.wav,29,drinking sipping,29,drinking sipping,drinking sipping; pig; brushing teeth,0.9999732971191406
Logistic Regression,3,3-144259-A-29.wav,29,drinking sipping,29,drinking sipping,drinking sipping; can opening; footsteps,0.999834418296814
Logistic Regression,3,3-144510-A-30.wav,30,door wood knock,30,door wood knock,door wood knock; rooster; door wood creaks,0.9996073246002197
Logistic Regression,3,3-144692-A-21.wav,21,sneezing,21,sneezing,sneezing; footsteps; breathing,0.999836802482605
Logistic Regression,3,3-144827-A-11.wav,11,sea waves,11,sea waves,sea waves; wind; helicopter,0.9938513040542603
Logistic Regression,3,3-144827-B-11.wav,11,sea waves,11,sea waves,sea waves; laughing; rain,0.9994833469390869
Logistic Regression,3,3-144891-A-19.wav,19,thunderstorm,19,thunderstorm,thunderstorm; rain; wind,0.9993641376495361
Logistic Regression,3,3-144891-B-19.wav,19,thunderstorm,19,thunderstorm,thunderstorm; fireworks; wind,0.9862066507339478
Logistic Regression,3,3-145382-A-1.wav,1,rooster,1,rooster,rooster; coughing; hen,0.9993736743927002
Logistic Regression,3,3-145387-A-29.wav,29,drinking sipping,29,drinking sipping,drinking sipping; frog; water drops,0.9998897314071655
Logistic Regression,3,3-145487-A-24.wav,24,coughing,24,coughing,coughing; laughing; sneezing,0.9823184609413147
Logistic Regression,3,3-145577-A-43.wav,43,car horn,43,car horn,car horn; mouse click; clock alarm,0.997508704662323
Logistic Regression,3,3-145719-A-17.wav,17,pouring water,17,pouring water,pouring water; water drops; glass breaking,0.9998771548271179
Logistic Regression,3,3-145774-A-12.wav,12,crackling fire,12,crackling fire,crackling fire; rain; mouse click,0.9998884797096252
Logistic Regression,3,3-146033-A-13.wav,13,crickets,13,crickets,crickets; insects; frog,0.9980881214141846
Logistic Regression,3,3-146186-A-44.wav,44,engine,44,engine,engine; hen; helicopter,0.9999886751174927
Logistic Regression,3,3-146697-A-43.wav,43,car horn,43,car horn,car horn; helicopter; mouse click,0.4491865038871765
Logistic Regression,3,3-146873-A-24.wav,24,coughing,24,coughing,coughing; sneezing; crying baby,0.9970178604125977
Logistic Regression,3,3-146964-A-5.wav,5,cat,5,cat,cat; snoring; chainsaw,0.9966652393341064
Logistic Regression,3,3-146965-A-5.wav,5,cat,5,cat,cat; snoring; frog,0.996360719203949
Logistic Regression,3,3-146972-A-5.wav,5,cat,5,cat,cat; snoring; chainsaw,0.9858689904212952
Logistic Regression,3,3-147342-A-34.wav,34,can opening,34,can opening,can opening; sneezing; brushing teeth,0.9949007034301758
Logistic Regression,3,3-147343-A-34.wav,34,can opening,34,can opening,can opening; sneezing; glass breaking,0.943758487701416
Logistic Regression,3,3-147965-A-12.wav,12,crackling fire,12,crackling fire,crackling fire; rain; can opening,0.9915412664413452
Logistic Regression,3,3-148297-A-37.wav,37,clock alarm,37,clock alarm,clock alarm; clock tick; vacuum cleaner,0.7494182586669922
Logistic Regression,3,3-148330-A-21.wav,21,sneezing,21,sneezing,sneezing; breathing; footsteps,0.9817406535148621
Logistic Regression,3,3-148932-A-34.wav,34,can opening,34,can opening,can opening; drinking sipping; mouse click,0.9987486600875854
Logistic Regression,3,3-149042-A-24.wav,24,coughing,24,coughing,coughing; breathing; sneezing,0.9979304075241089
Logistic Regression,3,3-149189-A-1.wav,1,rooster,1,rooster,rooster; coughing; clock alarm,0.9987245798110962
Logistic Regression,3,3-149448-A-17.wav,17,pouring water,17,pouring water,pouring water; water drops; rain,0.9999306797981262
Logistic Regression,3,3-149465-A-22.wav,22,clapping,22,clapping,clapping; laughing; engine,0.9991088509559631
Logistic Regression,3,3-150231-A-21.wav,21,sneezing,21,sneezing,sneezing; breathing; footsteps,0.9999635815620422
Logistic Regression,3,3-150363-A-38.wav,38,clock tick,38,clock tick,clock tick; water drops; mouse click,0.9949473142623901
Logistic Regression,3,3-150979-A-40.wav,40,helicopter,47,airplane,airplane; helicopter; wind,0.6201884150505066
Logistic Regression,3,3-150979-B-40.wav,40,helicopter,40,helicopter,helicopter; chainsaw; washing machine,0.9719992876052856
Logistic Regression,3,3-150979-C-40.wav,40,helicopter,40,helicopter,helicopter; engine; sea waves,0.24997122585773468
Logistic Regression,3,3-151080-A-20.wav,20,crying baby,20,crying baby,crying baby; coughing; cat,0.9977027773857117
Logistic Regression,3,3-151081-A-20.wav,20,crying baby,20,crying baby,crying baby; coughing; cat,0.99726402759552
Logistic Regression,3,3-151081-B-20.wav,20,crying baby,20,crying baby,crying baby; cat; snoring,0.9931368231773376
Logistic Regression,3,3-151089-A-30.wav,30,door wood knock,30,door wood knock,door wood knock; mouse click; water drops,0.9617988467216492
Logistic Regression,3,3-151206-A-23.wav,23,breathing,23,breathing,breathing; snoring; vacuum cleaner,0.9997287392616272
Logistic Regression,3,3-151212-A-24.wav,24,coughing,24,coughing,coughing; sneezing; crying baby,0.977708101272583
Logistic Regression,3,3-151213-A-24.wav,24,coughing,24,coughing,coughing; sneezing; crying baby,0.94254469871521
Logistic Regression,3,3-151255-A-28.wav,28,snoring,28,snoring,snoring; breathing; laughing,0.9984841346740723
Logistic Regression,3,3-151269-A-35.wav,35,washing machine,35,washing machine,washing machine; engine; vacuum cleaner,0.6777264475822449
Logistic Regression,3,3-151273-A-35.wav,35,washing machine,35,washing machine,washing machine; engine; vacuum cleaner,0.9967234134674072
Logistic Regression,3,3-151557-A-28.wav,28,snoring,28,snoring,snoring; cow; drinking sipping,0.9996783137321472
Logistic Regression,3,3-151557-B-28.wav,28,snoring,28,snoring,snoring; cow; drinking sipping,0.9997448325157166
Logistic Regression,3,3-152007-A-20.wav,20,crying baby,20,crying baby,crying baby; cat; rooster,0.9993788003921509
Logistic Regression,3,3-152007-B-20.wav,20,crying baby,20,crying baby,crying baby; breathing; coughing,0.9973294138908386
Logistic Regression,3,3-152007-C-20.wav,20,crying baby,20,crying baby,crying baby; cat; vacuum cleaner,0.9957374930381775
Logistic Regression,3,3-152007-D-20.wav,20,crying baby,20,crying baby,crying baby; cat; laughing,0.9992380738258362
Logistic Regression,3,3-152007-E-20.wav,20,crying baby,20,crying baby,crying baby; cat; coughing,0.9995839595794678
Logistic Regression,3,3-152020-A-36.wav,36,vacuum cleaner,36,vacuum cleaner,vacuum cleaner; chainsaw; sneezing,0.9888260364532471
Logistic Regression,3,3-152020-B-36.wav,36,vacuum cleaner,36,vacuum cleaner,vacuum cleaner; washing machine; engine,0.9976754188537598
Logistic Regression,3,3-152020-C-36.wav,36,vacuum cleaner,36,vacuum cleaner,vacuum cleaner; chainsaw; washing machine,0.7851883172988892
Logistic Regression,3,3-152039-A-3.wav,3,cow,3,cow,cow; sheep; chainsaw,0.9962100386619568
Logistic Regression,3,3-152039-B-3.wav,3,cow,3,cow,cow; sheep; siren,0.9967668652534485
Logistic Regression,3,3-152594-A-30.wav,30,door wood knock,30,door wood knock,door wood knock; coughing; door wood creaks,0.993277370929718
Logistic Regression,3,3-152912-A-26.wav,26,laughing,26,laughing,laughing; cat; breathing,0.997405469417572
Logistic Regression,3,3-152997-A-26.wav,26,laughing,26,laughing,laughing; cat; car horn,0.9786460399627686
Logistic Regression,3,3-153057-A-43.wav,43,car horn,43,car horn,car horn; engine; mouse click,0.9987879991531372
Logistic Regression,3,3-153444-A-32.wav,32,keyboard typing,32,keyboard typing,keyboard typing; mouse click; crackling fire,0.9998180866241455
Logistic Regression,3,3-154378-A-30.wav,30,door wood knock,30,door wood knock,door wood knock; drinking sipping; door wood creaks,0.9492637515068054
Logistic Regression,3,3-154439-A-17.wav,17,pouring water,17,pouring water,pouring water; water drops; glass breaking,0.9999038577079773
Logistic Regression,3,3-154758-A-44.wav,44,engine,44,engine,engine; helicopter; washing machine,0.9972223043441772
Logistic Regression,3,3-154781-A-32.wav,32,keyboard typing,32,keyboard typing,keyboard typing; mouse click; clock tick,0.9994223117828369
Logistic Regression,3,3-154926-A-40.wav,40,helicopter,47,airplane,airplane; chainsaw; snoring,0.5201940536499023
Logistic Regression,3,3-154926-B-40.wav,40,helicopter,47,airplane,airplane; helicopter; washing machine,0.9877044558525085
Logistic Regression,3,3-154957-A-1.wav,1,rooster,1,rooster,rooster; door wood knock; coughing,0.9996553659439087
Logistic Regression,3,3-155130-A-43.wav,43,car horn,43,car horn,car horn; insects; clock tick,0.9999086856842041
Logistic Regression,3,3-155234-A-43.wav,43,car horn,43,car horn,car horn; siren; helicopter,0.9019113779067993
Logistic Regression,3,3-155312-A-0.wav,0,dog,0,dog,dog; siren; vacuum cleaner,0.9996877908706665
Logistic Regression,3,3-155556-A-31.wav,31,mouse click,31,mouse click,mouse click; keyboard typing; door wood creaks,0.9519147276878357
Logistic Regression,3,3-155568-A-32.wav,32,keyboard typing,32,keyboard typing,keyboard typing; mouse click; door wood knock,0.9996516108512878
Logistic Regression,3,3-155570-A-32.wav,32,keyboard typing,32,keyboard typing,keyboard typing; mouse click; insects,0.9990103840827942
Logistic Regression,3,3-155577-A-14.wav,14,chirping birds,14,chirping birds,chirping birds; wind; rain,0.9969819188117981
Logistic Regression,3,3-155578-A-14.wav,14,chirping birds,14,chirping birds,chirping birds; hen; crow,0.8940709829330444
Logistic Regression,3,3-155579-A-14.wav,14,chirping birds,14,chirping birds,chirping birds; wind; hen,0.999934732913971
Logistic Regression,3,3-155583-A-14.wav,14,chirping birds,14,chirping birds,chirping birds; hen; airplane,0.987160861492157
Logistic Regression,3,3-155584-A-14.wav,14,chirping birds,14,chirping birds,chirping birds; hen; wind,0.9934630990028381
Logistic Regression,3,3-155642-A-11.wav,11,sea waves,11,sea waves,sea waves; wind; rain,0.9785096645355225
Logistic Regression,3,3-155642-B-11.wav,11,sea waves,11,sea waves,sea waves; wind; rain,0.9968077540397644
Logistic Regression,3,3-155659-A-34.wav,34,can opening,34,can opening,can opening; crackling fire; vacuum cleaner,0.9994343519210815
Logistic Regression,3,3-155766-A-13.wav,13,crickets,13,crickets,crickets; chirping birds; wind,0.7180472612380981
Logistic Regression,3,3-156391-A-35.wav,35,washing machine,35,washing machine,washing machine; wind; mouse click,0.9947363138198853
Logistic Regression,3,3-156393-A-35.wav,35,washing machine,40,helicopter,helicopter; washing machine; engine,0.7965607047080994
Logistic Regression,3,3-156558-A-21.wav,21,sneezing,21,sneezing,sneezing; breathing; drinking sipping,0.9993784427642822
Logistic Regression,3,3-156581-A-14.wav,14,chirping birds,14,chirping birds,chirping birds; crickets; hen,0.9987277984619141
Logistic Regression,3,3-156581-B-14.wav,14,chirping birds,14,chirping birds,chirping birds; crickets; chainsaw,0.9988414645195007
Logistic Regression,3,3-156907-A-15.wav,15,water drops,15,water drops,water drops; drinking sipping; brushing teeth,0.9958339929580688
Logistic Regression,3,3-157149-A-10.wav,10,rain,10,rain,rain; crackling fire; wind,0.9961203932762146
Logistic Regression,3,3-157187-A-12.wav,12,crackling fire,12,crackling fire,crackling fire; can opening; glass breaking,0.9990891218185425
Logistic Regression,3,3-157487-A-10.wav,10,rain,10,rain,rain; crackling fire; engine,0.9945003986358643
Logistic Regression,3,3-157492-A-45.wav,45,train,45,train,train; washing machine; footsteps,0.998090922832489
Logistic Regression,3,3-157615-A-10.wav,10,rain,10,rain,rain; vacuum cleaner; clapping,0.9998522400856018
Logistic Regression,3,3-157695-A-0.wav,0,dog,0,dog,dog; engine; sneezing,0.9972897171974182
Logistic Regression,3,3-158056-A-31.wav,31,mouse click,31,mouse click,mouse click; keyboard typing; can opening,0.9980281591415405
Logistic Regression,3,3-158056-B-31.wav,31,mouse click,31,mouse click,mouse click; can opening; clock tick,0.9990988969802856
Logistic Regression,3,3-158476-A-12.wav,12,crackling fire,12,crackling fire,crackling fire; fireworks; glass breaking,0.9994200468063354
Logistic Regression,3,3-159346-A-36.wav,36,vacuum cleaner,36,vacuum cleaner,vacuum cleaner; wind; washing machine,0.9715384244918823
Logistic Regression,3,3-159346-B-36.wav,36,vacuum cleaner,36,vacuum cleaner,vacuum cleaner; airplane; brushing teeth,0.9172637462615967
Logistic Regression,3,3-159347-A-36.wav,36,vacuum cleaner,36,vacuum cleaner,vacuum cleaner; brushing teeth; breathing,0.9343211054801941
Logistic Regression,3,3-159347-B-36.wav,36,vacuum cleaner,36,vacuum cleaner,vacuum cleaner; chainsaw; car horn,0.3236750364303589
Logistic Regression,3,3-159348-A-36.wav,36,vacuum cleaner,36,vacuum cleaner,vacuum cleaner; washing machine; hand saw,0.9988964796066284
Logistic Regression,3,3-159445-A-45.wav,45,train,45,train,train; airplane; siren,0.9763092398643494
Logistic Regression,3,3-159445-B-45.wav,45,train,45,train,train; airplane; breathing,0.9974232912063599
Logistic Regression,3,3-160119-A-15.wav,15,water drops,15,water drops,water drops; footsteps; drinking sipping,0.9964895844459534
Logistic Regression,3,3-160993-A-3.wav,3,cow,3,cow,cow; chainsaw; sheep,0.9992083311080933
Logistic Regression,3,3-161010-A-43.wav,43,car horn,43,car horn,car horn; church bells; wind,0.9142568707466125
Logistic Regression,3,3-161500-A-17.wav,17,pouring water,17,pouring water,pouring water; rain; washing machine,0.9889014363288879
Logistic Regression,3,3-162786-A-13.wav,13,crickets,13,crickets,crickets; frog; chirping birds,0.9970895648002625
Logistic Regression,3,3-163288-A-1.wav,1,rooster,1,rooster,rooster; hen; dog,0.9982178211212158
Logistic Regression,3,3-163459-A-0.wav,0,dog,0,dog,dog; rooster; chirping birds,0.9985149502754211
Logistic Regression,3,3-163607-A-13.wav,13,crickets,13,crickets,crickets; helicopter; wind,0.9545407891273499
Logistic Regression,3,3-163607-B-13.wav,13,crickets,13,crickets,crickets; insects; crackling fire,0.9981585144996643
Logistic Regression,3,3-163727-A-3.wav,3,cow,3,cow,cow; crickets; rooster,0.9993478059768677
Logistic Regression,3,3-164120-A-11.wav,11,sea waves,11,sea waves,sea waves; wind; laughing,0.9999087452888489
Logistic Regression,3,3-164216-A-6.wav,6,hen,6,hen,hen; rooster; door wood knock,0.998803436756134
Logistic Regression,3,3-164216-B-6.wav,6,hen,6,hen,hen; rooster; door wood knock,0.9951232075691223
Logistic Regression,3,3-164216-C-6.wav,6,hen,6,hen,hen; rooster; frog,0.9991075992584229
Logistic Regression,3,3-164592-A-15.wav,15,water drops,15,water drops,water drops; sneezing; footsteps,0.9173135757446289
Logistic Regression,3,3-164593-A-15.wav,15,water drops,15,water drops,water drops; sneezing; footsteps,0.9873124957084656
Logistic Regression,3,3-164594-A-15.wav,15,water drops,15,water drops,water drops; sneezing; footsteps,0.6380850672721863
Logistic Regression,3,3-164595-A-15.wav,15,water drops,15,water drops,water drops; sea waves; footsteps,0.8651030659675598
Logistic Regression,3,3-164630-A-11.wav,11,sea waves,11,sea waves,sea waves; footsteps; water drops,0.9883453249931335
Logistic Regression,3,3-164688-A-38.wav,38,clock tick,38,clock tick,clock tick; mouse click; clock alarm,0.9985456466674805
Logistic Regression,3,3-165856-A-41.wav,41,chainsaw,41,chainsaw,chainsaw; insects; cow,0.9945405721664429
Logistic Regression,3,3-166125-A-23.wav,23,breathing,23,breathing,breathing; snoring; hand saw,0.9977216720581055
Logistic Regression,3,3-166125-B-23.wav,23,breathing,23,breathing,breathing; snoring; sneezing,0.9876134395599365
Logistic Regression,3,3-166324-A-15.wav,15,water drops,38,clock tick,clock tick; mouse click; door wood knock,0.742965817451477
Logistic Regression,3,3-166326-A-15.wav,15,water drops,15,water drops,water drops; pouring water; chirping birds,0.9984705448150635
Logistic Regression,3,3-166422-A-11.wav,11,sea waves,11,sea waves,sea waves; rain; toilet flush,0.9947083592414856
Logistic Regression,3,3-166546-A-34.wav,34,can opening,34,can opening,can opening; pouring water; crackling fire,0.9994030594825745
Logistic Regression,3,3-166546-B-34.wav,34,can opening,34,can opening,can opening; drinking sipping; pouring water,0.9988911151885986
Logistic Regression,3,3-167096-A-31.wav,31,mouse click,31,mouse click,mouse click; clock tick; can opening,0.9916074275970459
Logistic Regression,3,3-169907-A-29.wav,29,drinking sipping,29,drinking sipping,drinking sipping; brushing teeth; pig,0.9919676780700684
Logistic Regression,3,3-170002-A-34.wav,34,can opening,34,can opening,can opening; crackling fire; mouse click,0.9997217059135437
Logistic Regression,3,3-170015-A-0.wav,0,dog,0,dog,dog; sneezing; vacuum cleaner,0.9985856413841248
Logistic Regression,3,3-170312-A-31.wav,31,mouse click,31,mouse click,mouse click; keyboard typing; can opening,0.9936355948448181
Logistic Regression,3,3-170377-A-38.wav,38,clock tick,38,clock tick,clock tick; mouse click; clock alarm,0.9994896650314331
Logistic Regression,3,3-170383-A-38.wav,38,clock tick,38,clock tick,clock tick; mouse click; water drops,0.9986380338668823
Logistic Regression,3,3-170574-A-30.wav,30,door wood knock,30,door wood knock,door wood knock; water drops; insects,0.9789989590644836
Logistic Regression,3,3-170851-A-31.wav,31,mouse click,33,door wood creaks,door wood creaks; mouse click; crackling fire,0.8120793104171753
Logistic Regression,3,3-171012-A-38.wav,38,clock tick,38,clock tick,clock tick; mouse click; car horn,0.997900128364563
Logistic Regression,3,3-171041-A-38.wav,38,clock tick,38,clock tick,clock tick; mouse click; door wood creaks,0.992590069770813
Logistic Regression,3,3-171281-A-6.wav,6,hen,6,hen,hen; sheep; rooster,0.9970344305038452
Logistic Regression,3,3-171937-A-34.wav,34,can opening,34,can opening,can opening; crackling fire; snoring,0.9993855357170105
Logistic Regression,3,3-172179-A-31.wav,31,mouse click,31,mouse click,mouse click; keyboard typing; door wood knock,0.6407745480537415
Logistic Regression,3,3-172881-A-48.wav,48,fireworks,48,fireworks,fireworks; clapping; thunderstorm,0.9999085068702698
Logistic Regression,3,3-172922-A-48.wav,48,fireworks,48,fireworks,fireworks; thunderstorm; crackling fire,0.9998779296875
Logistic Regression,3,3-174840-A-43.wav,43,car horn,43,car horn,car horn; clock alarm; can opening,0.9992538690567017
Logistic Regression,3,3-174866-A-29.wav,29,drinking sipping,29,drinking sipping,drinking sipping; footsteps; washing machine,0.9779523611068726
Logistic Regression,3,3-177082-A-22.wav,22,clapping,22,clapping,clapping; laughing; engine,0.9995128512382507
Logistic Regression,3,3-177083-A-22.wav,22,clapping,22,clapping,clapping; laughing; fireworks,0.9993153214454651
Logistic Regression,3,3-178096-A-6.wav,6,hen,6,hen,hen; laughing; pig,0.9772388339042664
Logistic Regression,3,3-180147-A-30.wav,30,door wood knock,30,door wood knock,door wood knock; door wood creaks; keyboard typing,0.9982938766479492
Logistic Regression,3,3-180256-A-0.wav,0,dog,0,dog,dog; siren; pig,0.998795211315155
Logistic Regression,3,3-180977-A-0.wav,0,dog,0,dog,dog; vacuum cleaner; siren,0.9996915459632874
Logistic Regression,3,3-181132-A-14.wav,14,chirping birds,14,chirping birds,chirping birds; crickets; hen,0.9994052648544312
Logistic Regression,3,3-181278-A-22.wav,22,clapping,22,clapping,clapping; fireworks; laughing,0.9993934631347656
Logistic Regression,3,3-182023-A-30.wav,30,door wood knock,30,door wood knock,door wood knock; door wood creaks; coughing,0.9988283514976501
Logistic Regression,3,3-182025-A-30.wav,30,door wood knock,30,door wood knock,door wood knock; door wood creaks; rooster,0.9989393949508667
Logistic Regression,3,3-182710-A-35.wav,35,washing machine,35,washing machine,washing machine; door wood creaks; engine,0.9992899298667908
Logistic Regression,3,3-182710-B-35.wav,35,washing machine,35,washing machine,washing machine; mouse click; door wood creaks,0.9927777051925659
Logistic Regression,3,3-185313-A-31.wav,31,mouse click,31,mouse click,mouse click; keyboard typing; breathing,0.989763617515564
Logistic Regression,3,3-185456-A-29.wav,29,drinking sipping,29,drinking sipping,drinking sipping; washing machine; pouring water,0.9998558163642883
Logistic Regression,3,3-187549-A-6.wav,6,hen,6,hen,hen; rooster; chirping birds,0.9976816773414612
Logistic Regression,3,3-187549-B-6.wav,6,hen,6,hen,hen; rooster; dog,0.9820688366889954
Logistic Regression,3,3-187710-A-11.wav,11,sea waves,11,sea waves,sea waves; wind; rain,0.9998209476470947
Logistic Regression,3,3-188390-A-6.wav,6,hen,6,hen,hen; rooster; pig,0.995688796043396
Logistic Regression,3,3-188726-A-35.wav,35,washing machine,44,engine,engine; helicopter; washing machine,0.9994938373565674
Logistic Regression,3,3-193767-A-47.wav,47,airplane,47,airplane,airplane; wind; washing machine,0.9886213541030884
Logistic Regression,3,3-197408-A-8.wav,8,sheep,8,sheep,sheep; cow; pig,0.9997184872627258
Logistic Regression,3,3-197408-B-8.wav,8,sheep,8,sheep,sheep; cow; pig,0.999563992023468
Logistic Regression,3,3-197408-C-8.wav,8,sheep,8,sheep,sheep; wind; cat,0.9996426105499268
Logistic Regression,3,3-197435-A-22.wav,22,clapping,22,clapping,clapping; can opening; engine,0.9990323185920715
Logistic Regression,3,3-197435-B-22.wav,22,clapping,22,clapping,clapping; can opening; engine,0.9950286149978638
Logistic Regression,3,3-203371-A-39.wav,39,glass breaking,39,glass breaking,glass breaking; keyboard typing; drinking sipping,0.9987294673919678
Logistic Regression,3,3-203373-A-39.wav,39,glass breaking,39,glass breaking,glass breaking; crackling fire; clapping,0.9998701214790344
Logistic Regression,3,3-203374-A-39.wav,39,glass breaking,39,glass breaking,glass breaking; clapping; drinking sipping,0.9997925758361816
Logistic Regression,3,3-203375-A-39.wav,39,glass breaking,39,glass breaking,glass breaking; keyboard typing; drinking sipping,0.999882161617279
Logistic Regression,3,3-203377-A-39.wav,39,glass breaking,39,glass breaking,glass breaking; keyboard typing; can opening,0.9997254014015198
Logistic Regression,3,3-20861-A-8.wav,8,sheep,8,sheep,sheep; cow; coughing,0.9865525364875793
Logistic Regression,3,3-208820-A-49.wav,49,hand saw,49,hand saw,hand saw; washing machine; pig,0.476264625787735
Logistic Regression,3,3-216280-A-39.wav,39,glass breaking,39,glass breaking,glass breaking; drinking sipping; can opening,0.9997497797012329
Logistic Regression,3,3-216281-A-39.wav,39,glass breaking,39,glass breaking,glass breaking; crackling fire; clapping,0.9997962713241577
Logistic Regression,3,3-216284-A-39.wav,39,glass breaking,39,glass breaking,glass breaking; drinking sipping; clapping,0.9997981190681458
Logistic Regression,3,3-233151-A-2.wav,2,pig,2,pig,pig; washing machine; door wood creaks,0.9999235272407532
Logistic Regression,3,3-243726-A-43.wav,43,car horn,43,car horn,car horn; church bells; helicopter,0.44210344552993774
Logistic Regression,3,3-246513-A-16.wav,16,wind,16,wind,wind; breathing; airplane,0.9995805621147156
Logistic Regression,3,3-246513-B-16.wav,16,wind,16,wind,wind; breathing; water drops,0.9999352097511292
Logistic Regression,3,3-249913-A-25.wav,25,footsteps,25,footsteps,footsteps; wind; drinking sipping,0.9860059022903442
Logistic Regression,3,3-251617-A-48.wav,48,fireworks,48,fireworks,fireworks; door wood knock; thunderstorm,0.9996799230575562
Logistic Regression,3,3-253081-A-2.wav,2,pig,2,pig,pig; drinking sipping; washing machine,0.9485299587249756
Logistic Regression,3,3-253084-A-2.wav,2,pig,2,pig,pig; hen; drinking sipping,0.9993448257446289
Logistic Regression,3,3-253084-B-2.wav,2,pig,2,pig,pig; hen; frog,0.9997520446777344
Logistic Regression,3,3-253084-C-2.wav,2,pig,2,pig,pig; hen; snoring,0.9988369941711426
Logistic Regression,3,3-253084-D-2.wav,2,pig,2,pig,pig; frog; sheep,0.9997648000717163
Logistic Regression,3,3-253084-E-2.wav,2,pig,2,pig,pig; hen; cat,0.9998286962509155
Logistic Regression,3,3-257858-A-2.wav,2,pig,2,pig,pig; drinking sipping; snoring,0.9986220598220825
Logistic Regression,3,3-259622-A-44.wav,44,engine,44,engine,engine; clock tick; mouse click,0.9994064569473267
Logistic Regression,3,3-51376-A-42.wav,42,siren,42,siren,siren; wind; thunderstorm,0.9994778633117676
Logistic Regression,3,3-51731-A-42.wav,42,siren,42,siren,siren; car horn; helicopter,0.9887394905090332
Logistic Regression,3,3-51731-B-42.wav,42,siren,42,siren,siren; car horn; chainsaw,0.9904962182044983
Logistic Regression,3,3-51909-A-42.wav,42,siren,42,siren,siren; car horn; airplane,0.9985479712486267
Logistic Regression,3,3-51909-B-42.wav,42,siren,42,siren,siren; wind; thunderstorm,0.9982801675796509
Logistic Regression,3,3-58772-A-42.wav,42,siren,42,siren,siren; car horn; airplane,0.9990116357803345
Logistic Regression,3,3-62878-A-42.wav,42,siren,42,siren,siren; car horn; chainsaw,0.9999265670776367
Logistic Regression,3,3-62878-B-42.wav,42,siren,42,siren,siren; car horn; clock alarm,0.999873697757721
Logistic Regression,3,3-65748-A-12.wav,12,crackling fire,12,crackling fire,crackling fire; washing machine; can opening,0.9989171624183655
Logistic Regression,3,3-68630-A-40.wav,40,helicopter,40,helicopter,helicopter; washing machine; airplane,0.9998945593833923
Logistic Regression,3,3-68630-B-40.wav,40,helicopter,40,helicopter,helicopter; airplane; washing machine,0.9998967051506042
Logistic Regression,3,3-68630-C-40.wav,40,helicopter,40,helicopter,helicopter; airplane; washing machine,0.9528998136520386
Logistic Regression,3,3-70962-A-4.wav,4,frog,4,frog,frog; crickets; hen,0.9992385506629944
Logistic Regression,3,3-70962-B-4.wav,4,frog,4,frog,frog; crickets; hen,0.9995052814483643
Logistic Regression,3,3-70962-C-4.wav,4,frog,4,frog,frog; sea waves; crickets,0.9988359808921814
Logistic Regression,3,3-71964-A-4.wav,4,frog,4,frog,frog; snoring; clock tick,0.9996854662895203
Logistic Regression,3,3-71964-B-4.wav,4,frog,4,frog,frog; snoring; water drops,0.999531626701355
Logistic Regression,3,3-71964-C-4.wav,4,frog,4,frog,frog; water drops; hen,0.9996360540390015
Logistic Regression,3,3-83527-A-4.wav,4,frog,4,frog,frog; crickets; cow,0.9988504648208618
Logistic Regression,3,3-87936-A-46.wav,46,church bells,46,church bells,church bells; thunderstorm; water drops,0.9993734955787659
Logistic Regression,3,3-87936-B-46.wav,46,church bells,46,church bells,church bells; wind; crying baby,0.998896598815918
Logistic Regression,3,3-92637-A-18.wav,18,toilet flush,18,toilet flush,toilet flush; insects; thunderstorm,0.9988622665405273
Logistic Regression,3,3-93010-A-18.wav,18,toilet flush,18,toilet flush,toilet flush; vacuum cleaner; sea waves,0.9996756315231323
Logistic Regression,3,3-94342-A-25.wav,25,footsteps,25,footsteps,footsteps; crickets; breathing,0.9978673458099365
Logistic Regression,3,3-94343-A-25.wav,25,footsteps,25,footsteps,footsteps; engine; helicopter,0.9994345307350159
Logistic Regression,3,3-94344-A-25.wav,25,footsteps,25,footsteps,footsteps; crackling fire; drinking sipping,0.9966293573379517
Logistic Regression,3,3-94355-A-33.wav,33,door wood creaks,33,door wood creaks,door wood creaks; frog; door wood knock,0.9999393224716187
Logistic Regression,3,3-95694-A-5.wav,5,cat,5,cat,cat; frog; crying baby,0.999704897403717
Logistic Regression,3,3-95695-A-5.wav,5,cat,5,cat,cat; rooster; siren,0.9994367361068726
Logistic Regression,3,3-95695-B-5.wav,5,cat,5,cat,cat; wind; sheep,0.9997992515563965
Logistic Regression,3,3-95697-A-5.wav,5,cat,5,cat,cat; sneezing; glass breaking,0.997692883014679
Logistic Regression,3,3-95698-A-5.wav,5,cat,5,cat,cat; crying baby; frog,0.9995687007904053
Logistic Regression,3,3-96606-A-49.wav,49,hand saw,49,hand saw,hand saw; footsteps; chainsaw,0.9976044297218323
Logistic Regression,3,3-96606-B-49.wav,49,hand saw,49,hand saw,hand saw; footsteps; brushing teeth,0.9922330975532532
Logistic Regression,3,3-97909-A-49.wav,49,hand saw,49,hand saw,hand saw; engine; chainsaw,0.9989342093467712
Logistic Regression,3,3-97909-B-49.wav,49,hand saw,49,hand saw,hand saw; chainsaw; pig,0.9992373585700989
Logistic Regression,3,3-98193-A-46.wav,46,church bells,46,church bells,church bells; thunderstorm; fireworks,0.9996912479400635
Logistic Regression,3,3-98771-A-18.wav,18,toilet flush,18,toilet flush,toilet flush; pouring water; drinking sipping,0.9907315969467163
Logistic Regression,3,3-98869-A-46.wav,46,church bells,46,church bells,church bells; wind; train,0.9995709657669067
Zero-Shot CLAP,4,4-102844-A-49.wav,49,hand saw,49,hand saw,hand saw; chainsaw; brushing teeth,0.6351197361946106
Zero-Shot CLAP,4,4-102844-B-49.wav,49,hand saw,49,hand saw,hand saw; chainsaw; brushing teeth,0.6494842171669006
Zero-Shot CLAP,4,4-102844-C-49.wav,49,hand saw,49,hand saw,hand saw; chainsaw; brushing teeth,0.6558824777603149
Zero-Shot CLAP,4,4-102871-A-42.wav,42,siren,42,siren,siren; car horn; airplane,0.37477585673332214
Zero-Shot CLAP,4,4-107117-A-33.wav,33,door wood creaks,33,door wood creaks,door wood creaks; door wood knock; rooster,0.49165472388267517
Zero-Shot CLAP,4,4-107120-A-33.wav,33,door wood creaks,33,door wood creaks,door wood creaks; hen; door wood knock,0.548769474029541
Zero-Shot CLAP,4,4-107122-A-33.wav,33,door wood creaks,33,door wood creaks,door wood creaks; door wood knock; crying baby,0.5641721487045288
Zero-Shot CLAP,4,4-108352-A-33.wav,33,door wood creaks,33,door wood creaks,door wood creaks; door wood knock; water drops,0.5052495002746582
Zero-Shot CLAP,4,4-111671-A-42.wav,42,siren,42,siren,siren; cat; door wood creaks,0.5913151502609253
Zero-Shot CLAP,4,4-111671-B-42.wav,42,siren,42,siren,siren; car horn; cat,0.5477893948554993
Zero-Shot CLAP,4,4-117627-A-25.wav,25,footsteps,25,footsteps,footsteps; cat; glass breaking,0.22853562235832214
Zero-Shot CLAP,4,4-117630-A-25.wav,25,footsteps,25,footsteps,footsteps; chainsaw; sea waves,0.22961834073066711
Zero-Shot CLAP,4,4-119647-A-48.wav,48,fireworks,48,fireworks,fireworks; crickets; crow,0.39211922883987427
Zero-Shot CLAP,4,4-119647-B-48.wav,48,fireworks,48,fireworks,fireworks; crow; clapping,0.38448089361190796
Zero-Shot CLAP,4,4-119647-C-48.wav,48,fireworks,48,fireworks,fireworks; clapping; crow,0.3679857850074768
Zero-Shot CLAP,4,4-119647-D-48.wav,48,fireworks,48,fireworks,fireworks; siren; clapping,0.39921945333480835
Zero-Shot CLAP,4,4-119648-A-48.wav,48,fireworks,48,fireworks,fireworks; hand saw; clapping,0.32769280672073364
Zero-Shot CLAP,4,4-119648-B-48.wav,48,fireworks,48,fireworks,fireworks; clapping; siren,0.3460516929626465
Zero-Shot CLAP,4,4-119648-C-48.wav,48,fireworks,48,fireworks,fireworks; clapping; door wood knock,0.33213159441947937
Zero-Shot CLAP,4,4-119648-D-48.wav,48,fireworks,48,fireworks,fireworks; clapping; siren,0.41728729009628296
Zero-Shot CLAP,4,4-119720-A-18.wav,18,toilet flush,18,toilet flush,toilet flush; brushing teeth; pouring water,0.47106030583381653
Zero-Shot CLAP,4,4-120160-A-5.wav,5,cat,5,cat,cat; crow; hen,0.6411492228507996
Zero-Shot CLAP,4,4-121532-A-42.wav,42,siren,42,siren,siren; car horn; door wood creaks,0.3683018088340759
Zero-Shot CLAP,4,4-123680-A-18.wav,18,toilet flush,18,toilet flush,toilet flush; brushing teeth; washing machine,0.4942449927330017
Zero-Shot CLAP,4,4-125070-A-19.wav,19,thunderstorm,19,thunderstorm,thunderstorm; crow; water drops,0.4872599244117737
Zero-Shot CLAP,4,4-125071-A-19.wav,19,thunderstorm,19,thunderstorm,thunderstorm; wind; crow,0.43132275342941284
Zero-Shot CLAP,4,4-125072-A-19.wav,19,thunderstorm,19,thunderstorm,thunderstorm; glass breaking; crow,0.45545893907546997
Zero-Shot CLAP,4,4-125072-B-19.wav,19,thunderstorm,19,thunderstorm,thunderstorm; crow; glass breaking,0.41258686780929565
Zero-Shot CLAP,4,4-125825-A-46.wav,46,church bells,46,church bells,church bells; clock tick; clock alarm,0.4859126806259155
Zero-Shot CLAP,4,4-125825-B-46.wav,46,church bells,46,church bells,church bells; clock alarm; car horn,0.5003691911697388
Zero-Shot CLAP,4,4-125929-A-40.wav,40,helicopter,40,helicopter,helicopter; airplane; chirping birds,0.36918801069259644
Zero-Shot CLAP,4,4-126046-A-18.wav,18,toilet flush,18,toilet flush,toilet flush; brushing teeth; pouring water,0.5114114284515381
Zero-Shot CLAP,4,4-126532-A-18.wav,18,toilet flush,18,toilet flush,toilet flush; brushing teeth; pouring water,0.5469134449958801
Zero-Shot CLAP,4,4-128659-A-33.wav,33,door wood creaks,33,door wood creaks,door wood creaks; mouse click; keyboard typing,0.27009057998657227
Zero-Shot CLAP,4,4-130584-A-4.wav,4,frog,4,frog,frog; crickets; insects,0.5802699327468872
Zero-Shot CLAP,4,4-130891-A-7.wav,7,insects,6,hen,hen; cat; insects,0.31310027837753296
Zero-Shot CLAP,4,4-132383-A-2.wav,2,pig,2,pig,pig; rooster; hen,0.5643292665481567
Zero-Shot CLAP,4,4-132383-B-2.wav,2,pig,2,pig,pig; hen; rooster,0.5442019701004028
Zero-Shot CLAP,4,4-132803-A-26.wav,26,laughing,26,laughing,laughing; hen; clapping,0.5867940187454224
Zero-Shot CLAP,4,4-132810-A-26.wav,26,laughing,26,laughing,laughing; hen; crying baby,0.5624021291732788
Zero-Shot CLAP,4,4-132816-A-26.wav,26,laughing,26,laughing,laughing; hen; crying baby,0.5513628125190735
Zero-Shot CLAP,4,4-132839-A-33.wav,33,door wood creaks,33,door wood creaks,door wood creaks; cow; hen,0.3325500786304474
Zero-Shot CLAP,4,4-133047-A-5.wav,5,cat,5,cat,cat; crow; crying baby,0.41836175322532654
Zero-Shot CLAP,4,4-133047-B-5.wav,5,cat,20,crying baby,crying baby; hen; cat,0.3530552387237549
Zero-Shot CLAP,4,4-133047-C-5.wav,5,cat,5,cat,cat; crying baby; hen,0.4143020510673523
Zero-Shot CLAP,4,4-133674-A-26.wav,26,laughing,26,laughing,laughing; rooster; pig,0.5282905697822571
Zero-Shot CLAP,4,4-133895-A-7.wav,7,insects,5,cat,cat; brushing teeth; cow,0.2812209129333496
Zero-Shot CLAP,4,4-135439-A-18.wav,18,toilet flush,18,toilet flush,toilet flush; pouring water; brushing teeth,0.45985808968544006
Zero-Shot CLAP,4,4-136381-A-9.wav,9,crow,9,crow,crow; rooster; hen,0.5085585117340088
Zero-Shot CLAP,4,4-138344-A-9.wav,9,crow,9,crow,crow; hen; rooster,0.4227259159088135
Zero-Shot CLAP,4,4-140034-A-46.wav,46,church bells,46,church bells,church bells; car horn; clock alarm,0.5794888734817505
Zero-Shot CLAP,4,4-141365-A-18.wav,18,toilet flush,18,toilet flush,toilet flush; brushing teeth; pouring water,0.4501473903656006
Zero-Shot CLAP,4,4-143118-A-7.wav,7,insects,33,door wood creaks,door wood creaks; door wood knock; insects,0.3152393102645874
Zero-Shot CLAP,4,4-143118-B-7.wav,7,insects,43,car horn,car horn; engine; door wood creaks,0.26863712072372437
Zero-Shot CLAP,4,4-144083-A-16.wav,16,wind,42,siren,siren; airplane; car horn,0.2314734160900116
Zero-Shot CLAP,4,4-144083-B-16.wav,16,wind,9,crow,crow; wind; chirping birds,0.30045193433761597
Zero-Shot CLAP,4,4-144083-C-16.wav,16,wind,42,siren,siren; wind; airplane,0.29002901911735535
Zero-Shot CLAP,4,4-144085-A-16.wav,16,wind,42,siren,siren; airplane; car horn,0.2897389829158783
Zero-Shot CLAP,4,4-144468-A-27.wav,27,brushing teeth,27,brushing teeth,brushing teeth; hand saw; pig,0.5114419460296631
Zero-Shot CLAP,4,4-144468-B-27.wav,27,brushing teeth,27,brushing teeth,brushing teeth; pig; hand saw,0.44375428557395935
Zero-Shot CLAP,4,4-145006-A-18.wav,18,toilet flush,18,toilet flush,toilet flush; brushing teeth; pouring water,0.5028965473175049
Zero-Shot CLAP,4,4-145081-A-9.wav,9,crow,9,crow,crow; car horn; hen,0.41079387068748474
Zero-Shot CLAP,4,4-146200-A-36.wav,36,vacuum cleaner,36,vacuum cleaner,vacuum cleaner; airplane; engine,0.49647098779678345
Zero-Shot CLAP,4,4-147240-A-2.wav,2,pig,2,pig,pig; hen; rooster,0.46696674823760986
Zero-Shot CLAP,4,4-147240-B-2.wav,2,pig,2,pig,pig; rooster; hen,0.5174557566642761
Zero-Shot CLAP,4,4-147657-A-46.wav,46,church bells,46,church bells,church bells; glass breaking; siren,0.3535710871219635
Zero-Shot CLAP,4,4-147658-A-46.wav,46,church bells,46,church bells,church bells; water drops; car horn,0.4972100853919983
Zero-Shot CLAP,4,4-149294-A-41.wav,41,chainsaw,44,engine,engine; chainsaw; cat,0.36636316776275635
Zero-Shot CLAP,4,4-149294-B-41.wav,41,chainsaw,41,chainsaw,chainsaw; cow; hand saw,0.30155956745147705
Zero-Shot CLAP,4,4-149940-A-5.wav,5,cat,5,cat,cat; crying baby; hen,0.6008541584014893
Zero-Shot CLAP,4,4-149940-B-5.wav,5,cat,5,cat,cat; crow; crying baby,0.5739254951477051
Zero-Shot CLAP,4,4-150364-A-46.wav,46,church bells,46,church bells,church bells; siren; water drops,0.5236219763755798
Zero-Shot CLAP,4,4-150364-B-46.wav,46,church bells,46,church bells,church bells; clapping; water drops,0.5623770952224731
Zero-Shot CLAP,4,4-151242-A-37.wav,37,clock alarm,37,clock alarm,clock alarm; frog; hen,0.5480207204818726
Zero-Shot CLAP,4,4-152958-A-18.wav,18,toilet flush,18,toilet flush,toilet flush; brushing teeth; pouring water,0.4190122187137604
Zero-Shot CLAP,4,4-152995-A-24.wav,24,coughing,24,coughing,coughing; cat; frog,0.49935173988342285
Zero-Shot CLAP,4,4-154405-A-27.wav,27,brushing teeth,27,brushing teeth,brushing teeth; pig; drinking sipping,0.547254204750061
Zero-Shot CLAP,4,4-154405-B-27.wav,27,brushing teeth,27,brushing teeth,brushing teeth; pouring water; hand saw,0.5590072870254517
Zero-Shot CLAP,4,4-154443-A-24.wav,24,coughing,24,coughing,coughing; rooster; hen,0.5288779735565186
Zero-Shot CLAP,4,4-154793-A-4.wav,4,frog,4,frog,frog; crickets; rooster,0.5312020778656006
Zero-Shot CLAP,4,4-155650-A-24.wav,24,coughing,24,coughing,coughing; rooster; laughing,0.42478227615356445
Zero-Shot CLAP,4,4-155650-B-24.wav,24,coughing,24,coughing,coughing; rooster; laughing,0.4291796088218689
Zero-Shot CLAP,4,4-155670-A-26.wav,26,laughing,26,laughing,laughing; crying baby; hen,0.3614296317100525
Zero-Shot CLAP,4,4-156227-A-9.wav,9,crow,9,crow,crow; car horn; cat,0.5192209482192993
Zero-Shot CLAP,4,4-156827-A-46.wav,46,church bells,46,church bells,church bells; water drops; clapping,0.5795185565948486
Zero-Shot CLAP,4,4-156843-A-21.wav,21,sneezing,21,sneezing,sneezing; coughing; cat,0.44405412673950195
Zero-Shot CLAP,4,4-156844-A-21.wav,21,sneezing,21,sneezing,sneezing; coughing; vacuum cleaner,0.5006370544433594
Zero-Shot CLAP,4,4-156993-A-19.wav,19,thunderstorm,19,thunderstorm,thunderstorm; glass breaking; rain,0.4560531675815582
Zero-Shot CLAP,4,4-157296-A-24.wav,24,coughing,24,coughing,coughing; laughing; rooster,0.4525212347507477
Zero-Shot CLAP,4,4-157297-A-21.wav,21,sneezing,21,sneezing,sneezing; coughing; cat,0.5391409993171692
Zero-Shot CLAP,4,4-157611-A-41.wav,41,chainsaw,44,engine,engine; vacuum cleaner; washing machine,0.34693610668182373
Zero-Shot CLAP,4,4-157611-B-41.wav,41,chainsaw,44,engine,engine; washing machine; chainsaw,0.4165318012237549
Zero-Shot CLAP,4,4-158653-A-32.wav,32,keyboard typing,32,keyboard typing,keyboard typing; mouse click; clapping,0.35982632637023926
Zero-Shot CLAP,4,4-159426-A-9.wav,9,crow,9,crow,crow; cat; rooster,0.5680691599845886
Zero-Shot CLAP,4,4-159609-A-14.wav,14,chirping birds,14,chirping birds,chirping birds; crow; clapping,0.4406818151473999
Zero-Shot CLAP,4,4-159609-B-14.wav,14,chirping birds,14,chirping birds,chirping birds; clapping; cat,0.37485092878341675
Zero-Shot CLAP,4,4-160036-A-33.wav,33,door wood creaks,33,door wood creaks,door wood creaks; door wood knock; clock tick,0.39434152841567993
Zero-Shot CLAP,4,4-160036-B-33.wav,33,door wood creaks,33,door wood creaks,door wood creaks; crying baby; door wood knock,0.4005701541900635
Zero-Shot CLAP,4,4-160999-A-10.wav,10,rain,35,washing machine,washing machine; rain; water drops,0.4056705832481384
Zero-Shot CLAP,4,4-161099-A-47.wav,47,airplane,47,airplane,airplane; chirping birds; helicopter,0.38908594846725464
Zero-Shot CLAP,4,4-161099-B-47.wav,47,airplane,47,airplane,airplane; clapping; helicopter,0.40213820338249207
Zero-Shot CLAP,4,4-161100-A-47.wav,47,airplane,47,airplane,airplane; wind; engine,0.4642067551612854
Zero-Shot CLAP,4,4-161103-A-47.wav,47,airplane,47,airplane,airplane; clapping; engine,0.49965181946754456
Zero-Shot CLAP,4,4-161105-A-47.wav,47,airplane,47,airplane,airplane; helicopter; engine,0.45407533645629883
Zero-Shot CLAP,4,4-161105-B-47.wav,47,airplane,47,airplane,airplane; helicopter; engine,0.49437814950942993
Zero-Shot CLAP,4,4-161127-A-10.wav,10,rain,10,rain,rain; sea waves; wind,0.36249038577079773
Zero-Shot CLAP,4,4-161303-A-5.wav,5,cat,5,cat,cat; crow; frog,0.5116349458694458
Zero-Shot CLAP,4,4-161303-B-5.wav,5,cat,5,cat,cat; crow; frog,0.6701728105545044
Zero-Shot CLAP,4,4-161519-A-19.wav,19,thunderstorm,19,thunderstorm,thunderstorm; crow; church bells,0.4108915328979492
Zero-Shot CLAP,4,4-161579-A-40.wav,40,helicopter,44,engine,engine; crow; helicopter,0.18752065300941467
Zero-Shot CLAP,4,4-161579-B-40.wav,40,helicopter,40,helicopter,helicopter; airplane; wind,0.39304226636886597
Zero-Shot CLAP,4,4-163264-A-10.wav,10,rain,10,rain,rain; water drops; sea waves,0.4324226975440979
Zero-Shot CLAP,4,4-163606-A-16.wav,16,wind,9,crow,crow; thunderstorm; wind,0.22680455446243286
Zero-Shot CLAP,4,4-163608-B-16.wav,16,wind,11,sea waves,sea waves; wind; thunderstorm,0.33098965883255005
Zero-Shot CLAP,4,4-163609-A-16.wav,16,wind,16,wind,wind; thunderstorm; airplane,0.2990814447402954
Zero-Shot CLAP,4,4-163609-B-16.wav,16,wind,16,wind,wind; thunderstorm; sea waves,0.2644038200378418
Zero-Shot CLAP,4,4-163697-A-13.wav,13,crickets,13,crickets,crickets; insects; hand saw,0.2636908292770386
Zero-Shot CLAP,4,4-164021-A-1.wav,1,rooster,1,rooster,rooster; hen; clapping,0.4727492928504944
Zero-Shot CLAP,4,4-164064-A-1.wav,1,rooster,1,rooster,rooster; hen; cow,0.4300186336040497
Zero-Shot CLAP,4,4-164064-B-1.wav,1,rooster,1,rooster,rooster; hen; cow,0.43278786540031433
Zero-Shot CLAP,4,4-164064-C-1.wav,1,rooster,1,rooster,rooster; hen; cow,0.45355987548828125
Zero-Shot CLAP,4,4-164206-A-10.wav,10,rain,10,rain,rain; thunderstorm; water drops,0.4717594385147095
Zero-Shot CLAP,4,4-164243-A-26.wav,26,laughing,26,laughing,laughing; hen; brushing teeth,0.570012092590332
Zero-Shot CLAP,4,4-164661-A-12.wav,12,crackling fire,12,crackling fire,crackling fire; water drops; pouring water,0.3486867845058441
Zero-Shot CLAP,4,4-164661-B-12.wav,12,crackling fire,12,crackling fire,crackling fire; can opening; glass breaking,0.26937904953956604
Zero-Shot CLAP,4,4-164859-A-1.wav,1,rooster,1,rooster,rooster; hen; clapping,0.38489973545074463
Zero-Shot CLAP,4,4-165606-A-45.wav,45,train,45,train,train; airplane; car horn,0.355699747800827
Zero-Shot CLAP,4,4-165791-A-45.wav,45,train,45,train,train; car horn; wind,0.36664488911628723
Zero-Shot CLAP,4,4-165791-B-45.wav,45,train,45,train,train; door wood knock; washing machine,0.339194118976593
Zero-Shot CLAP,4,4-165813-A-19.wav,19,thunderstorm,19,thunderstorm,thunderstorm; fireworks; crow,0.457410603761673
Zero-Shot CLAP,4,4-165813-B-19.wav,19,thunderstorm,19,thunderstorm,thunderstorm; crow; glass breaking,0.4737096428871155
Zero-Shot CLAP,4,4-165823-A-41.wav,41,chainsaw,41,chainsaw,chainsaw; hand saw; engine,0.6250300407409668
Zero-Shot CLAP,4,4-165823-B-41.wav,41,chainsaw,41,chainsaw,chainsaw; hand saw; engine,0.5403867363929749
Zero-Shot CLAP,4,4-165845-A-45.wav,45,train,45,train,train; footsteps; clock alarm,0.2380601018667221
Zero-Shot CLAP,4,4-165845-B-45.wav,45,train,45,train,train; clock alarm; footsteps,0.2870320975780487
Zero-Shot CLAP,4,4-165933-A-45.wav,45,train,30,door wood knock,door wood knock; train; footsteps,0.28339457511901855
Zero-Shot CLAP,4,4-166661-A-10.wav,10,rain,10,rain,rain; sea waves; water drops,0.4155411720275879
Zero-Shot CLAP,4,4-167063-A-11.wav,11,sea waves,11,sea waves,sea waves; wind; rain,0.4631161689758301
Zero-Shot CLAP,4,4-167063-B-11.wav,11,sea waves,11,sea waves,sea waves; rain; clapping,0.5466442704200745
Zero-Shot CLAP,4,4-167063-C-11.wav,11,sea waves,11,sea waves,sea waves; vacuum cleaner; wind,0.5039675235748291
Zero-Shot CLAP,4,4-167077-A-20.wav,20,crying baby,20,crying baby,crying baby; coughing; cat,0.29113703966140747
Zero-Shot CLAP,4,4-167077-B-20.wav,20,crying baby,20,crying baby,crying baby; clock alarm; cat,0.3459920883178711
Zero-Shot CLAP,4,4-167077-C-20.wav,20,crying baby,20,crying baby,crying baby; clock alarm; cat,0.35724568367004395
Zero-Shot CLAP,4,4-167155-A-32.wav,32,keyboard typing,32,keyboard typing,keyboard typing; mouse click; water drops,0.40812069177627563
Zero-Shot CLAP,4,4-167571-A-26.wav,26,laughing,26,laughing,laughing; hen; rooster,0.5046367645263672
Zero-Shot CLAP,4,4-167642-A-21.wav,21,sneezing,21,sneezing,sneezing; coughing; cat,0.5580511093139648
Zero-Shot CLAP,4,4-168155-A-15.wav,15,water drops,15,water drops,water drops; pouring water; frog,0.45761436223983765
Zero-Shot CLAP,4,4-168446-A-45.wav,45,train,45,train,train; footsteps; door wood knock,0.3496972918510437
Zero-Shot CLAP,4,4-168868-A-17.wav,17,pouring water,17,pouring water,pouring water; water drops; drinking sipping,0.585964560508728
Zero-Shot CLAP,4,4-169127-A-41.wav,41,chainsaw,41,chainsaw,chainsaw; hand saw; cow,0.5665450096130371
Zero-Shot CLAP,4,4-169127-B-41.wav,41,chainsaw,41,chainsaw,chainsaw; hand saw; vacuum cleaner,0.6281834244728088
Zero-Shot CLAP,4,4-169508-A-37.wav,37,clock alarm,37,clock alarm,clock alarm; church bells; siren,0.514592707157135
Zero-Shot CLAP,4,4-169726-A-24.wav,24,coughing,24,coughing,coughing; rooster; sneezing,0.5372753143310547
Zero-Shot CLAP,4,4-170078-A-1.wav,1,rooster,1,rooster,rooster; hen; crow,0.4724777340888977
Zero-Shot CLAP,4,4-170247-A-12.wav,12,crackling fire,12,crackling fire,crackling fire; glass breaking; thunderstorm,0.4876944422721863
Zero-Shot CLAP,4,4-170247-B-12.wav,12,crackling fire,12,crackling fire,crackling fire; glass breaking; thunderstorm,0.4512541890144348
Zero-Shot CLAP,4,4-171207-A-12.wav,12,crackling fire,12,crackling fire,crackling fire; drinking sipping; thunderstorm,0.38327813148498535
Zero-Shot CLAP,4,4-171396-A-24.wav,24,coughing,24,coughing,coughing; laughing; rooster,0.4745420217514038
Zero-Shot CLAP,4,4-171519-A-21.wav,21,sneezing,21,sneezing,sneezing; coughing; cat,0.522881805896759
Zero-Shot CLAP,4,4-171652-A-44.wav,44,engine,41,chainsaw,chainsaw; hand saw; engine,0.48688679933547974
Zero-Shot CLAP,4,4-171706-A-23.wav,23,breathing,23,breathing,breathing; snoring; dog,0.39093539118766785
Zero-Shot CLAP,4,4-171823-A-13.wav,13,crickets,13,crickets,crickets; insects; frog,0.46655917167663574
Zero-Shot CLAP,4,4-172143-A-13.wav,13,crickets,13,crickets,crickets; insects; frog,0.39289700984954834
Zero-Shot CLAP,4,4-172180-A-32.wav,32,keyboard typing,31,mouse click,mouse click; keyboard typing; clapping,0.36502471566200256
Zero-Shot CLAP,4,4-172366-A-37.wav,37,clock alarm,37,clock alarm,clock alarm; clock tick; crying baby,0.5711520910263062
Zero-Shot CLAP,4,4-172377-A-17.wav,17,pouring water,17,pouring water,pouring water; water drops; drinking sipping,0.524638295173645
Zero-Shot CLAP,4,4-172500-A-27.wav,27,brushing teeth,35,washing machine,washing machine; brushing teeth; cat,0.3192586302757263
Zero-Shot CLAP,4,4-172500-B-27.wav,27,brushing teeth,27,brushing teeth,brushing teeth; pig; rooster,0.29017677903175354
Zero-Shot CLAP,4,4-172500-C-27.wav,27,brushing teeth,27,brushing teeth,brushing teeth; hen; rooster,0.35224449634552
Zero-Shot CLAP,4,4-172500-D-27.wav,27,brushing teeth,0,dog,dog; cat; brushing teeth,0.3485792279243469
Zero-Shot CLAP,4,4-172732-A-36.wav,36,vacuum cleaner,36,vacuum cleaner,vacuum cleaner; airplane; cat,0.4678507149219513
Zero-Shot CLAP,4,4-172733-A-36.wav,36,vacuum cleaner,36,vacuum cleaner,vacuum cleaner; airplane; engine,0.421883225440979
Zero-Shot CLAP,4,4-172734-A-36.wav,36,vacuum cleaner,36,vacuum cleaner,vacuum cleaner; engine; cat,0.5024735331535339
Zero-Shot CLAP,4,4-172736-A-36.wav,36,vacuum cleaner,36,vacuum cleaner,vacuum cleaner; airplane; cat,0.5546019077301025
Zero-Shot CLAP,4,4-172736-B-36.wav,36,vacuum cleaner,36,vacuum cleaner,vacuum cleaner; airplane; train,0.5032814145088196
Zero-Shot CLAP,4,4-172742-A-32.wav,32,keyboard typing,32,keyboard typing,keyboard typing; mouse click; clapping,0.451212078332901
Zero-Shot CLAP,4,4-173865-A-9.wav,9,crow,9,crow,crow; rooster; hen,0.4386330842971802
Zero-Shot CLAP,4,4-173865-B-9.wav,9,crow,9,crow,crow; chirping birds; clapping,0.4543169140815735
Zero-Shot CLAP,4,4-174797-A-15.wav,15,water drops,15,water drops,water drops; glass breaking; pouring water,0.3579809069633484
Zero-Shot CLAP,4,4-174860-A-3.wav,3,cow,3,cow,cow; rooster; sheep,0.46275389194488525
Zero-Shot CLAP,4,4-174860-B-3.wav,3,cow,1,rooster,rooster; cow; pig,0.4821779727935791
Zero-Shot CLAP,4,4-175000-A-40.wav,40,helicopter,40,helicopter,helicopter; airplane; engine,0.3526109457015991
Zero-Shot CLAP,4,4-175000-B-40.wav,40,helicopter,40,helicopter,helicopter; airplane; engine,0.31310325860977173
Zero-Shot CLAP,4,4-175000-C-40.wav,40,helicopter,40,helicopter,helicopter; airplane; engine,0.3652697801589966
Zero-Shot CLAP,4,4-175025-A-34.wav,34,can opening,34,can opening,can opening; pouring water; water drops,0.34538090229034424
Zero-Shot CLAP,4,4-175845-A-43.wav,43,car horn,43,car horn,car horn; cat; crow,0.40475553274154663
Zero-Shot CLAP,4,4-175846-A-43.wav,43,car horn,43,car horn,car horn; siren; clock tick,0.33432549238204956
Zero-Shot CLAP,4,4-175855-A-43.wav,43,car horn,43,car horn,car horn; siren; footsteps,0.38023048639297485
Zero-Shot CLAP,4,4-175856-A-43.wav,43,car horn,43,car horn,car horn; mouse click; crow,0.42580103874206543
Zero-Shot CLAP,4,4-175945-A-38.wav,38,clock tick,38,clock tick,clock tick; frog; water drops,0.43154940009117126
Zero-Shot CLAP,4,4-176631-A-43.wav,43,car horn,43,car horn,car horn; pouring water; brushing teeth,0.4123767614364624
Zero-Shot CLAP,4,4-176638-A-43.wav,43,car horn,43,car horn,car horn; water drops; clock alarm,0.5817670822143555
Zero-Shot CLAP,4,4-176914-A-23.wav,23,breathing,23,breathing,breathing; sneezing; coughing,0.4987303614616394
Zero-Shot CLAP,4,4-177243-A-32.wav,32,keyboard typing,32,keyboard typing,keyboard typing; mouse click; clapping,0.4270930290222168
Zero-Shot CLAP,4,4-177250-A-10.wav,10,rain,10,rain,rain; thunderstorm; water drops,0.5076497793197632
Zero-Shot CLAP,4,4-177835-A-24.wav,24,coughing,24,coughing,coughing; laughing; sneezing,0.49141228199005127
Zero-Shot CLAP,4,4-178402-A-43.wav,43,car horn,43,car horn,car horn; siren; clock alarm,0.4471370577812195
Zero-Shot CLAP,4,4-178881-A-45.wav,45,train,45,train,train; clock alarm; car horn,0.3425748646259308
Zero-Shot CLAP,4,4-179836-A-34.wav,34,can opening,34,can opening,can opening; brushing teeth; hen,0.31155914068222046
Zero-Shot CLAP,4,4-179984-A-38.wav,38,clock tick,38,clock tick,clock tick; mouse click; water drops,0.5292640924453735
Zero-Shot CLAP,4,4-180337-A-28.wav,28,snoring,2,pig,pig; snoring; rooster,0.2975051999092102
Zero-Shot CLAP,4,4-180380-A-10.wav,10,rain,10,rain,rain; water drops; thunderstorm,0.4141152501106262
Zero-Shot CLAP,4,4-180453-A-17.wav,17,pouring water,29,drinking sipping,drinking sipping; pouring water; water drops,0.3404685854911804
Zero-Shot CLAP,4,4-181035-A-38.wav,38,clock tick,38,clock tick,clock tick; hen; frog,0.48601198196411133
Zero-Shot CLAP,4,4-181286-A-10.wav,10,rain,10,rain,rain; crackling fire; clapping,0.48883873224258423
Zero-Shot CLAP,4,4-181362-A-13.wav,13,crickets,13,crickets,crickets; insects; frog,0.38256096839904785
Zero-Shot CLAP,4,4-181563-A-12.wav,12,crackling fire,12,crackling fire,crackling fire; thunderstorm; rain,0.4051659107208252
Zero-Shot CLAP,4,4-181599-A-26.wav,26,laughing,26,laughing,laughing; crying baby; breathing,0.4144018590450287
Zero-Shot CLAP,4,4-181628-A-17.wav,17,pouring water,17,pouring water,pouring water; water drops; drinking sipping,0.38630276918411255
Zero-Shot CLAP,4,4-181707-A-32.wav,32,keyboard typing,32,keyboard typing,keyboard typing; mouse click; clapping,0.47246697545051575
Zero-Shot CLAP,4,4-181708-A-32.wav,32,keyboard typing,32,keyboard typing,keyboard typing; mouse click; clapping,0.4070698022842407
Zero-Shot CLAP,4,4-181865-A-38.wav,38,clock tick,38,clock tick,clock tick; clock alarm; mouse click,0.42296117544174194
Zero-Shot CLAP,4,4-181955-A-3.wav,3,cow,3,cow,cow; rooster; sheep,0.42373865842819214
Zero-Shot CLAP,4,4-181955-B-3.wav,3,cow,3,cow,cow; rooster; snoring,0.41918420791625977
Zero-Shot CLAP,4,4-181955-C-3.wav,3,cow,3,cow,cow; rooster; clock alarm,0.3944818079471588
Zero-Shot CLAP,4,4-181999-A-36.wav,36,vacuum cleaner,47,airplane,airplane; vacuum cleaner; helicopter,0.476240873336792
Zero-Shot CLAP,4,4-182034-A-30.wav,30,door wood knock,30,door wood knock,door wood knock; door wood creaks; cat,0.5589157342910767
Zero-Shot CLAP,4,4-182039-A-30.wav,30,door wood knock,30,door wood knock,door wood knock; door wood creaks; cat,0.568731963634491
Zero-Shot CLAP,4,4-182041-A-30.wav,30,door wood knock,30,door wood knock,door wood knock; door wood creaks; cat,0.45657068490982056
Zero-Shot CLAP,4,4-182314-A-7.wav,7,insects,13,crickets,crickets; insects; crow,0.3139706254005432
Zero-Shot CLAP,4,4-182314-B-7.wav,7,insects,7,insects,insects; crickets; cat,0.2758142352104187
Zero-Shot CLAP,4,4-182368-A-12.wav,12,crackling fire,12,crackling fire,crackling fire; drinking sipping; rain,0.40898382663726807
Zero-Shot CLAP,4,4-182369-A-12.wav,12,crackling fire,12,crackling fire,crackling fire; thunderstorm; rain,0.35361358523368835
Zero-Shot CLAP,4,4-182395-A-0.wav,0,dog,1,rooster,rooster; crow; dog,0.41085994243621826
Zero-Shot CLAP,4,4-182613-A-11.wav,11,sea waves,11,sea waves,sea waves; wind; rain,0.5876767635345459
Zero-Shot CLAP,4,4-182613-B-11.wav,11,sea waves,11,sea waves,sea waves; wind; rain,0.563576877117157
Zero-Shot CLAP,4,4-182795-A-14.wav,14,chirping birds,14,chirping birds,chirping birds; crow; hen,0.43653011322021484
Zero-Shot CLAP,4,4-182839-A-17.wav,17,pouring water,17,pouring water,pouring water; water drops; drinking sipping,0.5246840119361877
Zero-Shot CLAP,4,4-183487-A-1.wav,1,rooster,1,rooster,rooster; hen; cow,0.4580761194229126
Zero-Shot CLAP,4,4-183882-A-28.wav,28,snoring,28,snoring,snoring; rooster; pig,0.4813963770866394
Zero-Shot CLAP,4,4-183882-B-28.wav,28,snoring,28,snoring,snoring; drinking sipping; rooster,0.5215631127357483
Zero-Shot CLAP,4,4-183992-A-0.wav,0,dog,0,dog,dog; cat; rooster,0.22505134344100952
Zero-Shot CLAP,4,4-184235-A-28.wav,28,snoring,28,snoring,snoring; rooster; drinking sipping,0.5391539335250854
Zero-Shot CLAP,4,4-184237-A-28.wav,28,snoring,28,snoring,snoring; rooster; breathing,0.5587091445922852
Zero-Shot CLAP,4,4-184434-A-21.wav,21,sneezing,21,sneezing,sneezing; coughing; laughing,0.5124725103378296
Zero-Shot CLAP,4,4-184575-A-0.wav,0,dog,0,dog,dog; hen; rooster,0.17837662994861603
Zero-Shot CLAP,4,4-185415-A-21.wav,21,sneezing,24,coughing,coughing; sneezing; cat,0.45784837007522583
Zero-Shot CLAP,4,4-185575-A-20.wav,20,crying baby,20,crying baby,crying baby; breathing; cat,0.4103865623474121
Zero-Shot CLAP,4,4-185575-B-20.wav,20,crying baby,20,crying baby,crying baby; coughing; cat,0.41523870825767517
Zero-Shot CLAP,4,4-185575-C-20.wav,20,crying baby,20,crying baby,crying baby; water drops; cat,0.42480793595314026
Zero-Shot CLAP,4,4-185613-A-32.wav,32,keyboard typing,31,mouse click,mouse click; keyboard typing; clapping,0.263910174369812
Zero-Shot CLAP,4,4-185619-A-21.wav,21,sneezing,21,sneezing,sneezing; coughing; cat,0.5885958671569824
Zero-Shot CLAP,4,4-186518-A-30.wav,30,door wood knock,30,door wood knock,door wood knock; door wood creaks; mouse click,0.4787336587905884
Zero-Shot CLAP,4,4-186693-A-17.wav,17,pouring water,17,pouring water,pouring water; water drops; drinking sipping,0.3445090651512146
Zero-Shot CLAP,4,4-186935-A-44.wav,44,engine,44,engine,engine; hen; airplane,0.23144100606441498
Zero-Shot CLAP,4,4-186936-A-44.wav,44,engine,44,engine,engine; clock tick; cat,0.25070732831954956
Zero-Shot CLAP,4,4-186938-A-44.wav,44,engine,44,engine,engine; washing machine; chainsaw,0.35112476348876953
Zero-Shot CLAP,4,4-186940-A-44.wav,44,engine,47,airplane,airplane; engine; hen,0.16241975128650665
Zero-Shot CLAP,4,4-186962-A-44.wav,44,engine,44,engine,engine; helicopter; chainsaw,0.24201001226902008
Zero-Shot CLAP,4,4-187284-A-30.wav,30,door wood knock,30,door wood knock,door wood knock; door wood creaks; car horn,0.251120924949646
Zero-Shot CLAP,4,4-187384-A-34.wav,34,can opening,34,can opening,can opening; mouse click; brushing teeth,0.34472641348838806
Zero-Shot CLAP,4,4-187504-A-17.wav,17,pouring water,17,pouring water,pouring water; water drops; drinking sipping,0.39210617542266846
Zero-Shot CLAP,4,4-187504-B-17.wav,17,pouring water,17,pouring water,pouring water; water drops; drinking sipping,0.4010683298110962
Zero-Shot CLAP,4,4-187769-A-14.wav,14,chirping birds,14,chirping birds,chirping birds; crow; hen,0.2737453579902649
Zero-Shot CLAP,4,4-187769-B-14.wav,14,chirping birds,14,chirping birds,chirping birds; hen; water drops,0.33572953939437866
Zero-Shot CLAP,4,4-188003-A-34.wav,34,can opening,34,can opening,can opening; pouring water; crackling fire,0.22930988669395447
Zero-Shot CLAP,4,4-188033-A-38.wav,38,clock tick,38,clock tick,clock tick; mouse click; clock alarm,0.5206154584884644
Zero-Shot CLAP,4,4-188191-A-29.wav,29,drinking sipping,29,drinking sipping,drinking sipping; snoring; pouring water,0.5243808627128601
Zero-Shot CLAP,4,4-188191-B-29.wav,29,drinking sipping,29,drinking sipping,drinking sipping; pouring water; pig,0.5359445810317993
Zero-Shot CLAP,4,4-188191-C-29.wav,29,drinking sipping,29,drinking sipping,drinking sipping; pouring water; coughing,0.5061317086219788
Zero-Shot CLAP,4,4-188287-A-9.wav,9,crow,9,crow,crow; hen; chirping birds,0.5632004737854004
Zero-Shot CLAP,4,4-188293-A-15.wav,15,water drops,15,water drops,water drops; clock tick; frog,0.44193601608276367
Zero-Shot CLAP,4,4-188293-B-15.wav,15,water drops,15,water drops,water drops; clock tick; door wood knock,0.46351194381713867
Zero-Shot CLAP,4,4-188595-A-29.wav,29,drinking sipping,29,drinking sipping,drinking sipping; coughing; pig,0.48563945293426514
Zero-Shot CLAP,4,4-188703-A-8.wav,8,sheep,8,sheep,sheep; cow; crow,0.5258365273475647
Zero-Shot CLAP,4,4-188703-B-8.wav,8,sheep,8,sheep,sheep; cow; crow,0.5085183382034302
Zero-Shot CLAP,4,4-188703-C-8.wav,8,sheep,8,sheep,sheep; cow; crow,0.5867180824279785
Zero-Shot CLAP,4,4-188703-D-8.wav,8,sheep,8,sheep,sheep; crow; cow,0.4753335118293762
Zero-Shot CLAP,4,4-188878-A-30.wav,30,door wood knock,30,door wood knock,door wood knock; door wood creaks; cat,0.574137270450592
Zero-Shot CLAP,4,4-189332-A-37.wav,37,clock alarm,37,clock alarm,clock alarm; clock tick; hen,0.4623524844646454
Zero-Shot CLAP,4,4-189828-A-22.wav,22,clapping,22,clapping,clapping; water drops; rooster,0.5446039438247681
Zero-Shot CLAP,4,4-189830-A-22.wav,22,clapping,22,clapping,clapping; glass breaking; laughing,0.3647157549858093
Zero-Shot CLAP,4,4-189832-A-22.wav,22,clapping,22,clapping,clapping; rooster; keyboard typing,0.551257312297821
Zero-Shot CLAP,4,4-189832-B-22.wav,22,clapping,22,clapping,clapping; keyboard typing; mouse click,0.573523223400116
Zero-Shot CLAP,4,4-189833-A-22.wav,22,clapping,22,clapping,clapping; water drops; rain,0.5644760727882385
Zero-Shot CLAP,4,4-189836-A-22.wav,22,clapping,22,clapping,clapping; mouse click; glass breaking,0.5399649739265442
Zero-Shot CLAP,4,4-189838-A-22.wav,22,clapping,22,clapping,clapping; keyboard typing; clock alarm,0.5175288319587708
Zero-Shot CLAP,4,4-191015-A-43.wav,43,car horn,43,car horn,car horn; rain; siren,0.19580423831939697
Zero-Shot CLAP,4,4-191246-A-7.wav,7,insects,1,rooster,rooster; brushing teeth; cow,0.149563729763031
Zero-Shot CLAP,4,4-191246-B-7.wav,7,insects,5,cat,cat; frog; insects,0.27788808941841125
Zero-Shot CLAP,4,4-191297-A-28.wav,28,snoring,28,snoring,snoring; rooster; pig,0.46743059158325195
Zero-Shot CLAP,4,4-191327-A-38.wav,38,clock tick,38,clock tick,clock tick; clock alarm; water drops,0.49473780393600464
Zero-Shot CLAP,4,4-191687-A-0.wav,0,dog,1,rooster,rooster; dog; cat,0.2661212384700775
Zero-Shot CLAP,4,4-192068-A-31.wav,31,mouse click,31,mouse click,mouse click; keyboard typing; frog,0.4723950922489166
Zero-Shot CLAP,4,4-192236-A-0.wav,0,dog,0,dog,dog; cat; crow,0.10795293748378754
Zero-Shot CLAP,4,4-193480-A-40.wav,40,helicopter,40,helicopter,helicopter; airplane; engine,0.41950294375419617
Zero-Shot CLAP,4,4-193480-B-40.wav,40,helicopter,40,helicopter,helicopter; airplane; wind,0.44766107201576233
Zero-Shot CLAP,4,4-194246-A-13.wav,13,crickets,13,crickets,crickets; insects; frog,0.5195913314819336
Zero-Shot CLAP,4,4-194680-A-36.wav,36,vacuum cleaner,36,vacuum cleaner,vacuum cleaner; cat; clock tick,0.44678038358688354
Zero-Shot CLAP,4,4-194711-A-38.wav,38,clock tick,38,clock tick,clock tick; clock alarm; mouse click,0.42251330614089966
Zero-Shot CLAP,4,4-194754-A-0.wav,0,dog,0,dog,dog; rooster; crow,0.18715840578079224
Zero-Shot CLAP,4,4-194808-A-29.wav,29,drinking sipping,29,drinking sipping,drinking sipping; pig; coughing,0.4891863167285919
Zero-Shot CLAP,4,4-194979-A-25.wav,25,footsteps,25,footsteps,footsteps; sea waves; wind,0.36338716745376587
Zero-Shot CLAP,4,4-194981-A-25.wav,25,footsteps,25,footsteps,footsteps; car horn; clapping,0.40716925263404846
Zero-Shot CLAP,4,4-195305-A-31.wav,31,mouse click,31,mouse click,mouse click; keyboard typing; clock tick,0.4055711030960083
Zero-Shot CLAP,4,4-195451-A-44.wav,44,engine,44,engine,engine; hen; washing machine,0.2889759838581085
Zero-Shot CLAP,4,4-195497-A-11.wav,11,sea waves,11,sea waves,sea waves; vacuum cleaner; glass breaking,0.4641156494617462
Zero-Shot CLAP,4,4-195497-B-11.wav,11,sea waves,11,sea waves,sea waves; glass breaking; vacuum cleaner,0.5131200551986694
Zero-Shot CLAP,4,4-195707-A-13.wav,13,crickets,13,crickets,crickets; insects; frog,0.5151210427284241
Zero-Shot CLAP,4,4-195805-A-13.wav,13,crickets,13,crickets,crickets; insects; frog,0.37678682804107666
Zero-Shot CLAP,4,4-196671-A-8.wav,8,sheep,8,sheep,sheep; cow; rooster,0.4934355318546295
Zero-Shot CLAP,4,4-196671-B-8.wav,8,sheep,8,sheep,sheep; cow; hen,0.613300085067749
Zero-Shot CLAP,4,4-196672-A-8.wav,8,sheep,8,sheep,sheep; cow; crow,0.6202256083488464
Zero-Shot CLAP,4,4-197103-A-6.wav,6,hen,6,hen,hen; rooster; cow,0.402421236038208
Zero-Shot CLAP,4,4-197454-A-28.wav,28,snoring,28,snoring,snoring; rooster; drinking sipping,0.5013632774353027
Zero-Shot CLAP,4,4-197454-B-28.wav,28,snoring,28,snoring,snoring; rooster; pig,0.49997010827064514
Zero-Shot CLAP,4,4-197871-A-15.wav,15,water drops,15,water drops,water drops; pouring water; cat,0.5641342401504517
Zero-Shot CLAP,4,4-198025-A-23.wav,23,breathing,23,breathing,breathing; coughing; sneezing,0.41487231850624084
Zero-Shot CLAP,4,4-198360-A-49.wav,49,hand saw,49,hand saw,hand saw; chainsaw; vacuum cleaner,0.6171402931213379
Zero-Shot CLAP,4,4-198360-B-49.wav,49,hand saw,49,hand saw,hand saw; chainsaw; brushing teeth,0.6537013053894043
Zero-Shot CLAP,4,4-198360-C-49.wav,49,hand saw,49,hand saw,hand saw; chainsaw; brushing teeth,0.6352492570877075
Zero-Shot CLAP,4,4-198841-A-37.wav,37,clock alarm,37,clock alarm,clock alarm; frog; clock tick,0.6094642281532288
Zero-Shot CLAP,4,4-198962-A-25.wav,25,footsteps,30,door wood knock,door wood knock; footsteps; door wood creaks,0.4346027672290802
Zero-Shot CLAP,4,4-198962-B-25.wav,25,footsteps,30,door wood knock,door wood knock; door wood creaks; footsteps,0.47906553745269775
Zero-Shot CLAP,4,4-198965-A-38.wav,38,clock tick,38,clock tick,clock tick; clock alarm; mouse click,0.524206280708313
Zero-Shot CLAP,4,4-199261-A-0.wav,0,dog,6,hen,hen; rooster; dog,0.1889992505311966
Zero-Shot CLAP,4,4-200330-A-6.wav,6,hen,6,hen,hen; rooster; clapping,0.5347819924354553
Zero-Shot CLAP,4,4-200330-B-6.wav,6,hen,6,hen,hen; chirping birds; rooster,0.5237879157066345
Zero-Shot CLAP,4,4-201300-A-31.wav,31,mouse click,31,mouse click,mouse click; door wood creaks; keyboard typing,0.5093079209327698
Zero-Shot CLAP,4,4-201800-A-31.wav,31,mouse click,31,mouse click,mouse click; keyboard typing; clock tick,0.44876760244369507
Zero-Shot CLAP,4,4-201988-A-44.wav,44,engine,47,airplane,airplane; engine; crackling fire,0.2810123562812805
Zero-Shot CLAP,4,4-202298-A-31.wav,31,mouse click,31,mouse click,mouse click; keyboard typing; frog,0.43746882677078247
Zero-Shot CLAP,4,4-202749-A-13.wav,13,crickets,13,crickets,crickets; insects; frog,0.5111805200576782
Zero-Shot CLAP,4,4-204115-A-39.wav,39,glass breaking,39,glass breaking,glass breaking; door wood creaks; can opening,0.4480017125606537
Zero-Shot CLAP,4,4-204119-A-39.wav,39,glass breaking,39,glass breaking,glass breaking; can opening; cat,0.46000170707702637
Zero-Shot CLAP,4,4-204121-A-39.wav,39,glass breaking,39,glass breaking,glass breaking; can opening; cat,0.4464651346206665
Zero-Shot CLAP,4,4-204123-A-39.wav,39,glass breaking,39,glass breaking,glass breaking; can opening; sneezing,0.46660852432250977
Zero-Shot CLAP,4,4-204202-A-29.wav,29,drinking sipping,29,drinking sipping,drinking sipping; pig; coughing,0.3854368329048157
Zero-Shot CLAP,4,4-204612-A-31.wav,31,mouse click,31,mouse click,mouse click; clock tick; water drops,0.45976269245147705
Zero-Shot CLAP,4,4-204618-A-11.wav,11,sea waves,11,sea waves,sea waves; washing machine; water drops,0.5648621916770935
Zero-Shot CLAP,4,4-204683-A-31.wav,31,mouse click,38,clock tick,clock tick; water drops; mouse click,0.5276563167572021
Zero-Shot CLAP,4,4-204684-A-37.wav,37,clock alarm,37,clock alarm,clock alarm; church bells; water drops,0.5461758971214294
Zero-Shot CLAP,4,4-204777-A-39.wav,39,glass breaking,39,glass breaking,glass breaking; cat; can opening,0.5038840770721436
Zero-Shot CLAP,4,4-204777-B-39.wav,39,glass breaking,39,glass breaking,glass breaking; cat; can opening,0.5418291091918945
Zero-Shot CLAP,4,4-204777-C-39.wav,39,glass breaking,39,glass breaking,glass breaking; cat; can opening,0.5484209060668945
Zero-Shot CLAP,4,4-204830-A-6.wav,6,hen,6,hen,hen; rooster; laughing,0.5241622924804688
Zero-Shot CLAP,4,4-205526-A-23.wav,23,breathing,23,breathing,breathing; coughing; rain,0.423883318901062
Zero-Shot CLAP,4,4-205526-B-23.wav,23,breathing,23,breathing,breathing; coughing; snoring,0.4358252286911011
Zero-Shot CLAP,4,4-205738-A-22.wav,22,clapping,22,clapping,clapping; brushing teeth; laughing,0.5693058967590332
Zero-Shot CLAP,4,4-207116-A-23.wav,23,breathing,23,breathing,breathing; snoring; coughing,0.3750670850276947
Zero-Shot CLAP,4,4-207124-A-0.wav,0,dog,0,dog,dog; rooster; hen,0.21256598830223083
Zero-Shot CLAP,4,4-208021-A-1.wav,1,rooster,1,rooster,rooster; hen; cow,0.5055480003356934
Zero-Shot CLAP,4,4-209536-A-37.wav,37,clock alarm,37,clock alarm,clock alarm; church bells; clock tick,0.6058864593505859
Zero-Shot CLAP,4,4-209698-A-37.wav,37,clock alarm,37,clock alarm,clock alarm; church bells; siren,0.5558103322982788
Zero-Shot CLAP,4,4-210000-A-23.wav,23,breathing,28,snoring,snoring; breathing; crickets,0.4017244875431061
Zero-Shot CLAP,4,4-210000-B-23.wav,23,breathing,23,breathing,breathing; snoring; coughing,0.40281108021736145
Zero-Shot CLAP,4,4-210309-A-31.wav,31,mouse click,31,mouse click,mouse click; clock tick; door wood creaks,0.5049722194671631
Zero-Shot CLAP,4,4-210593-A-29.wav,29,drinking sipping,29,drinking sipping,drinking sipping; pig; frog,0.5269522666931152
Zero-Shot CLAP,4,4-211502-A-30.wav,30,door wood knock,30,door wood knock,door wood knock; door wood creaks; rooster,0.5386850833892822
Zero-Shot CLAP,4,4-212604-A-15.wav,15,water drops,15,water drops,water drops; pouring water; frog,0.5542634725570679
Zero-Shot CLAP,4,4-212604-B-15.wav,15,water drops,15,water drops,water drops; pouring water; drinking sipping,0.41824808716773987
Zero-Shot CLAP,4,4-212604-C-15.wav,15,water drops,15,water drops,water drops; pouring water; drinking sipping,0.5044172406196594
Zero-Shot CLAP,4,4-212698-A-39.wav,39,glass breaking,39,glass breaking,glass breaking; can opening; cat,0.5125958323478699
Zero-Shot CLAP,4,4-212728-A-34.wav,34,can opening,34,can opening,can opening; brushing teeth; pouring water,0.3434000611305237
Zero-Shot CLAP,4,4-213193-A-29.wav,29,drinking sipping,29,drinking sipping,drinking sipping; water drops; coughing,0.442679226398468
Zero-Shot CLAP,4,4-213915-A-3.wav,3,cow,3,cow,cow; rooster; snoring,0.417133092880249
Zero-Shot CLAP,4,4-213915-B-3.wav,3,cow,3,cow,cow; rooster; sheep,0.4451369643211365
Zero-Shot CLAP,4,4-213915-C-3.wav,3,cow,3,cow,cow; rooster; chainsaw,0.41792547702789307
Zero-Shot CLAP,4,4-215635-A-34.wav,34,can opening,34,can opening,can opening; brushing teeth; mouse click,0.3674803078174591
Zero-Shot CLAP,4,4-216211-A-14.wav,14,chirping birds,13,crickets,crickets; insects; frog,0.38625043630599976
Zero-Shot CLAP,4,4-216349-A-34.wav,34,can opening,31,mouse click,mouse click; can opening; brushing teeth,0.3442051410675049
Zero-Shot CLAP,4,4-218199-A-35.wav,35,washing machine,35,washing machine,washing machine; engine; water drops,0.4613490402698517
Zero-Shot CLAP,4,4-218199-B-35.wav,35,washing machine,44,engine,engine; door wood creaks; cat,0.3372069001197815
Zero-Shot CLAP,4,4-218199-C-35.wav,35,washing machine,40,helicopter,helicopter; airplane; washing machine,0.2432122379541397
Zero-Shot CLAP,4,4-218199-D-35.wav,35,washing machine,40,helicopter,helicopter; siren; engine,0.3885963559150696
Zero-Shot CLAP,4,4-218199-E-35.wav,35,washing machine,35,washing machine,washing machine; water drops; pouring water,0.436453640460968
Zero-Shot CLAP,4,4-218199-F-35.wav,35,washing machine,35,washing machine,washing machine; door wood knock; drinking sipping,0.38074570894241333
Zero-Shot CLAP,4,4-218199-G-35.wav,35,washing machine,35,washing machine,washing machine; engine; pouring water,0.37810155749320984
Zero-Shot CLAP,4,4-218199-H-35.wav,35,washing machine,40,helicopter,helicopter; cat; engine,0.28301626443862915
Zero-Shot CLAP,4,4-218304-A-25.wav,25,footsteps,25,footsteps,footsteps; cat; water drops,0.2782738208770752
Zero-Shot CLAP,4,4-218304-B-25.wav,25,footsteps,25,footsteps,footsteps; chainsaw; hand saw,0.2596375644207001
Zero-Shot CLAP,4,4-223125-A-14.wav,14,chirping birds,27,brushing teeth,brushing teeth; chirping birds; vacuum cleaner,0.2977398633956909
Zero-Shot CLAP,4,4-223127-A-14.wav,14,chirping birds,14,chirping birds,chirping birds; crow; hen,0.4148423671722412
Zero-Shot CLAP,4,4-232495-A-6.wav,6,hen,6,hen,hen; laughing; rooster,0.4790699779987335
Zero-Shot CLAP,4,4-234644-A-2.wav,2,pig,2,pig,pig; rooster; hen,0.5538526773452759
Zero-Shot CLAP,4,4-234879-A-6.wav,6,hen,6,hen,hen; rooster; frog,0.4779244661331177
Zero-Shot CLAP,4,4-244318-A-6.wav,6,hen,6,hen,hen; rooster; clapping,0.4080359935760498
Zero-Shot CLAP,4,4-250864-A-8.wav,8,sheep,3,cow,cow; sheep; crow,0.5369445085525513
Zero-Shot CLAP,4,4-250869-A-2.wav,2,pig,2,pig,pig; laughing; drinking sipping,0.5810792446136475
Zero-Shot CLAP,4,4-250869-B-2.wav,2,pig,2,pig,pig; rooster; hen,0.4982069134712219
Zero-Shot CLAP,4,4-250869-C-2.wav,2,pig,2,pig,pig; hen; rooster,0.4831188917160034
Zero-Shot CLAP,4,4-251645-A-49.wav,49,hand saw,49,hand saw,hand saw; chainsaw; brushing teeth,0.5773018598556519
Zero-Shot CLAP,4,4-251645-B-49.wav,49,hand saw,49,hand saw,hand saw; chainsaw; brushing teeth,0.6295539140701294
Zero-Shot CLAP,4,4-251959-A-47.wav,47,airplane,47,airplane,airplane; train; sea waves,0.1362152397632599
Zero-Shot CLAP,4,4-253649-A-6.wav,6,hen,6,hen,hen; cat; crying baby,0.4608868956565857
Zero-Shot CLAP,4,4-255371-A-47.wav,47,airplane,47,airplane,airplane; engine; glass breaking,0.3823148012161255
Zero-Shot CLAP,4,4-261068-A-30.wav,30,door wood knock,30,door wood knock,door wood knock; door wood creaks; cow,0.4518291652202606
Zero-Shot CLAP,4,4-264453-A-34.wav,34,can opening,34,can opening,can opening; coughing; pouring water,0.2652069926261902
Zero-Shot CLAP,4,4-59579-A-20.wav,20,crying baby,20,crying baby,crying baby; cat; laughing,0.3820304274559021
Zero-Shot CLAP,4,4-59579-B-20.wav,20,crying baby,20,crying baby,crying baby; laughing; cat,0.4481119215488434
Zero-Shot CLAP,4,4-67358-A-42.wav,42,siren,42,siren,siren; cat; car horn,0.5502254366874695
Zero-Shot CLAP,4,4-80761-A-42.wav,42,siren,42,siren,siren; car horn; airplane,0.3768399953842163
Zero-Shot CLAP,4,4-90014-A-42.wav,42,siren,42,siren,siren; car horn; airplane,0.5050603747367859
Zero-Shot CLAP,4,4-90014-B-42.wav,42,siren,42,siren,siren; car horn; door wood creaks,0.5042988061904907
Zero-Shot CLAP,4,4-99193-A-4.wav,4,frog,4,frog,frog; rooster; hen,0.41630780696868896
Zero-Shot CLAP,4,4-99193-B-4.wav,4,frog,4,frog,frog; rooster; crickets,0.465177059173584
Zero-Shot CLAP,4,4-99644-A-4.wav,4,frog,4,frog,frog; crow; cat,0.4897940158843994
Zero-Shot CLAP,4,4-99644-B-4.wav,4,frog,4,frog,frog; rooster; crickets,0.5373944044113159
Zero-Shot CLAP,4,4-99644-C-4.wav,4,frog,4,frog,frog; rooster; cat,0.4755527973175049
Zero-Shot CLAP,4,4-99644-D-4.wav,4,frog,4,frog,frog; rooster; crickets,0.5033756494522095
Proto-LC,4,4-102844-A-49.wav,49,hand saw,49,hand saw,hand saw; chainsaw; brushing teeth,0.9428975582122803
Proto-LC,4,4-102844-B-49.wav,49,hand saw,49,hand saw,hand saw; chainsaw; brushing teeth,0.9288367033004761
Proto-LC,4,4-102844-C-49.wav,49,hand saw,49,hand saw,hand saw; chainsaw; brushing teeth,0.9144832491874695
Proto-LC,4,4-102871-A-42.wav,42,siren,42,siren,siren; airplane; car horn,0.7338497638702393
Proto-LC,4,4-107117-A-33.wav,33,door wood creaks,33,door wood creaks,door wood creaks; door wood knock; crying baby,0.7393627166748047
Proto-LC,4,4-107120-A-33.wav,33,door wood creaks,33,door wood creaks,door wood creaks; door wood knock; can opening,0.8093792200088501
Proto-LC,4,4-107122-A-33.wav,33,door wood creaks,33,door wood creaks,door wood creaks; door wood knock; crying baby,0.8058608174324036
Proto-LC,4,4-108352-A-33.wav,33,door wood creaks,33,door wood creaks,door wood creaks; water drops; pouring water,0.7479326725006104
Proto-LC,4,4-111671-A-42.wav,42,siren,42,siren,siren; cat; car horn,0.8541092276573181
Proto-LC,4,4-111671-B-42.wav,42,siren,42,siren,siren; car horn; clock alarm,0.8375556468963623
Proto-LC,4,4-117627-A-25.wav,25,footsteps,25,footsteps,footsteps; drinking sipping; crow,0.5053727626800537
Proto-LC,4,4-117630-A-25.wav,25,footsteps,25,footsteps,footsteps; chainsaw; sea waves,0.5677574276924133
Proto-LC,4,4-119647-A-48.wav,48,fireworks,48,fireworks,fireworks; thunderstorm; sneezing,0.8487194180488586
Proto-LC,4,4-119647-B-48.wav,48,fireworks,48,fireworks,fireworks; thunderstorm; door wood knock,0.8753286600112915
Proto-LC,4,4-119647-C-48.wav,48,fireworks,48,fireworks,fireworks; thunderstorm; clapping,0.9231377840042114
Proto-LC,4,4-119647-D-48.wav,48,fireworks,48,fireworks,fireworks; thunderstorm; crackling fire,0.9059408903121948
Proto-LC,4,4-119648-A-48.wav,48,fireworks,48,fireworks,fireworks; door wood knock; footsteps,0.8041142821311951
Proto-LC,4,4-119648-B-48.wav,48,fireworks,48,fireworks,fireworks; clapping; thunderstorm,0.8687769174575806
Proto-LC,4,4-119648-C-48.wav,48,fireworks,48,fireworks,fireworks; footsteps; thunderstorm,0.8811795115470886
Proto-LC,4,4-119648-D-48.wav,48,fireworks,48,fireworks,fireworks; thunderstorm; clapping,0.9219753742218018
Proto-LC,4,4-119720-A-18.wav,18,toilet flush,18,toilet flush,toilet flush; pouring water; washing machine,0.91966712474823
Proto-LC,4,4-120160-A-5.wav,5,cat,5,cat,cat; crow; rooster,0.8414345383644104
Proto-LC,4,4-121532-A-42.wav,42,siren,42,siren,siren; thunderstorm; door wood creaks,0.7786613702774048
Proto-LC,4,4-123680-A-18.wav,18,toilet flush,18,toilet flush,toilet flush; washing machine; pouring water,0.8732715845108032
Proto-LC,4,4-125070-A-19.wav,19,thunderstorm,19,thunderstorm,thunderstorm; rain; fireworks,0.9244179129600525
Proto-LC,4,4-125071-A-19.wav,19,thunderstorm,19,thunderstorm,thunderstorm; wind; rain,0.8469210267066956
Proto-LC,4,4-125072-A-19.wav,19,thunderstorm,19,thunderstorm,thunderstorm; fireworks; rain,0.912289559841156
Proto-LC,4,4-125072-B-19.wav,19,thunderstorm,19,thunderstorm,thunderstorm; fireworks; wind,0.9050743579864502
Proto-LC,4,4-125825-A-46.wav,46,church bells,46,church bells,church bells; clock alarm; clock tick,0.694684624671936
Proto-LC,4,4-125825-B-46.wav,46,church bells,46,church bells,church bells; clock alarm; crying baby,0.75425124168396
Proto-LC,4,4-125929-A-40.wav,40,helicopter,40,helicopter,helicopter; airplane; train,0.7162445783615112
Proto-LC,4,4-126046-A-18.wav,18,toilet flush,18,toilet flush,toilet flush; washing machine; pouring water,0.902511477470398
Proto-LC,4,4-126532-A-18.wav,18,toilet flush,18,toilet flush,toilet flush; washing machine; pouring water,0.9053462743759155
Proto-LC,4,4-128659-A-33.wav,33,door wood creaks,33,door wood creaks,door wood creaks; clock tick; mouse click,0.5343343019485474
Proto-LC,4,4-130584-A-4.wav,4,frog,4,frog,frog; insects; crickets,0.7574766874313354
Proto-LC,4,4-130891-A-7.wav,7,insects,7,insects,insects; brushing teeth; coughing,0.5478866100311279
Proto-LC,4,4-132383-A-2.wav,2,pig,2,pig,pig; dog; hen,0.9190349578857422
Proto-LC,4,4-132383-B-2.wav,2,pig,2,pig,pig; dog; hen,0.8797274827957153
Proto-LC,4,4-132803-A-26.wav,26,laughing,26,laughing,laughing; hen; clapping,0.803698718547821
Proto-LC,4,4-132810-A-26.wav,26,laughing,26,laughing,laughing; crying baby; coughing,0.7886523008346558
Proto-LC,4,4-132816-A-26.wav,26,laughing,26,laughing,laughing; crying baby; hen,0.7960047721862793
Proto-LC,4,4-132839-A-33.wav,33,door wood creaks,33,door wood creaks,door wood creaks; rooster; door wood knock,0.559273362159729
Proto-LC,4,4-133047-A-5.wav,5,cat,5,cat,cat; sheep; crow,0.7880126237869263
Proto-LC,4,4-133047-B-5.wav,5,cat,20,crying baby,crying baby; cat; sheep,0.7008060812950134
Proto-LC,4,4-133047-C-5.wav,5,cat,5,cat,cat; crying baby; snoring,0.7185415625572205
Proto-LC,4,4-133674-A-26.wav,26,laughing,26,laughing,laughing; breathing; rooster,0.6695296764373779
Proto-LC,4,4-133895-A-7.wav,7,insects,27,brushing teeth,brushing teeth; insects; hand saw,0.46786051988601685
Proto-LC,4,4-135439-A-18.wav,18,toilet flush,18,toilet flush,toilet flush; pouring water; washing machine,0.9330356121063232
Proto-LC,4,4-136381-A-9.wav,9,crow,9,crow,crow; chirping birds; rooster,0.9344931840896606
Proto-LC,4,4-138344-A-9.wav,9,crow,9,crow,crow; chirping birds; hen,0.9013966917991638
Proto-LC,4,4-140034-A-46.wav,46,church bells,46,church bells,church bells; car horn; thunderstorm,0.9412788152694702
Proto-LC,4,4-141365-A-18.wav,18,toilet flush,18,toilet flush,toilet flush; pouring water; washing machine,0.9093389511108398
Proto-LC,4,4-143118-A-7.wav,7,insects,7,insects,insects; crickets; door wood creaks,0.5268498659133911
Proto-LC,4,4-143118-B-7.wav,7,insects,16,wind,wind; footsteps; door wood knock,0.4884999990463257
Proto-LC,4,4-144083-A-16.wav,16,wind,16,wind,wind; airplane; siren,0.652120053768158
Proto-LC,4,4-144083-B-16.wav,16,wind,16,wind,wind; chirping birds; crow,0.6886559128761292
Proto-LC,4,4-144083-C-16.wav,16,wind,16,wind,wind; siren; thunderstorm,0.6307697296142578
Proto-LC,4,4-144085-A-16.wav,16,wind,42,siren,siren; wind; thunderstorm,0.6624173521995544
Proto-LC,4,4-144468-A-27.wav,27,brushing teeth,27,brushing teeth,brushing teeth; water drops; hand saw,0.8502258062362671
Proto-LC,4,4-144468-B-27.wav,27,brushing teeth,27,brushing teeth,brushing teeth; pouring water; drinking sipping,0.7313395142555237
Proto-LC,4,4-145006-A-18.wav,18,toilet flush,18,toilet flush,toilet flush; washing machine; pouring water,0.9145565032958984
Proto-LC,4,4-145081-A-9.wav,9,crow,9,crow,crow; chirping birds; hen,0.8972588777542114
Proto-LC,4,4-146200-A-36.wav,36,vacuum cleaner,36,vacuum cleaner,vacuum cleaner; engine; airplane,0.8149070739746094
Proto-LC,4,4-147240-A-2.wav,2,pig,2,pig,pig; dog; sheep,0.816734790802002
Proto-LC,4,4-147240-B-2.wav,2,pig,2,pig,pig; dog; hen,0.8373522758483887
Proto-LC,4,4-147657-A-46.wav,46,church bells,46,church bells,church bells; car horn; wind,0.7614326477050781
Proto-LC,4,4-147658-A-46.wav,46,church bells,46,church bells,church bells; thunderstorm; car horn,0.9482497572898865
Proto-LC,4,4-149294-A-41.wav,41,chainsaw,44,engine,engine; chainsaw; vacuum cleaner,0.6354990005493164
Proto-LC,4,4-149294-B-41.wav,41,chainsaw,41,chainsaw,chainsaw; engine; vacuum cleaner,0.5789176225662231
Proto-LC,4,4-149940-A-5.wav,5,cat,5,cat,cat; crying baby; snoring,0.8115232586860657
Proto-LC,4,4-149940-B-5.wav,5,cat,5,cat,cat; crow; crying baby,0.9090961813926697
Proto-LC,4,4-150364-A-46.wav,46,church bells,46,church bells,church bells; car horn; thunderstorm,0.9177088141441345
Proto-LC,4,4-150364-B-46.wav,46,church bells,46,church bells,church bells; car horn; thunderstorm,0.8960666656494141
Proto-LC,4,4-151242-A-37.wav,37,clock alarm,37,clock alarm,clock alarm; clock tick; mouse click,0.8848332762718201
Proto-LC,4,4-152958-A-18.wav,18,toilet flush,18,toilet flush,toilet flush; washing machine; pouring water,0.8716984987258911
Proto-LC,4,4-152995-A-24.wav,24,coughing,24,coughing,coughing; laughing; drinking sipping,0.8879938125610352
Proto-LC,4,4-154405-A-27.wav,27,brushing teeth,27,brushing teeth,brushing teeth; drinking sipping; washing machine,0.8805572986602783
Proto-LC,4,4-154405-B-27.wav,27,brushing teeth,27,brushing teeth,brushing teeth; washing machine; pouring water,0.9068289399147034
Proto-LC,4,4-154443-A-24.wav,24,coughing,24,coughing,coughing; sneezing; laughing,0.7898492813110352
Proto-LC,4,4-154793-A-4.wav,4,frog,4,frog,frog; insects; crickets,0.9068097472190857
Proto-LC,4,4-155650-A-24.wav,24,coughing,24,coughing,coughing; breathing; crying baby,0.8249553442001343
Proto-LC,4,4-155650-B-24.wav,24,coughing,24,coughing,coughing; laughing; sneezing,0.7703777551651001
Proto-LC,4,4-155670-A-26.wav,26,laughing,26,laughing,laughing; crying baby; clapping,0.706994891166687
Proto-LC,4,4-156227-A-9.wav,9,crow,9,crow,crow; chirping birds; wind,0.9222685098648071
Proto-LC,4,4-156827-A-46.wav,46,church bells,46,church bells,church bells; thunderstorm; car horn,0.893471896648407
Proto-LC,4,4-156843-A-21.wav,21,sneezing,21,sneezing,sneezing; coughing; can opening,0.7315775156021118
Proto-LC,4,4-156844-A-21.wav,21,sneezing,21,sneezing,sneezing; coughing; breathing,0.7673578858375549
Proto-LC,4,4-156993-A-19.wav,19,thunderstorm,19,thunderstorm,thunderstorm; rain; fireworks,0.8602232933044434
Proto-LC,4,4-157296-A-24.wav,24,coughing,24,coughing,coughing; laughing; drinking sipping,0.8533662557601929
Proto-LC,4,4-157297-A-21.wav,21,sneezing,21,sneezing,sneezing; coughing; cat,0.8232840895652771
Proto-LC,4,4-157611-A-41.wav,41,chainsaw,44,engine,engine; chainsaw; vacuum cleaner,0.7347840070724487
Proto-LC,4,4-157611-B-41.wav,41,chainsaw,44,engine,engine; helicopter; vacuum cleaner,0.7495071887969971
Proto-LC,4,4-158653-A-32.wav,32,keyboard typing,32,keyboard typing,keyboard typing; mouse click; frog,0.8700859546661377
Proto-LC,4,4-159426-A-9.wav,9,crow,9,crow,crow; chirping birds; rooster,0.9558542966842651
Proto-LC,4,4-159609-A-14.wav,14,chirping birds,14,chirping birds,chirping birds; crow; wind,0.8669354319572449
Proto-LC,4,4-159609-B-14.wav,14,chirping birds,14,chirping birds,chirping birds; crow; hen,0.8100635409355164
Proto-LC,4,4-160036-A-33.wav,33,door wood creaks,33,door wood creaks,door wood creaks; door wood knock; clock tick,0.6004457473754883
Proto-LC,4,4-160036-B-33.wav,33,door wood creaks,33,door wood creaks,door wood creaks; wind; thunderstorm,0.654517412185669
Proto-LC,4,4-160999-A-10.wav,10,rain,10,rain,rain; washing machine; engine,0.7019616961479187
Proto-LC,4,4-161099-A-47.wav,47,airplane,47,airplane,airplane; helicopter; wind,0.8348453044891357
Proto-LC,4,4-161099-B-47.wav,47,airplane,47,airplane,airplane; helicopter; thunderstorm,0.8333594799041748
Proto-LC,4,4-161100-A-47.wav,47,airplane,47,airplane,airplane; helicopter; wind,0.8348934650421143
Proto-LC,4,4-161103-A-47.wav,47,airplane,47,airplane,airplane; helicopter; engine,0.8122603893280029
Proto-LC,4,4-161105-A-47.wav,47,airplane,47,airplane,airplane; helicopter; engine,0.8937574625015259
Proto-LC,4,4-161105-B-47.wav,47,airplane,47,airplane,airplane; helicopter; engine,0.8467757701873779
Proto-LC,4,4-161127-A-10.wav,10,rain,10,rain,rain; wind; sea waves,0.7674271464347839
Proto-LC,4,4-161303-A-5.wav,5,cat,5,cat,cat; crow; frog,0.7744349241256714
Proto-LC,4,4-161303-B-5.wav,5,cat,5,cat,cat; crow; rooster,0.8832672834396362
Proto-LC,4,4-161519-A-19.wav,19,thunderstorm,19,thunderstorm,thunderstorm; fireworks; church bells,0.8789483904838562
Proto-LC,4,4-161579-A-40.wav,40,helicopter,44,engine,engine; helicopter; airplane,0.5664316415786743
Proto-LC,4,4-161579-B-40.wav,40,helicopter,40,helicopter,helicopter; airplane; engine,0.8221770524978638
Proto-LC,4,4-163264-A-10.wav,10,rain,10,rain,rain; sea waves; wind,0.7806745767593384
Proto-LC,4,4-163606-A-16.wav,16,wind,16,wind,wind; thunderstorm; sea waves,0.6233320832252502
Proto-LC,4,4-163608-B-16.wav,16,wind,16,wind,wind; sea waves; rain,0.7804620265960693
Proto-LC,4,4-163609-A-16.wav,16,wind,16,wind,wind; thunderstorm; airplane,0.7421402931213379
Proto-LC,4,4-163609-B-16.wav,16,wind,16,wind,wind; thunderstorm; sea waves,0.6393703818321228
Proto-LC,4,4-163697-A-13.wav,13,crickets,13,crickets,crickets; insects; chirping birds,0.6927362680435181
Proto-LC,4,4-164021-A-1.wav,1,rooster,1,rooster,rooster; hen; cow,0.8028398752212524
Proto-LC,4,4-164064-A-1.wav,1,rooster,1,rooster,rooster; hen; cow,0.8219030499458313
Proto-LC,4,4-164064-B-1.wav,1,rooster,6,hen,hen; rooster; chirping birds,0.8391912579536438
Proto-LC,4,4-164064-C-1.wav,1,rooster,1,rooster,rooster; hen; cow,0.831786036491394
Proto-LC,4,4-164206-A-10.wav,10,rain,10,rain,rain; water drops; wind,0.8945426940917969
Proto-LC,4,4-164243-A-26.wav,26,laughing,26,laughing,laughing; crying baby; clapping,0.8314134478569031
Proto-LC,4,4-164661-A-12.wav,12,crackling fire,12,crackling fire,crackling fire; rain; washing machine,0.7841453552246094
Proto-LC,4,4-164661-B-12.wav,12,crackling fire,12,crackling fire,crackling fire; can opening; rain,0.8086791038513184
Proto-LC,4,4-164859-A-1.wav,1,rooster,1,rooster,rooster; hen; dog,0.7983971834182739
Proto-LC,4,4-165606-A-45.wav,45,train,45,train,train; engine; wind,0.8019824028015137
Proto-LC,4,4-165791-A-45.wav,45,train,45,train,train; wind; footsteps,0.9024463891983032
Proto-LC,4,4-165791-B-45.wav,45,train,45,train,train; washing machine; engine,0.9004309177398682
Proto-LC,4,4-165813-A-19.wav,19,thunderstorm,19,thunderstorm,thunderstorm; fireworks; wind,0.9430475831031799
Proto-LC,4,4-165813-B-19.wav,19,thunderstorm,19,thunderstorm,thunderstorm; fireworks; church bells,0.9189198017120361
Proto-LC,4,4-165823-A-41.wav,41,chainsaw,41,chainsaw,chainsaw; hand saw; engine,0.9369563460350037
Proto-LC,4,4-165823-B-41.wav,41,chainsaw,41,chainsaw,chainsaw; hand saw; engine,0.908868670463562
Proto-LC,4,4-165845-A-45.wav,45,train,45,train,train; footsteps; engine,0.7831835746765137
Proto-LC,4,4-165845-B-45.wav,45,train,45,train,train; footsteps; car horn,0.8440548181533813
Proto-LC,4,4-165933-A-45.wav,45,train,45,train,train; footsteps; door wood knock,0.6986796855926514
Proto-LC,4,4-166661-A-10.wav,10,rain,10,rain,rain; wind; sea waves,0.8735383749008179
Proto-LC,4,4-167063-A-11.wav,11,sea waves,11,sea waves,sea waves; wind; rain,0.8684034943580627
Proto-LC,4,4-167063-B-11.wav,11,sea waves,11,sea waves,sea waves; wind; rain,0.9300791025161743
Proto-LC,4,4-167063-C-11.wav,11,sea waves,11,sea waves,sea waves; wind; frog,0.896804690361023
Proto-LC,4,4-167077-A-20.wav,20,crying baby,20,crying baby,crying baby; coughing; laughing,0.7741403579711914
Proto-LC,4,4-167077-B-20.wav,20,crying baby,20,crying baby,crying baby; cat; clock alarm,0.8648078441619873
Proto-LC,4,4-167077-C-20.wav,20,crying baby,20,crying baby,crying baby; clock alarm; cat,0.9038116931915283
Proto-LC,4,4-167155-A-32.wav,32,keyboard typing,32,keyboard typing,keyboard typing; mouse click; pouring water,0.8799443244934082
Proto-LC,4,4-167571-A-26.wav,26,laughing,26,laughing,laughing; snoring; coughing,0.7587885856628418
Proto-LC,4,4-167642-A-21.wav,21,sneezing,21,sneezing,sneezing; coughing; breathing,0.905009388923645
Proto-LC,4,4-168155-A-15.wav,15,water drops,15,water drops,water drops; pouring water; drinking sipping,0.7758101224899292
Proto-LC,4,4-168446-A-45.wav,45,train,45,train,train; footsteps; wind,0.9033781886100769
Proto-LC,4,4-168868-A-17.wav,17,pouring water,17,pouring water,pouring water; water drops; drinking sipping,0.8650935888290405
Proto-LC,4,4-169127-A-41.wav,41,chainsaw,41,chainsaw,chainsaw; hand saw; engine,0.8389753103256226
Proto-LC,4,4-169127-B-41.wav,41,chainsaw,41,chainsaw,chainsaw; hand saw; engine,0.8723057508468628
Proto-LC,4,4-169508-A-37.wav,37,clock alarm,37,clock alarm,clock alarm; church bells; clock tick,0.8261497020721436
Proto-LC,4,4-169726-A-24.wav,24,coughing,24,coughing,coughing; sneezing; laughing,0.9053833484649658
Proto-LC,4,4-170078-A-1.wav,1,rooster,1,rooster,rooster; hen; dog,0.8229865431785583
Proto-LC,4,4-170247-A-12.wav,12,crackling fire,12,crackling fire,crackling fire; rain; thunderstorm,0.9000665545463562
Proto-LC,4,4-170247-B-12.wav,12,crackling fire,12,crackling fire,crackling fire; thunderstorm; rain,0.8460138440132141
Proto-LC,4,4-171207-A-12.wav,12,crackling fire,12,crackling fire,crackling fire; rain; thunderstorm,0.8327287435531616
Proto-LC,4,4-171396-A-24.wav,24,coughing,24,coughing,coughing; laughing; drinking sipping,0.8657065629959106
Proto-LC,4,4-171519-A-21.wav,21,sneezing,21,sneezing,sneezing; coughing; can opening,0.8328943848609924
Proto-LC,4,4-171652-A-44.wav,44,engine,41,chainsaw,chainsaw; hand saw; engine,0.8064804077148438
Proto-LC,4,4-171706-A-23.wav,23,breathing,23,breathing,breathing; snoring; laughing,0.8246613144874573
Proto-LC,4,4-171823-A-13.wav,13,crickets,13,crickets,crickets; insects; frog,0.8385136127471924
Proto-LC,4,4-172143-A-13.wav,13,crickets,13,crickets,crickets; insects; chirping birds,0.8262237906455994
Proto-LC,4,4-172180-A-32.wav,32,keyboard typing,32,keyboard typing,keyboard typing; mouse click; frog,0.8977965116500854
Proto-LC,4,4-172366-A-37.wav,37,clock alarm,37,clock alarm,clock alarm; clock tick; crying baby,0.9053329229354858
Proto-LC,4,4-172377-A-17.wav,17,pouring water,17,pouring water,pouring water; water drops; drinking sipping,0.8721479177474976
Proto-LC,4,4-172500-A-27.wav,27,brushing teeth,27,brushing teeth,brushing teeth; washing machine; engine,0.571953296661377
Proto-LC,4,4-172500-B-27.wav,27,brushing teeth,27,brushing teeth,brushing teeth; insects; wind,0.6885131597518921
Proto-LC,4,4-172500-C-27.wav,27,brushing teeth,27,brushing teeth,brushing teeth; chirping birds; engine,0.6305890083312988
Proto-LC,4,4-172500-D-27.wav,27,brushing teeth,44,engine,engine; brushing teeth; wind,0.4719895124435425
Proto-LC,4,4-172732-A-36.wav,36,vacuum cleaner,36,vacuum cleaner,vacuum cleaner; engine; airplane,0.8982822895050049
Proto-LC,4,4-172733-A-36.wav,36,vacuum cleaner,36,vacuum cleaner,vacuum cleaner; engine; airplane,0.8560713529586792
Proto-LC,4,4-172734-A-36.wav,36,vacuum cleaner,36,vacuum cleaner,vacuum cleaner; engine; washing machine,0.8271946907043457
Proto-LC,4,4-172736-A-36.wav,36,vacuum cleaner,36,vacuum cleaner,vacuum cleaner; engine; washing machine,0.8149486184120178
Proto-LC,4,4-172736-B-36.wav,36,vacuum cleaner,36,vacuum cleaner,vacuum cleaner; engine; washing machine,0.739762008190155
Proto-LC,4,4-172742-A-32.wav,32,keyboard typing,32,keyboard typing,keyboard typing; mouse click; door wood knock,0.8903841972351074
Proto-LC,4,4-173865-A-9.wav,9,crow,9,crow,crow; chirping birds; hen,0.8960190415382385
Proto-LC,4,4-173865-B-9.wav,9,crow,9,crow,crow; chirping birds; hen,0.8751661777496338
Proto-LC,4,4-174797-A-15.wav,15,water drops,15,water drops,water drops; pouring water; drinking sipping,0.6165271997451782
Proto-LC,4,4-174860-A-3.wav,3,cow,3,cow,cow; rooster; sheep,0.694351077079773
Proto-LC,4,4-174860-B-3.wav,3,cow,3,cow,cow; rooster; sheep,0.7470237016677856
Proto-LC,4,4-175000-A-40.wav,40,helicopter,40,helicopter,helicopter; airplane; engine,0.6347748041152954
Proto-LC,4,4-175000-B-40.wav,40,helicopter,47,airplane,airplane; helicopter; engine,0.6679810285568237
Proto-LC,4,4-175000-C-40.wav,40,helicopter,40,helicopter,helicopter; airplane; engine,0.7412680387496948
Proto-LC,4,4-175025-A-34.wav,34,can opening,34,can opening,can opening; pouring water; water drops,0.7547647953033447
Proto-LC,4,4-175845-A-43.wav,43,car horn,43,car horn,car horn; crow; siren,0.8032293915748596
Proto-LC,4,4-175846-A-43.wav,43,car horn,43,car horn,car horn; clock tick; siren,0.746354341506958
Proto-LC,4,4-175855-A-43.wav,43,car horn,43,car horn,car horn; siren; clock tick,0.799859344959259
Proto-LC,4,4-175856-A-43.wav,43,car horn,43,car horn,car horn; siren; church bells,0.902461051940918
Proto-LC,4,4-175945-A-38.wav,38,clock tick,38,clock tick,clock tick; mouse click; clock alarm,0.7632066011428833
Proto-LC,4,4-176631-A-43.wav,43,car horn,43,car horn,car horn; siren; crow,0.7695391178131104
Proto-LC,4,4-176638-A-43.wav,43,car horn,43,car horn,car horn; siren; church bells,0.795856237411499
Proto-LC,4,4-176914-A-23.wav,23,breathing,23,breathing,breathing; sneezing; coughing,0.8086686134338379
Proto-LC,4,4-177243-A-32.wav,32,keyboard typing,32,keyboard typing,keyboard typing; mouse click; clapping,0.9097329378128052
Proto-LC,4,4-177250-A-10.wav,10,rain,10,rain,rain; water drops; wind,0.8441410064697266
Proto-LC,4,4-177835-A-24.wav,24,coughing,24,coughing,coughing; sneezing; laughing,0.9232946634292603
Proto-LC,4,4-178402-A-43.wav,43,car horn,43,car horn,car horn; siren; clock tick,0.811365008354187
Proto-LC,4,4-178881-A-45.wav,45,train,45,train,train; wind; engine,0.9220212697982788
Proto-LC,4,4-179836-A-34.wav,34,can opening,34,can opening,can opening; pouring water; drinking sipping,0.8155964016914368
Proto-LC,4,4-179984-A-38.wav,38,clock tick,38,clock tick,clock tick; mouse click; clock alarm,0.8544255495071411
Proto-LC,4,4-180337-A-28.wav,28,snoring,28,snoring,snoring; pig; dog,0.6790398955345154
Proto-LC,4,4-180380-A-10.wav,10,rain,10,rain,rain; water drops; pouring water,0.873589038848877
Proto-LC,4,4-180453-A-17.wav,17,pouring water,17,pouring water,pouring water; water drops; drinking sipping,0.7483582496643066
Proto-LC,4,4-181035-A-38.wav,38,clock tick,38,clock tick,clock tick; clock alarm; mouse click,0.6361004710197449
Proto-LC,4,4-181286-A-10.wav,10,rain,10,rain,rain; crackling fire; wind,0.8706200122833252
Proto-LC,4,4-181362-A-13.wav,13,crickets,13,crickets,crickets; insects; wind,0.7356791496276855
Proto-LC,4,4-181563-A-12.wav,12,crackling fire,12,crackling fire,crackling fire; rain; thunderstorm,0.8348774909973145
Proto-LC,4,4-181599-A-26.wav,26,laughing,26,laughing,laughing; crying baby; breathing,0.6981229186058044
Proto-LC,4,4-181628-A-17.wav,17,pouring water,17,pouring water,pouring water; water drops; drinking sipping,0.7798078060150146
Proto-LC,4,4-181707-A-32.wav,32,keyboard typing,32,keyboard typing,keyboard typing; mouse click; clapping,0.8700746297836304
Proto-LC,4,4-181708-A-32.wav,32,keyboard typing,32,keyboard typing,keyboard typing; mouse click; clapping,0.9015868902206421
Proto-LC,4,4-181865-A-38.wav,38,clock tick,38,clock tick,clock tick; mouse click; clock alarm,0.8292908668518066
Proto-LC,4,4-181955-A-3.wav,3,cow,3,cow,cow; rooster; sheep,0.8020750284194946
Proto-LC,4,4-181955-B-3.wav,3,cow,3,cow,cow; rooster; snoring,0.7501411437988281
Proto-LC,4,4-181955-C-3.wav,3,cow,1,rooster,rooster; cow; sheep,0.7689798474311829
Proto-LC,4,4-181999-A-36.wav,36,vacuum cleaner,36,vacuum cleaner,vacuum cleaner; airplane; helicopter,0.7735911011695862
Proto-LC,4,4-182034-A-30.wav,30,door wood knock,30,door wood knock,door wood knock; door wood creaks; footsteps,0.9071851968765259
Proto-LC,4,4-182039-A-30.wav,30,door wood knock,30,door wood knock,door wood knock; door wood creaks; footsteps,0.938956081867218
Proto-LC,4,4-182041-A-30.wav,30,door wood knock,30,door wood knock,door wood knock; door wood creaks; mouse click,0.8351519107818604
Proto-LC,4,4-182314-A-7.wav,7,insects,7,insects,insects; crickets; chirping birds,0.7362616062164307
Proto-LC,4,4-182314-B-7.wav,7,insects,7,insects,insects; crickets; wind,0.6674795150756836
Proto-LC,4,4-182368-A-12.wav,12,crackling fire,12,crackling fire,crackling fire; rain; can opening,0.8533554077148438
Proto-LC,4,4-182369-A-12.wav,12,crackling fire,12,crackling fire,crackling fire; rain; wind,0.8140087723731995
Proto-LC,4,4-182395-A-0.wav,0,dog,0,dog,dog; rooster; coughing,0.7387675046920776
Proto-LC,4,4-182613-A-11.wav,11,sea waves,11,sea waves,sea waves; wind; rain,0.9266554117202759
Proto-LC,4,4-182613-B-11.wav,11,sea waves,11,sea waves,sea waves; wind; rain,0.919052243232727
Proto-LC,4,4-182795-A-14.wav,14,chirping birds,14,chirping birds,chirping birds; crow; crickets,0.8920893669128418
Proto-LC,4,4-182839-A-17.wav,17,pouring water,17,pouring water,pouring water; water drops; washing machine,0.8675391674041748
Proto-LC,4,4-183487-A-1.wav,1,rooster,1,rooster,rooster; hen; cow,0.8212125301361084
Proto-LC,4,4-183882-A-28.wav,28,snoring,28,snoring,snoring; breathing; frog,0.8877219557762146
Proto-LC,4,4-183882-B-28.wav,28,snoring,28,snoring,snoring; breathing; drinking sipping,0.8531423807144165
Proto-LC,4,4-183992-A-0.wav,0,dog,0,dog,dog; car horn; siren,0.6869906783103943
Proto-LC,4,4-184235-A-28.wav,28,snoring,28,snoring,snoring; breathing; drinking sipping,0.8469933271408081
Proto-LC,4,4-184237-A-28.wav,28,snoring,28,snoring,snoring; breathing; drinking sipping,0.9176856279373169
Proto-LC,4,4-184434-A-21.wav,21,sneezing,21,sneezing,sneezing; coughing; dog,0.8222746849060059
Proto-LC,4,4-184575-A-0.wav,0,dog,0,dog,dog; car horn; hen,0.6311890482902527
Proto-LC,4,4-185415-A-21.wav,21,sneezing,24,coughing,coughing; sneezing; dog,0.8429680466651917
Proto-LC,4,4-185575-A-20.wav,20,crying baby,20,crying baby,crying baby; breathing; laughing,0.8255562782287598
Proto-LC,4,4-185575-B-20.wav,20,crying baby,20,crying baby,crying baby; coughing; laughing,0.8247699737548828
Proto-LC,4,4-185575-C-20.wav,20,crying baby,20,crying baby,crying baby; coughing; cat,0.8631274700164795
Proto-LC,4,4-185613-A-32.wav,32,keyboard typing,32,keyboard typing,keyboard typing; mouse click; water drops,0.7973387241363525
Proto-LC,4,4-185619-A-21.wav,21,sneezing,21,sneezing,sneezing; coughing; breathing,0.9130375385284424
Proto-LC,4,4-186518-A-30.wav,30,door wood knock,30,door wood knock,door wood knock; door wood creaks; footsteps,0.8369557857513428
Proto-LC,4,4-186693-A-17.wav,17,pouring water,17,pouring water,pouring water; water drops; drinking sipping,0.8119484186172485
Proto-LC,4,4-186935-A-44.wav,44,engine,44,engine,engine; helicopter; airplane,0.6944037675857544
Proto-LC,4,4-186936-A-44.wav,44,engine,44,engine,engine; helicopter; footsteps,0.6723290085792542
Proto-LC,4,4-186938-A-44.wav,44,engine,44,engine,engine; airplane; helicopter,0.6461682915687561
Proto-LC,4,4-186940-A-44.wav,44,engine,44,engine,engine; helicopter; airplane,0.6321606636047363
Proto-LC,4,4-186962-A-44.wav,44,engine,44,engine,engine; helicopter; airplane,0.6783562302589417
Proto-LC,4,4-187284-A-30.wav,30,door wood knock,30,door wood knock,door wood knock; footsteps; car horn,0.5955811738967896
Proto-LC,4,4-187384-A-34.wav,34,can opening,34,can opening,can opening; mouse click; glass breaking,0.7894701957702637
Proto-LC,4,4-187504-A-17.wav,17,pouring water,17,pouring water,pouring water; water drops; drinking sipping,0.8317135572433472
Proto-LC,4,4-187504-B-17.wav,17,pouring water,17,pouring water,pouring water; water drops; drinking sipping,0.8208847641944885
Proto-LC,4,4-187769-A-14.wav,14,chirping birds,14,chirping birds,chirping birds; crow; wind,0.7695414423942566
Proto-LC,4,4-187769-B-14.wav,14,chirping birds,14,chirping birds,chirping birds; crow; crickets,0.8082010746002197
Proto-LC,4,4-188003-A-34.wav,34,can opening,34,can opening,can opening; pouring water; crackling fire,0.7249020338058472
Proto-LC,4,4-188033-A-38.wav,38,clock tick,38,clock tick,clock tick; mouse click; clock alarm,0.7995239496231079
Proto-LC,4,4-188191-A-29.wav,29,drinking sipping,29,drinking sipping,drinking sipping; snoring; pouring water,0.77588951587677
Proto-LC,4,4-188191-B-29.wav,29,drinking sipping,29,drinking sipping,drinking sipping; pouring water; snoring,0.8133159279823303
Proto-LC,4,4-188191-C-29.wav,29,drinking sipping,29,drinking sipping,drinking sipping; pouring water; snoring,0.7994168996810913
Proto-LC,4,4-188287-A-9.wav,9,crow,9,crow,crow; chirping birds; hen,0.9062538146972656
Proto-LC,4,4-188293-A-15.wav,15,water drops,15,water drops,water drops; clock tick; pouring water,0.7889017462730408
Proto-LC,4,4-188293-B-15.wav,15,water drops,15,water drops,water drops; clock tick; pouring water,0.7715094089508057
Proto-LC,4,4-188595-A-29.wav,29,drinking sipping,29,drinking sipping,drinking sipping; breathing; snoring,0.8297094106674194
Proto-LC,4,4-188703-A-8.wav,8,sheep,8,sheep,sheep; cow; crow,0.8994411826133728
Proto-LC,4,4-188703-B-8.wav,8,sheep,8,sheep,sheep; cow; crow,0.884192943572998
Proto-LC,4,4-188703-C-8.wav,8,sheep,8,sheep,sheep; cow; crow,0.8604328632354736
Proto-LC,4,4-188703-D-8.wav,8,sheep,8,sheep,sheep; cow; crow,0.8758817911148071
Proto-LC,4,4-188878-A-30.wav,30,door wood knock,30,door wood knock,door wood knock; door wood creaks; mouse click,0.8248373866081238
Proto-LC,4,4-189332-A-37.wav,37,clock alarm,37,clock alarm,clock alarm; clock tick; mouse click,0.8506115674972534
Proto-LC,4,4-189828-A-22.wav,22,clapping,22,clapping,clapping; rain; laughing,0.8997923731803894
Proto-LC,4,4-189830-A-22.wav,22,clapping,22,clapping,clapping; laughing; car horn,0.7452327013015747
Proto-LC,4,4-189832-A-22.wav,22,clapping,22,clapping,clapping; laughing; rain,0.8863455057144165
Proto-LC,4,4-189832-B-22.wav,22,clapping,22,clapping,clapping; laughing; keyboard typing,0.8944169282913208
Proto-LC,4,4-189833-A-22.wav,22,clapping,22,clapping,clapping; rain; keyboard typing,0.8908147811889648
Proto-LC,4,4-189836-A-22.wav,22,clapping,22,clapping,clapping; fireworks; laughing,0.902106761932373
Proto-LC,4,4-189838-A-22.wav,22,clapping,22,clapping,clapping; laughing; fireworks,0.8855080604553223
Proto-LC,4,4-191015-A-43.wav,43,car horn,43,car horn,car horn; wind; rain,0.6721824407577515
Proto-LC,4,4-191246-A-7.wav,7,insects,7,insects,insects; brushing teeth; crickets,0.5440195798873901
Proto-LC,4,4-191246-B-7.wav,7,insects,7,insects,insects; brushing teeth; crickets,0.5924153327941895
Proto-LC,4,4-191297-A-28.wav,28,snoring,28,snoring,snoring; breathing; rooster,0.9067350625991821
Proto-LC,4,4-191327-A-38.wav,38,clock tick,38,clock tick,clock tick; clock alarm; mouse click,0.8307557106018066
Proto-LC,4,4-191687-A-0.wav,0,dog,0,dog,dog; rooster; clock alarm,0.752119243144989
Proto-LC,4,4-192068-A-31.wav,31,mouse click,31,mouse click,mouse click; keyboard typing; clock tick,0.8411996364593506
Proto-LC,4,4-192236-A-0.wav,0,dog,0,dog,dog; siren; cat,0.527084231376648
Proto-LC,4,4-193480-A-40.wav,40,helicopter,40,helicopter,helicopter; airplane; engine,0.8027551174163818
Proto-LC,4,4-193480-B-40.wav,40,helicopter,40,helicopter,helicopter; airplane; engine,0.8125370740890503
Proto-LC,4,4-194246-A-13.wav,13,crickets,13,crickets,crickets; insects; chirping birds,0.839985728263855
Proto-LC,4,4-194680-A-36.wav,36,vacuum cleaner,36,vacuum cleaner,vacuum cleaner; washing machine; engine,0.6433297991752625
Proto-LC,4,4-194711-A-38.wav,38,clock tick,38,clock tick,clock tick; clock alarm; mouse click,0.8516108989715576
Proto-LC,4,4-194754-A-0.wav,0,dog,0,dog,dog; car horn; crow,0.6536179780960083
Proto-LC,4,4-194808-A-29.wav,29,drinking sipping,29,drinking sipping,drinking sipping; breathing; coughing,0.7723993062973022
Proto-LC,4,4-194979-A-25.wav,25,footsteps,11,sea waves,sea waves; wind; footsteps,0.6177754402160645
Proto-LC,4,4-194981-A-25.wav,25,footsteps,25,footsteps,footsteps; train; wind,0.7155842781066895
Proto-LC,4,4-195305-A-31.wav,31,mouse click,31,mouse click,mouse click; keyboard typing; clock tick,0.7847509384155273
Proto-LC,4,4-195451-A-44.wav,44,engine,44,engine,engine; helicopter; chainsaw,0.7307254076004028
Proto-LC,4,4-195497-A-11.wav,11,sea waves,11,sea waves,sea waves; wind; toilet flush,0.828188419342041
Proto-LC,4,4-195497-B-11.wav,11,sea waves,11,sea waves,sea waves; wind; water drops,0.8189693689346313
Proto-LC,4,4-195707-A-13.wav,13,crickets,13,crickets,crickets; insects; chirping birds,0.8843518495559692
Proto-LC,4,4-195805-A-13.wav,13,crickets,13,crickets,crickets; insects; wind,0.6849653720855713
Proto-LC,4,4-196671-A-8.wav,8,sheep,8,sheep,sheep; cow; rooster,0.8940753936767578
Proto-LC,4,4-196671-B-8.wav,8,sheep,8,sheep,sheep; cow; rooster,0.9286669492721558
Proto-LC,4,4-196672-A-8.wav,8,sheep,8,sheep,sheep; cow; rooster,0.8464490175247192
Proto-LC,4,4-197103-A-6.wav,6,hen,6,hen,hen; rooster; sheep,0.8168110847473145
Proto-LC,4,4-197454-A-28.wav,28,snoring,28,snoring,snoring; breathing; drinking sipping,0.8910644054412842
Proto-LC,4,4-197454-B-28.wav,28,snoring,28,snoring,snoring; breathing; pig,0.900120735168457
Proto-LC,4,4-197871-A-15.wav,15,water drops,15,water drops,water drops; pouring water; drinking sipping,0.8405216932296753
Proto-LC,4,4-198025-A-23.wav,23,breathing,23,breathing,breathing; snoring; coughing,0.8362005949020386
Proto-LC,4,4-198360-A-49.wav,49,hand saw,49,hand saw,hand saw; chainsaw; engine,0.8736513257026672
Proto-LC,4,4-198360-B-49.wav,49,hand saw,49,hand saw,hand saw; chainsaw; brushing teeth,0.8842872381210327
Proto-LC,4,4-198360-C-49.wav,49,hand saw,49,hand saw,hand saw; chainsaw; brushing teeth,0.84488445520401
Proto-LC,4,4-198841-A-37.wav,37,clock alarm,37,clock alarm,clock alarm; clock tick; rooster,0.8500732183456421
Proto-LC,4,4-198962-A-25.wav,25,footsteps,25,footsteps,footsteps; door wood knock; door wood creaks,0.7801031470298767
Proto-LC,4,4-198962-B-25.wav,25,footsteps,25,footsteps,footsteps; door wood knock; door wood creaks,0.7541700601577759
Proto-LC,4,4-198965-A-38.wav,38,clock tick,38,clock tick,clock tick; clock alarm; mouse click,0.9119873642921448
Proto-LC,4,4-199261-A-0.wav,0,dog,0,dog,dog; rooster; hen,0.6579993963241577
Proto-LC,4,4-200330-A-6.wav,6,hen,6,hen,hen; rooster; chirping birds,0.9023360013961792
Proto-LC,4,4-200330-B-6.wav,6,hen,6,hen,hen; rooster; chirping birds,0.8606577515602112
Proto-LC,4,4-201300-A-31.wav,31,mouse click,31,mouse click,mouse click; keyboard typing; clock tick,0.8130496144294739
Proto-LC,4,4-201800-A-31.wav,31,mouse click,31,mouse click,mouse click; keyboard typing; clock tick,0.7690907716751099
Proto-LC,4,4-201988-A-44.wav,44,engine,47,airplane,airplane; engine; rain,0.5675526857376099
Proto-LC,4,4-202298-A-31.wav,31,mouse click,31,mouse click,mouse click; keyboard typing; clock tick,0.8081290125846863
Proto-LC,4,4-202749-A-13.wav,13,crickets,13,crickets,crickets; insects; chirping birds,0.8976649045944214
Proto-LC,4,4-204115-A-39.wav,39,glass breaking,39,glass breaking,glass breaking; can opening; sneezing,0.8199237585067749
Proto-LC,4,4-204119-A-39.wav,39,glass breaking,39,glass breaking,glass breaking; can opening; vacuum cleaner,0.8461194038391113
Proto-LC,4,4-204121-A-39.wav,39,glass breaking,39,glass breaking,glass breaking; can opening; sneezing,0.8667055368423462
Proto-LC,4,4-204123-A-39.wav,39,glass breaking,39,glass breaking,glass breaking; can opening; sneezing,0.8004420399665833
Proto-LC,4,4-204202-A-29.wav,29,drinking sipping,29,drinking sipping,drinking sipping; can opening; breathing,0.5732004642486572
Proto-LC,4,4-204612-A-31.wav,31,mouse click,31,mouse click,mouse click; clock tick; keyboard typing,0.7039259672164917
Proto-LC,4,4-204618-A-11.wav,11,sea waves,11,sea waves,sea waves; wind; washing machine,0.825210690498352
Proto-LC,4,4-204683-A-31.wav,31,mouse click,38,clock tick,clock tick; mouse click; water drops,0.7588064670562744
Proto-LC,4,4-204684-A-37.wav,37,clock alarm,37,clock alarm,clock alarm; church bells; clock tick,0.85847008228302
Proto-LC,4,4-204777-A-39.wav,39,glass breaking,39,glass breaking,glass breaking; can opening; thunderstorm,0.8041537404060364
Proto-LC,4,4-204777-B-39.wav,39,glass breaking,39,glass breaking,glass breaking; can opening; siren,0.7880049347877502
Proto-LC,4,4-204777-C-39.wav,39,glass breaking,39,glass breaking,glass breaking; can opening; crackling fire,0.8523072004318237
Proto-LC,4,4-204830-A-6.wav,6,hen,6,hen,hen; rooster; chirping birds,0.9028319120407104
Proto-LC,4,4-205526-A-23.wav,23,breathing,23,breathing,breathing; snoring; wind,0.7875429391860962
Proto-LC,4,4-205526-B-23.wav,23,breathing,23,breathing,breathing; snoring; laughing,0.8434405326843262
Proto-LC,4,4-205738-A-22.wav,22,clapping,22,clapping,clapping; laughing; hen,0.9233300685882568
Proto-LC,4,4-207116-A-23.wav,23,breathing,23,breathing,breathing; snoring; mouse click,0.8409279584884644
Proto-LC,4,4-207124-A-0.wav,0,dog,0,dog,dog; rooster; cow,0.6483703851699829
Proto-LC,4,4-208021-A-1.wav,1,rooster,1,rooster,rooster; hen; door wood knock,0.774986743927002
Proto-LC,4,4-209536-A-37.wav,37,clock alarm,37,clock alarm,clock alarm; church bells; rooster,0.7840139269828796
Proto-LC,4,4-209698-A-37.wav,37,clock alarm,37,clock alarm,clock alarm; rooster; church bells,0.7828003168106079
Proto-LC,4,4-210000-A-23.wav,23,breathing,23,breathing,breathing; snoring; mouse click,0.87269526720047
Proto-LC,4,4-210000-B-23.wav,23,breathing,23,breathing,breathing; snoring; mouse click,0.8835362195968628
Proto-LC,4,4-210309-A-31.wav,31,mouse click,31,mouse click,mouse click; keyboard typing; can opening,0.7653566598892212
Proto-LC,4,4-210593-A-29.wav,29,drinking sipping,29,drinking sipping,drinking sipping; pouring water; water drops,0.8367509841918945
Proto-LC,4,4-211502-A-30.wav,30,door wood knock,30,door wood knock,door wood knock; door wood creaks; washing machine,0.7632309198379517
Proto-LC,4,4-212604-A-15.wav,15,water drops,15,water drops,water drops; pouring water; washing machine,0.7667000889778137
Proto-LC,4,4-212604-B-15.wav,15,water drops,15,water drops,water drops; pouring water; drinking sipping,0.7669633626937866
Proto-LC,4,4-212604-C-15.wav,15,water drops,15,water drops,water drops; pouring water; washing machine,0.8218337297439575
Proto-LC,4,4-212698-A-39.wav,39,glass breaking,39,glass breaking,glass breaking; can opening; crackling fire,0.8920589685440063
Proto-LC,4,4-212728-A-34.wav,34,can opening,34,can opening,can opening; vacuum cleaner; mouse click,0.7885146141052246
Proto-LC,4,4-213193-A-29.wav,29,drinking sipping,29,drinking sipping,drinking sipping; water drops; pouring water,0.7975974678993225
Proto-LC,4,4-213915-A-3.wav,3,cow,1,rooster,rooster; cow; sheep,0.7186276912689209
Proto-LC,4,4-213915-B-3.wav,3,cow,3,cow,cow; rooster; sheep,0.800933837890625
Proto-LC,4,4-213915-C-3.wav,3,cow,1,rooster,rooster; cow; sheep,0.7723755836486816
Proto-LC,4,4-215635-A-34.wav,34,can opening,34,can opening,can opening; mouse click; glass breaking,0.7478772401809692
Proto-LC,4,4-216211-A-14.wav,14,chirping birds,13,crickets,crickets; insects; chirping birds,0.6366912126541138
Proto-LC,4,4-216349-A-34.wav,34,can opening,34,can opening,can opening; mouse click; glass breaking,0.7842317819595337
Proto-LC,4,4-218199-A-35.wav,35,washing machine,35,washing machine,washing machine; engine; vacuum cleaner,0.6709718704223633
Proto-LC,4,4-218199-B-35.wav,35,washing machine,44,engine,engine; vacuum cleaner; washing machine,0.5372710824012756
Proto-LC,4,4-218199-C-35.wav,35,washing machine,40,helicopter,helicopter; engine; airplane,0.661353349685669
Proto-LC,4,4-218199-D-35.wav,35,washing machine,40,helicopter,helicopter; airplane; engine,0.6833834648132324
Proto-LC,4,4-218199-E-35.wav,35,washing machine,35,washing machine,washing machine; water drops; rain,0.6915256977081299
Proto-LC,4,4-218199-F-35.wav,35,washing machine,35,washing machine,washing machine; engine; vacuum cleaner,0.69159996509552
Proto-LC,4,4-218199-G-35.wav,35,washing machine,35,washing machine,washing machine; engine; airplane,0.6282640099525452
Proto-LC,4,4-218199-H-35.wav,35,washing machine,44,engine,engine; vacuum cleaner; helicopter,0.5972793102264404
Proto-LC,4,4-218304-A-25.wav,25,footsteps,25,footsteps,footsteps; sea waves; water drops,0.5964491367340088
Proto-LC,4,4-218304-B-25.wav,25,footsteps,25,footsteps,footsteps; chainsaw; church bells,0.5985848903656006
Proto-LC,4,4-223125-A-14.wav,14,chirping birds,14,chirping birds,chirping birds; engine; crickets,0.6467968821525574
Proto-LC,4,4-223127-A-14.wav,14,chirping birds,14,chirping birds,chirping birds; crow; insects,0.8300212621688843
Proto-LC,4,4-232495-A-6.wav,6,hen,6,hen,hen; rooster; chirping birds,0.9456733465194702
Proto-LC,4,4-234644-A-2.wav,2,pig,2,pig,pig; hen; dog,0.9117071628570557
Proto-LC,4,4-234879-A-6.wav,6,hen,6,hen,hen; chirping birds; rooster,0.7653524279594421
Proto-LC,4,4-244318-A-6.wav,6,hen,6,hen,hen; rooster; chirping birds,0.8482587337493896
Proto-LC,4,4-250864-A-8.wav,8,sheep,3,cow,cow; sheep; rooster,0.8956071138381958
Proto-LC,4,4-250869-A-2.wav,2,pig,2,pig,pig; dog; laughing,0.6667523384094238
Proto-LC,4,4-250869-B-2.wav,2,pig,2,pig,pig; dog; crow,0.7876057028770447
Proto-LC,4,4-250869-C-2.wav,2,pig,2,pig,pig; frog; rooster,0.6581517457962036
Proto-LC,4,4-251645-A-49.wav,49,hand saw,49,hand saw,hand saw; chainsaw; brushing teeth,0.8764548301696777
Proto-LC,4,4-251645-B-49.wav,49,hand saw,49,hand saw,hand saw; chainsaw; brushing teeth,0.9075284004211426
Proto-LC,4,4-251959-A-47.wav,47,airplane,47,airplane,airplane; train; helicopter,0.5225882530212402
Proto-LC,4,4-253649-A-6.wav,6,hen,6,hen,hen; crying baby; door wood creaks,0.5386650562286377
Proto-LC,4,4-255371-A-47.wav,47,airplane,47,airplane,airplane; helicopter; thunderstorm,0.7387949228286743
Proto-LC,4,4-261068-A-30.wav,30,door wood knock,30,door wood knock,door wood knock; door wood creaks; footsteps,0.8074760437011719
Proto-LC,4,4-264453-A-34.wav,34,can opening,34,can opening,can opening; pouring water; drinking sipping,0.735457718372345
Proto-LC,4,4-59579-A-20.wav,20,crying baby,20,crying baby,crying baby; coughing; laughing,0.8326501846313477
Proto-LC,4,4-59579-B-20.wav,20,crying baby,20,crying baby,crying baby; laughing; coughing,0.8236675262451172
Proto-LC,4,4-67358-A-42.wav,42,siren,42,siren,siren; car horn; clock alarm,0.9071733951568604
Proto-LC,4,4-80761-A-42.wav,42,siren,42,siren,siren; thunderstorm; airplane,0.7980692386627197
Proto-LC,4,4-90014-A-42.wav,42,siren,42,siren,siren; car horn; helicopter,0.7445407509803772
Proto-LC,4,4-90014-B-42.wav,42,siren,42,siren,siren; car horn; train,0.7385236024856567
Proto-LC,4,4-99193-A-4.wav,4,frog,4,frog,frog; insects; crickets,0.8391311168670654
Proto-LC,4,4-99193-B-4.wav,4,frog,4,frog,frog; insects; crickets,0.9144495725631714
Proto-LC,4,4-99644-A-4.wav,4,frog,4,frog,frog; cat; insects,0.8182927370071411
Proto-LC,4,4-99644-B-4.wav,4,frog,4,frog,frog; insects; crickets,0.946399450302124
Proto-LC,4,4-99644-C-4.wav,4,frog,4,frog,frog; insects; crickets,0.9367119073867798
Proto-LC,4,4-99644-D-4.wav,4,frog,4,frog,frog; insects; crickets,0.9417481422424316
Logistic Regression,4,4-102844-A-49.wav,49,hand saw,49,hand saw,hand saw; chainsaw; vacuum cleaner,0.999921441078186
Logistic Regression,4,4-102844-B-49.wav,49,hand saw,49,hand saw,hand saw; vacuum cleaner; brushing teeth,0.9999224543571472
Logistic Regression,4,4-102844-C-49.wav,49,hand saw,49,hand saw,hand saw; brushing teeth; chainsaw,0.9998433589935303
Logistic Regression,4,4-102871-A-42.wav,42,siren,42,siren,siren; helicopter; wind,0.9873702526092529
Logistic Regression,4,4-107117-A-33.wav,33,door wood creaks,33,door wood creaks,door wood creaks; door wood knock; crying baby,0.9999451637268066
Logistic Regression,4,4-107120-A-33.wav,33,door wood creaks,33,door wood creaks,door wood creaks; can opening; crying baby,0.9990877509117126
Logistic Regression,4,4-107122-A-33.wav,33,door wood creaks,33,door wood creaks,door wood creaks; crying baby; wind,0.9988600015640259
Logistic Regression,4,4-108352-A-33.wav,33,door wood creaks,33,door wood creaks,door wood creaks; wind; crying baby,0.9988272190093994
Logistic Regression,4,4-111671-A-42.wav,42,siren,42,siren,siren; vacuum cleaner; cat,0.9998008608818054
Logistic Regression,4,4-111671-B-42.wav,42,siren,42,siren,siren; car horn; clock alarm,0.9996015429496765
Logistic Regression,4,4-117627-A-25.wav,25,footsteps,25,footsteps,footsteps; drinking sipping; crow,0.8817964792251587
Logistic Regression,4,4-117630-A-25.wav,25,footsteps,25,footsteps,footsteps; drinking sipping; sea waves,0.9989279508590698
Logistic Regression,4,4-119647-A-48.wav,48,fireworks,48,fireworks,fireworks; sneezing; water drops,0.9995132088661194
Logistic Regression,4,4-119647-B-48.wav,48,fireworks,48,fireworks,fireworks; sneezing; airplane,0.9997107982635498
Logistic Regression,4,4-119647-C-48.wav,48,fireworks,48,fireworks,fireworks; sneezing; thunderstorm,0.9998654127120972
Logistic Regression,4,4-119647-D-48.wav,48,fireworks,48,fireworks,fireworks; thunderstorm; engine,0.9998031258583069
Logistic Regression,4,4-119648-A-48.wav,48,fireworks,48,fireworks,fireworks; door wood knock; rooster,0.999077558517456
Logistic Regression,4,4-119648-B-48.wav,48,fireworks,48,fireworks,fireworks; door wood knock; sneezing,0.9997329711914062
Logistic Regression,4,4-119648-C-48.wav,48,fireworks,48,fireworks,fireworks; door wood knock; footsteps,0.9995012879371643
Logistic Regression,4,4-119648-D-48.wav,48,fireworks,48,fireworks,fireworks; thunderstorm; engine,0.9998408555984497
Logistic Regression,4,4-119720-A-18.wav,18,toilet flush,18,toilet flush,toilet flush; vacuum cleaner; pouring water,0.9992462396621704
Logistic Regression,4,4-120160-A-5.wav,5,cat,5,cat,cat; pig; sheep,0.9916029572486877
Logistic Regression,4,4-121532-A-42.wav,42,siren,42,siren,siren; wind; airplane,0.9984798431396484
Logistic Regression,4,4-123680-A-18.wav,18,toilet flush,18,toilet flush,toilet flush; vacuum cleaner; helicopter,0.9992173910140991
Logistic Regression,4,4-125070-A-19.wav,19,thunderstorm,19,thunderstorm,thunderstorm; rain; fireworks,0.9995884895324707
Logistic Regression,4,4-125071-A-19.wav,19,thunderstorm,19,thunderstorm,thunderstorm; airplane; wind,0.9904807806015015
Logistic Regression,4,4-125072-A-19.wav,19,thunderstorm,19,thunderstorm,thunderstorm; fireworks; airplane,0.9994032382965088
Logistic Regression,4,4-125072-B-19.wav,19,thunderstorm,19,thunderstorm,thunderstorm; fireworks; airplane,0.9995637536048889
Logistic Regression,4,4-125825-A-46.wav,46,church bells,46,church bells,church bells; clock tick; pig,0.988442063331604
Logistic Regression,4,4-125825-B-46.wav,46,church bells,46,church bells,church bells; cat; pig,0.9972184300422668
Logistic Regression,4,4-125929-A-40.wav,40,helicopter,40,helicopter,helicopter; airplane; washing machine,0.9990807175636292
Logistic Regression,4,4-126046-A-18.wav,18,toilet flush,18,toilet flush,toilet flush; insects; vacuum cleaner,0.9988619685173035
Logistic Regression,4,4-126532-A-18.wav,18,toilet flush,18,toilet flush,toilet flush; thunderstorm; vacuum cleaner,0.9991307258605957
Logistic Regression,4,4-128659-A-33.wav,33,door wood creaks,33,door wood creaks,door wood creaks; mouse click; hand saw,0.9976379871368408
Logistic Regression,4,4-130584-A-4.wav,4,frog,4,frog,frog; crickets; cow,0.7118557095527649
Logistic Regression,4,4-130891-A-7.wav,7,insects,7,insects,insects; coughing; brushing teeth,0.9987910985946655
Logistic Regression,4,4-132383-A-2.wav,2,pig,2,pig,pig; washing machine; hen,0.9994200468063354
Logistic Regression,4,4-132383-B-2.wav,2,pig,2,pig,pig; washing machine; hen,0.9991187453269958
Logistic Regression,4,4-132803-A-26.wav,26,laughing,26,laughing,laughing; hen; frog,0.9999129772186279
Logistic Regression,4,4-132810-A-26.wav,26,laughing,26,laughing,laughing; crying baby; clock alarm,0.9995282888412476
Logistic Regression,4,4-132816-A-26.wav,26,laughing,26,laughing,laughing; crying baby; keyboard typing,0.9998577237129211
Logistic Regression,4,4-132839-A-33.wav,33,door wood creaks,33,door wood creaks,door wood creaks; pig; hand saw,0.9948057532310486
Logistic Regression,4,4-133047-A-5.wav,5,cat,5,cat,cat; sheep; crying baby,0.9989812970161438
Logistic Regression,4,4-133047-B-5.wav,5,cat,20,crying baby,crying baby; cat; sheep,0.9242107272148132
Logistic Regression,4,4-133047-C-5.wav,5,cat,5,cat,cat; crying baby; sheep,0.983783483505249
Logistic Regression,4,4-133674-A-26.wav,26,laughing,26,laughing,laughing; breathing; pig,0.997745931148529
Logistic Regression,4,4-133895-A-7.wav,7,insects,7,insects,insects; brushing teeth; footsteps,0.8087220191955566
Logistic Regression,4,4-135439-A-18.wav,18,toilet flush,18,toilet flush,toilet flush; pouring water; drinking sipping,0.9991768002510071
Logistic Regression,4,4-136381-A-9.wav,9,crow,9,crow,crow; chainsaw; airplane,0.9996442794799805
Logistic Regression,4,4-138344-A-9.wav,9,crow,9,crow,crow; can opening; chirping birds,0.9994235634803772
Logistic Regression,4,4-140034-A-46.wav,46,church bells,46,church bells,church bells; thunderstorm; car horn,0.9995315074920654
Logistic Regression,4,4-141365-A-18.wav,18,toilet flush,18,toilet flush,toilet flush; pouring water; vacuum cleaner,0.9992530345916748
Logistic Regression,4,4-143118-A-7.wav,7,insects,7,insects,insects; airplane; door wood creaks,0.9984384179115295
Logistic Regression,4,4-143118-B-7.wav,7,insects,16,wind,wind; insects; footsteps,0.8411850929260254
Logistic Regression,4,4-144083-A-16.wav,16,wind,16,wind,wind; siren; helicopter,0.979057252407074
Logistic Regression,4,4-144083-B-16.wav,16,wind,16,wind,wind; chirping birds; breathing,0.9990881681442261
Logistic Regression,4,4-144083-C-16.wav,16,wind,16,wind,wind; siren; breathing,0.9944953322410583
Logistic Regression,4,4-144085-A-16.wav,16,wind,16,wind,wind; siren; airplane,0.7895180583000183
Logistic Regression,4,4-144468-A-27.wav,27,brushing teeth,27,brushing teeth,brushing teeth; insects; hand saw,0.9996412992477417
Logistic Regression,4,4-144468-B-27.wav,27,brushing teeth,27,brushing teeth,brushing teeth; pouring water; clapping,0.9979763031005859
Logistic Regression,4,4-145006-A-18.wav,18,toilet flush,18,toilet flush,toilet flush; vacuum cleaner; insects,0.9995118975639343
Logistic Regression,4,4-145081-A-9.wav,9,crow,9,crow,crow; frog; hen,0.9998002648353577
Logistic Regression,4,4-146200-A-36.wav,36,vacuum cleaner,36,vacuum cleaner,vacuum cleaner; wind; chainsaw,0.9993339776992798
Logistic Regression,4,4-147240-A-2.wav,2,pig,2,pig,pig; clock tick; frog,0.9902440309524536
Logistic Regression,4,4-147240-B-2.wav,2,pig,2,pig,pig; frog; hen,0.9946407675743103
Logistic Regression,4,4-147657-A-46.wav,46,church bells,46,church bells,church bells; car horn; helicopter,0.7150929570198059
Logistic Regression,4,4-147658-A-46.wav,46,church bells,46,church bells,church bells; thunderstorm; keyboard typing,0.9997005462646484
Logistic Regression,4,4-149294-A-41.wav,41,chainsaw,41,chainsaw,chainsaw; washing machine; drinking sipping,0.960654616355896
Logistic Regression,4,4-149294-B-41.wav,41,chainsaw,41,chainsaw,chainsaw; insects; helicopter,0.9705864787101746
Logistic Regression,4,4-149940-A-5.wav,5,cat,5,cat,cat; crying baby; frog,0.9950994253158569
Logistic Regression,4,4-149940-B-5.wav,5,cat,5,cat,cat; crying baby; sheep,0.9998704195022583
Logistic Regression,4,4-150364-A-46.wav,46,church bells,46,church bells,church bells; car horn; keyboard typing,0.9996187090873718
Logistic Regression,4,4-150364-B-46.wav,46,church bells,46,church bells,church bells; thunderstorm; keyboard typing,0.9994105696678162
Logistic Regression,4,4-151242-A-37.wav,37,clock alarm,37,clock alarm,clock alarm; clock tick; mouse click,0.9998610615730286
Logistic Regression,4,4-152958-A-18.wav,18,toilet flush,18,toilet flush,toilet flush; sea waves; sneezing,0.9986940026283264
Logistic Regression,4,4-152995-A-24.wav,24,coughing,24,coughing,coughing; drinking sipping; sneezing,0.9995364546775818
Logistic Regression,4,4-154405-A-27.wav,27,brushing teeth,27,brushing teeth,brushing teeth; drinking sipping; insects,0.9994906187057495
Logistic Regression,4,4-154405-B-27.wav,27,brushing teeth,27,brushing teeth,brushing teeth; drinking sipping; pouring water,0.999762773513794
Logistic Regression,4,4-154443-A-24.wav,24,coughing,24,coughing,coughing; drinking sipping; pig,0.9970537424087524
Logistic Regression,4,4-154793-A-4.wav,4,frog,4,frog,frog; crickets; hen,0.9951989054679871
Logistic Regression,4,4-155650-A-24.wav,24,coughing,24,coughing,coughing; sneezing; crying baby,0.9998870491981506
Logistic Regression,4,4-155650-B-24.wav,24,coughing,24,coughing,coughing; engine; car horn,0.9997236728668213
Logistic Regression,4,4-155670-A-26.wav,26,laughing,26,laughing,laughing; crying baby; clapping,0.9970295429229736
Logistic Regression,4,4-156227-A-9.wav,9,crow,9,crow,crow; cat; frog,0.9983052015304565
Logistic Regression,4,4-156827-A-46.wav,46,church bells,46,church bells,church bells; thunderstorm; keyboard typing,0.999407172203064
Logistic Regression,4,4-156843-A-21.wav,21,sneezing,21,sneezing,sneezing; coughing; can opening,0.997860848903656
Logistic Regression,4,4-156844-A-21.wav,21,sneezing,21,sneezing,sneezing; vacuum cleaner; laughing,0.9999292492866516
Logistic Regression,4,4-156993-A-19.wav,19,thunderstorm,19,thunderstorm,thunderstorm; rain; fireworks,0.9991023540496826
Logistic Regression,4,4-157296-A-24.wav,24,coughing,24,coughing,coughing; laughing; pig,0.9989765286445618
Logistic Regression,4,4-157297-A-21.wav,21,sneezing,21,sneezing,sneezing; footsteps; sheep,0.9999732971191406
Logistic Regression,4,4-157611-A-41.wav,41,chainsaw,41,chainsaw,chainsaw; washing machine; engine,0.5471198558807373
Logistic Regression,4,4-157611-B-41.wav,41,chainsaw,35,washing machine,washing machine; chainsaw; helicopter,0.8516935110092163
Logistic Regression,4,4-158653-A-32.wav,32,keyboard typing,32,keyboard typing,keyboard typing; mouse click; frog,0.9999828338623047
Logistic Regression,4,4-159426-A-9.wav,9,crow,9,crow,crow; cat; chainsaw,0.9995702505111694
Logistic Regression,4,4-159609-A-14.wav,14,chirping birds,14,chirping birds,chirping birds; wind; dog,0.9998452067375183
Logistic Regression,4,4-159609-B-14.wav,14,chirping birds,14,chirping birds,chirping birds; crow; clock alarm,0.9998003244400024
Logistic Regression,4,4-160036-A-33.wav,33,door wood creaks,33,door wood creaks,door wood creaks; chirping birds; frog,0.9949139356613159
Logistic Regression,4,4-160036-B-33.wav,33,door wood creaks,33,door wood creaks,door wood creaks; wind; frog,0.9955205917358398
Logistic Regression,4,4-160999-A-10.wav,10,rain,10,rain,rain; washing machine; crackling fire,0.9955154657363892
Logistic Regression,4,4-161099-A-47.wav,47,airplane,47,airplane,airplane; helicopter; engine,0.999014139175415
Logistic Regression,4,4-161099-B-47.wav,47,airplane,47,airplane,airplane; helicopter; fireworks,0.9999901056289673
Logistic Regression,4,4-161100-A-47.wav,47,airplane,47,airplane,airplane; helicopter; insects,0.9999144077301025
Logistic Regression,4,4-161103-A-47.wav,47,airplane,47,airplane,airplane; helicopter; engine,0.9999333620071411
Logistic Regression,4,4-161105-A-47.wav,47,airplane,47,airplane,airplane; helicopter; engine,0.9998480677604675
Logistic Regression,4,4-161105-B-47.wav,47,airplane,47,airplane,airplane; helicopter; engine,0.9528844356536865
Logistic Regression,4,4-161127-A-10.wav,10,rain,10,rain,rain; wind; sea waves,0.9576903581619263
Logistic Regression,4,4-161303-A-5.wav,5,cat,5,cat,cat; frog; door wood knock,0.9993602633476257
Logistic Regression,4,4-161303-B-5.wav,5,cat,5,cat,cat; door wood knock; sneezing,0.9992963671684265
Logistic Regression,4,4-161519-A-19.wav,19,thunderstorm,19,thunderstorm,thunderstorm; airplane; fireworks,0.9970979690551758
Logistic Regression,4,4-161579-A-40.wav,40,helicopter,40,helicopter,helicopter; engine; car horn,0.8056765794754028
Logistic Regression,4,4-161579-B-40.wav,40,helicopter,40,helicopter,helicopter; airplane; breathing,0.9367305636405945
Logistic Regression,4,4-163264-A-10.wav,10,rain,10,rain,rain; sea waves; wind,0.9945620894432068
Logistic Regression,4,4-163606-A-16.wav,16,wind,16,wind,wind; breathing; sea waves,0.9850022792816162
Logistic Regression,4,4-163608-B-16.wav,16,wind,16,wind,wind; sea waves; helicopter,0.9530277848243713
Logistic Regression,4,4-163609-A-16.wav,16,wind,16,wind,wind; sea waves; airplane,0.9984270930290222
Logistic Regression,4,4-163609-B-16.wav,16,wind,16,wind,wind; sea waves; breathing,0.979982316493988
Logistic Regression,4,4-163697-A-13.wav,13,crickets,13,crickets,crickets; brushing teeth; chirping birds,0.9950338006019592
Logistic Regression,4,4-164021-A-1.wav,1,rooster,1,rooster,rooster; clock alarm; hen,0.9996459484100342
Logistic Regression,4,4-164064-A-1.wav,1,rooster,1,rooster,rooster; hen; door wood knock,0.9994911551475525
Logistic Regression,4,4-164064-B-1.wav,1,rooster,1,rooster,rooster; hen; door wood knock,0.9921656847000122
Logistic Regression,4,4-164064-C-1.wav,1,rooster,1,rooster,rooster; door wood knock; coughing,0.9995471239089966
Logistic Regression,4,4-164206-A-10.wav,10,rain,10,rain,rain; car horn; pouring water,0.9999405145645142
Logistic Regression,4,4-164243-A-26.wav,26,laughing,26,laughing,laughing; sea waves; pig,0.9999876022338867
Logistic Regression,4,4-164661-A-12.wav,12,crackling fire,12,crackling fire,crackling fire; washing machine; rain,0.9953613877296448
Logistic Regression,4,4-164661-B-12.wav,12,crackling fire,12,crackling fire,crackling fire; can opening; washing machine,0.9982384443283081
Logistic Regression,4,4-164859-A-1.wav,1,rooster,1,rooster,rooster; dog; hen,0.9987248778343201
Logistic Regression,4,4-165606-A-45.wav,45,train,45,train,train; wind; washing machine,0.9966329336166382
Logistic Regression,4,4-165791-A-45.wav,45,train,45,train,train; wind; footsteps,0.9992994666099548
Logistic Regression,4,4-165791-B-45.wav,45,train,45,train,train; rain; washing machine,0.999140739440918
Logistic Regression,4,4-165813-A-19.wav,19,thunderstorm,19,thunderstorm,thunderstorm; fireworks; airplane,0.9989844560623169
Logistic Regression,4,4-165813-B-19.wav,19,thunderstorm,19,thunderstorm,thunderstorm; airplane; fireworks,0.9985065460205078
Logistic Regression,4,4-165823-A-41.wav,41,chainsaw,41,chainsaw,chainsaw; hand saw; vacuum cleaner,0.9996246695518494
Logistic Regression,4,4-165823-B-41.wav,41,chainsaw,41,chainsaw,chainsaw; hand saw; snoring,0.9997549057006836
Logistic Regression,4,4-165845-A-45.wav,45,train,45,train,train; washing machine; footsteps,0.9896470308303833
Logistic Regression,4,4-165845-B-45.wav,45,train,45,train,train; footsteps; sneezing,0.9992517828941345
Logistic Regression,4,4-165933-A-45.wav,45,train,45,train,train; washing machine; footsteps,0.9591755867004395
Logistic Regression,4,4-166661-A-10.wav,10,rain,10,rain,rain; wind; sea waves,0.9952030181884766
Logistic Regression,4,4-167063-A-11.wav,11,sea waves,11,sea waves,sea waves; wind; footsteps,0.9997686743736267
Logistic Regression,4,4-167063-B-11.wav,11,sea waves,11,sea waves,sea waves; wind; laughing,0.999859094619751
Logistic Regression,4,4-167063-C-11.wav,11,sea waves,11,sea waves,sea waves; wind; footsteps,0.9999220967292786
Logistic Regression,4,4-167077-A-20.wav,20,crying baby,20,crying baby,crying baby; sneezing; coughing,0.9985794425010681
Logistic Regression,4,4-167077-B-20.wav,20,crying baby,20,crying baby,crying baby; sheep; vacuum cleaner,0.999713659286499
Logistic Regression,4,4-167077-C-20.wav,20,crying baby,20,crying baby,crying baby; sheep; clock alarm,0.9997749924659729
Logistic Regression,4,4-167155-A-32.wav,32,keyboard typing,32,keyboard typing,keyboard typing; clock tick; mouse click,0.9999734163284302
Logistic Regression,4,4-167571-A-26.wav,26,laughing,26,laughing,laughing; pig; snoring,0.997871458530426
Logistic Regression,4,4-167642-A-21.wav,21,sneezing,21,sneezing,sneezing; breathing; footsteps,0.9997578859329224
Logistic Regression,4,4-168155-A-15.wav,15,water drops,15,water drops,water drops; frog; pouring water,0.9995920658111572
Logistic Regression,4,4-168446-A-45.wav,45,train,45,train,train; washing machine; footsteps,0.9993561506271362
Logistic Regression,4,4-168868-A-17.wav,17,pouring water,17,pouring water,pouring water; drinking sipping; washing machine,0.9817754030227661
Logistic Regression,4,4-169127-A-41.wav,41,chainsaw,41,chainsaw,chainsaw; hand saw; keyboard typing,0.9970272779464722
Logistic Regression,4,4-169127-B-41.wav,41,chainsaw,41,chainsaw,chainsaw; hand saw; vacuum cleaner,0.9973909854888916
Logistic Regression,4,4-169508-A-37.wav,37,clock alarm,37,clock alarm,clock alarm; church bells; door wood creaks,0.999153733253479
Logistic Regression,4,4-169726-A-24.wav,24,coughing,24,coughing,coughing; sneezing; breathing,0.9999313354492188
Logistic Regression,4,4-170078-A-1.wav,1,rooster,1,rooster,rooster; dog; door wood knock,0.9980372786521912
Logistic Regression,4,4-170247-A-12.wav,12,crackling fire,12,crackling fire,crackling fire; wind; fireworks,0.9998480081558228
Logistic Regression,4,4-170247-B-12.wav,12,crackling fire,12,crackling fire,crackling fire; mouse click; glass breaking,0.9989354610443115
Logistic Regression,4,4-171207-A-12.wav,12,crackling fire,12,crackling fire,crackling fire; washing machine; mouse click,0.9981206655502319
Logistic Regression,4,4-171396-A-24.wav,24,coughing,24,coughing,coughing; drinking sipping; laughing,0.9997378587722778
Logistic Regression,4,4-171519-A-21.wav,21,sneezing,24,coughing,coughing; sneezing; drinking sipping,0.7390618324279785
Logistic Regression,4,4-171652-A-44.wav,44,engine,41,chainsaw,chainsaw; engine; hand saw,0.9932565093040466
Logistic Regression,4,4-171706-A-23.wav,23,breathing,23,breathing,breathing; snoring; laughing,0.9878435134887695
Logistic Regression,4,4-171823-A-13.wav,13,crickets,13,crickets,crickets; frog; chirping birds,0.9998987317085266
Logistic Regression,4,4-172143-A-13.wav,13,crickets,13,crickets,crickets; insects; engine,0.9998822808265686
Logistic Regression,4,4-172180-A-32.wav,32,keyboard typing,32,keyboard typing,keyboard typing; mouse click; snoring,0.9992864727973938
Logistic Regression,4,4-172366-A-37.wav,37,clock alarm,37,clock alarm,clock alarm; clock tick; chirping birds,0.9994553923606873
Logistic Regression,4,4-172377-A-17.wav,17,pouring water,17,pouring water,pouring water; water drops; drinking sipping,0.9996422529220581
Logistic Regression,4,4-172500-A-27.wav,27,brushing teeth,27,brushing teeth,brushing teeth; drinking sipping; snoring,0.4767424464225769
Logistic Regression,4,4-172500-B-27.wav,27,brushing teeth,27,brushing teeth,brushing teeth; breathing; helicopter,0.9951799511909485
Logistic Regression,4,4-172500-C-27.wav,27,brushing teeth,27,brushing teeth,brushing teeth; water drops; chirping birds,0.9878178834915161
Logistic Regression,4,4-172500-D-27.wav,27,brushing teeth,25,footsteps,footsteps; brushing teeth; snoring,0.47852176427841187
Logistic Regression,4,4-172732-A-36.wav,36,vacuum cleaner,36,vacuum cleaner,vacuum cleaner; washing machine; wind,0.9991773366928101
Logistic Regression,4,4-172733-A-36.wav,36,vacuum cleaner,36,vacuum cleaner,vacuum cleaner; washing machine; wind,0.9975874423980713
Logistic Regression,4,4-172734-A-36.wav,36,vacuum cleaner,36,vacuum cleaner,vacuum cleaner; washing machine; crackling fire,0.9981567859649658
Logistic Regression,4,4-172736-A-36.wav,36,vacuum cleaner,36,vacuum cleaner,vacuum cleaner; chainsaw; footsteps,0.9992888569831848
Logistic Regression,4,4-172736-B-36.wav,36,vacuum cleaner,36,vacuum cleaner,vacuum cleaner; washing machine; footsteps,0.9987145066261292
Logistic Regression,4,4-172742-A-32.wav,32,keyboard typing,32,keyboard typing,keyboard typing; mouse click; glass breaking,0.9997673034667969
Logistic Regression,4,4-173865-A-9.wav,9,crow,9,crow,crow; frog; chainsaw,0.9996750950813293
Logistic Regression,4,4-173865-B-9.wav,9,crow,9,crow,crow; chirping birds; chainsaw,0.9985814094543457
Logistic Regression,4,4-174797-A-15.wav,15,water drops,15,water drops,water drops; glass breaking; toilet flush,0.9988802671432495
Logistic Regression,4,4-174860-A-3.wav,3,cow,3,cow,cow; sheep; crickets,0.9976152777671814
Logistic Regression,4,4-174860-B-3.wav,3,cow,3,cow,cow; pig; crackling fire,0.9988219141960144
Logistic Regression,4,4-175000-A-40.wav,40,helicopter,47,airplane,airplane; helicopter; engine,0.5618878602981567
Logistic Regression,4,4-175000-B-40.wav,40,helicopter,40,helicopter,helicopter; airplane; engine,0.9053902626037598
Logistic Regression,4,4-175000-C-40.wav,40,helicopter,40,helicopter,helicopter; airplane; engine,0.9707674980163574
Logistic Regression,4,4-175025-A-34.wav,34,can opening,34,can opening,can opening; pouring water; crackling fire,0.9995777606964111
Logistic Regression,4,4-175845-A-43.wav,43,car horn,43,car horn,car horn; engine; helicopter,0.9995099306106567
Logistic Regression,4,4-175846-A-43.wav,43,car horn,43,car horn,car horn; engine; clock tick,0.9997650384902954
Logistic Regression,4,4-175855-A-43.wav,43,car horn,43,car horn,car horn; engine; clock tick,0.999777615070343
Logistic Regression,4,4-175856-A-43.wav,43,car horn,43,car horn,car horn; engine; door wood knock,0.9999352097511292
Logistic Regression,4,4-175945-A-38.wav,38,clock tick,38,clock tick,clock tick; mouse click; chirping birds,0.9459462761878967
Logistic Regression,4,4-176631-A-43.wav,43,car horn,43,car horn,car horn; siren; crow,0.9980571866035461
Logistic Regression,4,4-176638-A-43.wav,43,car horn,43,car horn,car horn; siren; clock tick,0.9998054504394531
Logistic Regression,4,4-176914-A-23.wav,23,breathing,23,breathing,breathing; sneezing; laughing,0.9959020614624023
Logistic Regression,4,4-177243-A-32.wav,32,keyboard typing,32,keyboard typing,keyboard typing; mouse click; clock tick,0.9999716281890869
Logistic Regression,4,4-177250-A-10.wav,10,rain,10,rain,rain; pouring water; wind,0.999332845211029
Logistic Regression,4,4-177835-A-24.wav,24,coughing,24,coughing,coughing; sneezing; engine,0.9989986419677734
Logistic Regression,4,4-178402-A-43.wav,43,car horn,43,car horn,car horn; engine; clock tick,0.9994885921478271
Logistic Regression,4,4-178881-A-45.wav,45,train,45,train,train; wind; footsteps,0.9991452693939209
Logistic Regression,4,4-179836-A-34.wav,34,can opening,34,can opening,can opening; airplane; pouring water,0.99996417760849
Logistic Regression,4,4-179984-A-38.wav,38,clock tick,38,clock tick,clock tick; water drops; mouse click,0.9962132573127747
Logistic Regression,4,4-180337-A-28.wav,28,snoring,28,snoring,snoring; pig; drinking sipping,0.9863404035568237
Logistic Regression,4,4-180380-A-10.wav,10,rain,10,rain,rain; pouring water; clapping,0.9999528527259827
Logistic Regression,4,4-180453-A-17.wav,17,pouring water,17,pouring water,pouring water; water drops; drinking sipping,0.9997243285179138
Logistic Regression,4,4-181035-A-38.wav,38,clock tick,38,clock tick,clock tick; door wood creaks; mouse click,0.9889205694198608
Logistic Regression,4,4-181286-A-10.wav,10,rain,10,rain,rain; crackling fire; wind,0.9990933537483215
Logistic Regression,4,4-181362-A-13.wav,13,crickets,13,crickets,crickets; mouse click; brushing teeth,0.9991259574890137
Logistic Regression,4,4-181563-A-12.wav,12,crackling fire,12,crackling fire,crackling fire; rain; wind,0.9939615726470947
Logistic Regression,4,4-181599-A-26.wav,26,laughing,26,laughing,laughing; breathing; crying baby,0.9986867308616638
Logistic Regression,4,4-181628-A-17.wav,17,pouring water,17,pouring water,pouring water; water drops; glass breaking,0.9948148131370544
Logistic Regression,4,4-181707-A-32.wav,32,keyboard typing,32,keyboard typing,keyboard typing; mouse click; glass breaking,0.9999405741691589
Logistic Regression,4,4-181708-A-32.wav,32,keyboard typing,32,keyboard typing,keyboard typing; mouse click; glass breaking,0.9999650716781616
Logistic Regression,4,4-181865-A-38.wav,38,clock tick,38,clock tick,clock tick; car horn; mouse click,0.9976941347122192
Logistic Regression,4,4-181955-A-3.wav,3,cow,3,cow,cow; sheep; church bells,0.9996840357780457
Logistic Regression,4,4-181955-B-3.wav,3,cow,3,cow,cow; chainsaw; snoring,0.9992862939834595
Logistic Regression,4,4-181955-C-3.wav,3,cow,3,cow,cow; rooster; church bells,0.9995632767677307
Logistic Regression,4,4-181999-A-36.wav,36,vacuum cleaner,36,vacuum cleaner,vacuum cleaner; airplane; washing machine,0.9992085099220276
Logistic Regression,4,4-182034-A-30.wav,30,door wood knock,30,door wood knock,door wood knock; door wood creaks; rooster,0.9994699954986572
Logistic Regression,4,4-182039-A-30.wav,30,door wood knock,30,door wood knock,door wood knock; door wood creaks; coughing,0.9996680617332458
Logistic Regression,4,4-182041-A-30.wav,30,door wood knock,30,door wood knock,door wood knock; door wood creaks; rooster,0.9975016117095947
Logistic Regression,4,4-182314-A-7.wav,7,insects,7,insects,insects; crickets; airplane,0.9997498989105225
Logistic Regression,4,4-182314-B-7.wav,7,insects,7,insects,insects; crickets; airplane,0.9999198913574219
Logistic Regression,4,4-182368-A-12.wav,12,crackling fire,12,crackling fire,crackling fire; rain; washing machine,0.9998106956481934
Logistic Regression,4,4-182369-A-12.wav,12,crackling fire,12,crackling fire,crackling fire; rain; wind,0.9978574514389038
Logistic Regression,4,4-182395-A-0.wav,0,dog,0,dog,dog; coughing; cow,0.9946204423904419
Logistic Regression,4,4-182613-A-11.wav,11,sea waves,11,sea waves,sea waves; wind; laughing,0.9735127687454224
Logistic Regression,4,4-182613-B-11.wav,11,sea waves,11,sea waves,sea waves; wind; helicopter,0.9901393055915833
Logistic Regression,4,4-182795-A-14.wav,14,chirping birds,14,chirping birds,chirping birds; crickets; crow,0.9977526068687439
Logistic Regression,4,4-182839-A-17.wav,17,pouring water,17,pouring water,pouring water; toilet flush; rain,0.9905990958213806
Logistic Regression,4,4-183487-A-1.wav,1,rooster,1,rooster,rooster; hen; door wood knock,0.999221920967102
Logistic Regression,4,4-183882-A-28.wav,28,snoring,28,snoring,snoring; clock tick; drinking sipping,0.9998133182525635
Logistic Regression,4,4-183882-B-28.wav,28,snoring,28,snoring,snoring; drinking sipping; cow,0.9996130466461182
Logistic Regression,4,4-183992-A-0.wav,0,dog,0,dog,dog; car horn; siren,0.999616801738739
Logistic Regression,4,4-184235-A-28.wav,28,snoring,28,snoring,snoring; drinking sipping; cow,0.9994718432426453
Logistic Regression,4,4-184237-A-28.wav,28,snoring,28,snoring,snoring; cow; breathing,0.9999437928199768
Logistic Regression,4,4-184434-A-21.wav,21,sneezing,21,sneezing,sneezing; drinking sipping; coughing,0.9997873902320862
Logistic Regression,4,4-184575-A-0.wav,0,dog,0,dog,dog; car horn; footsteps,0.9994305372238159
Logistic Regression,4,4-185415-A-21.wav,21,sneezing,24,coughing,coughing; sneezing; water drops,0.8723589181900024
Logistic Regression,4,4-185575-A-20.wav,20,crying baby,20,crying baby,crying baby; breathing; laughing,0.9903456568717957
Logistic Regression,4,4-185575-B-20.wav,20,crying baby,20,crying baby,crying baby; coughing; drinking sipping,0.9408751130104065
Logistic Regression,4,4-185575-C-20.wav,20,crying baby,20,crying baby,crying baby; drinking sipping; frog,0.9996126294136047
Logistic Regression,4,4-185613-A-32.wav,32,keyboard typing,32,keyboard typing,keyboard typing; footsteps; clock tick,0.9996812343597412
Logistic Regression,4,4-185619-A-21.wav,21,sneezing,21,sneezing,sneezing; coughing; vacuum cleaner,0.9804986119270325
Logistic Regression,4,4-186518-A-30.wav,30,door wood knock,30,door wood knock,door wood knock; rooster; crying baby,0.9980030059814453
Logistic Regression,4,4-186693-A-17.wav,17,pouring water,17,pouring water,pouring water; keyboard typing; water drops,0.9999345541000366
Logistic Regression,4,4-186935-A-44.wav,44,engine,44,engine,engine; washing machine; airplane,0.9996837377548218
Logistic Regression,4,4-186936-A-44.wav,44,engine,44,engine,engine; washing machine; clock tick,0.983272135257721
Logistic Regression,4,4-186938-A-44.wav,44,engine,44,engine,engine; washing machine; chainsaw,0.9357200264930725
Logistic Regression,4,4-186940-A-44.wav,44,engine,44,engine,engine; helicopter; washing machine,0.999726414680481
Logistic Regression,4,4-186962-A-44.wav,44,engine,44,engine,engine; washing machine; chainsaw,0.9722378849983215
Logistic Regression,4,4-187284-A-30.wav,30,door wood knock,30,door wood knock,door wood knock; footsteps; keyboard typing,0.9752654433250427
Logistic Regression,4,4-187384-A-34.wav,34,can opening,34,can opening,can opening; mouse click; brushing teeth,0.9990962147712708
Logistic Regression,4,4-187504-A-17.wav,17,pouring water,17,pouring water,pouring water; water drops; toilet flush,0.998267412185669
Logistic Regression,4,4-187504-B-17.wav,17,pouring water,17,pouring water,pouring water; water drops; clapping,0.9998221397399902
Logistic Regression,4,4-187769-A-14.wav,14,chirping birds,14,chirping birds,chirping birds; crow; wind,0.9958532452583313
Logistic Regression,4,4-187769-B-14.wav,14,chirping birds,14,chirping birds,chirping birds; crow; frog,0.9999120235443115
Logistic Regression,4,4-188003-A-34.wav,34,can opening,34,can opening,can opening; crackling fire; pouring water,0.9995372891426086
Logistic Regression,4,4-188033-A-38.wav,38,clock tick,38,clock tick,clock tick; mouse click; water drops,0.9884443283081055
Logistic Regression,4,4-188191-A-29.wav,29,drinking sipping,29,drinking sipping,drinking sipping; snoring; pouring water,0.7724566459655762
Logistic Regression,4,4-188191-B-29.wav,29,drinking sipping,29,drinking sipping,drinking sipping; pouring water; snoring,0.9814525842666626
Logistic Regression,4,4-188191-C-29.wav,29,drinking sipping,29,drinking sipping,drinking sipping; pouring water; snoring,0.9417500495910645
Logistic Regression,4,4-188287-A-9.wav,9,crow,9,crow,crow; chirping birds; can opening,0.9992175698280334
Logistic Regression,4,4-188293-A-15.wav,15,water drops,15,water drops,water drops; mouse click; clock tick,0.9998868107795715
Logistic Regression,4,4-188293-B-15.wav,15,water drops,15,water drops,water drops; mouse click; door wood knock,0.9998871684074402
Logistic Regression,4,4-188595-A-29.wav,29,drinking sipping,29,drinking sipping,drinking sipping; snoring; pouring water,0.9993790984153748
Logistic Regression,4,4-188703-A-8.wav,8,sheep,8,sheep,sheep; cow; wind,0.9996028542518616
Logistic Regression,4,4-188703-B-8.wav,8,sheep,8,sheep,sheep; wind; crow,0.9995307326316833
Logistic Regression,4,4-188703-C-8.wav,8,sheep,8,sheep,sheep; wind; cow,0.9978094100952148
Logistic Regression,4,4-188703-D-8.wav,8,sheep,8,sheep,sheep; crow; cat,0.9988639950752258
Logistic Regression,4,4-188878-A-30.wav,30,door wood knock,30,door wood knock,door wood knock; door wood creaks; drinking sipping,0.99515300989151
Logistic Regression,4,4-189332-A-37.wav,37,clock alarm,37,clock alarm,clock alarm; clock tick; chirping birds,0.9991912841796875
Logistic Regression,4,4-189828-A-22.wav,22,clapping,22,clapping,clapping; laughing; rain,0.9994080662727356
Logistic Regression,4,4-189830-A-22.wav,22,clapping,22,clapping,clapping; laughing; car horn,0.9914461970329285
Logistic Regression,4,4-189832-A-22.wav,22,clapping,22,clapping,clapping; rain; laughing,0.9992454648017883
Logistic Regression,4,4-189832-B-22.wav,22,clapping,22,clapping,clapping; laughing; keyboard typing,0.999158501625061
Logistic Regression,4,4-189833-A-22.wav,22,clapping,22,clapping,clapping; rain; laughing,0.9989123344421387
Logistic Regression,4,4-189836-A-22.wav,22,clapping,22,clapping,clapping; laughing; fireworks,0.9991703629493713
Logistic Regression,4,4-189838-A-22.wav,22,clapping,22,clapping,clapping; laughing; fireworks,0.9996466040611267
Logistic Regression,4,4-191015-A-43.wav,43,car horn,43,car horn,car horn; helicopter; laughing,0.9997168183326721
Logistic Regression,4,4-191246-A-7.wav,7,insects,7,insects,insects; brushing teeth; airplane,0.9997162818908691
Logistic Regression,4,4-191246-B-7.wav,7,insects,7,insects,insects; brushing teeth; airplane,0.9997264742851257
Logistic Regression,4,4-191297-A-28.wav,28,snoring,28,snoring,snoring; airplane; cow,0.999796450138092
Logistic Regression,4,4-191327-A-38.wav,38,clock tick,38,clock tick,clock tick; mouse click; chirping birds,0.9931774735450745
Logistic Regression,4,4-191687-A-0.wav,0,dog,0,dog,dog; sneezing; clock alarm,0.9996145367622375
Logistic Regression,4,4-192068-A-31.wav,31,mouse click,31,mouse click,mouse click; can opening; keyboard typing,0.9996856451034546
Logistic Regression,4,4-192236-A-0.wav,0,dog,0,dog,dog; siren; cat,0.998694658279419
Logistic Regression,4,4-193480-A-40.wav,40,helicopter,40,helicopter,helicopter; chainsaw; washing machine,0.9999867677688599
Logistic Regression,4,4-193480-B-40.wav,40,helicopter,40,helicopter,helicopter; washing machine; breathing,0.9988375902175903
Logistic Regression,4,4-194246-A-13.wav,13,crickets,13,crickets,crickets; insects; mouse click,0.9997938275337219
Logistic Regression,4,4-194680-A-36.wav,36,vacuum cleaner,36,vacuum cleaner,vacuum cleaner; washing machine; hand saw,0.9958437085151672
Logistic Regression,4,4-194711-A-38.wav,38,clock tick,38,clock tick,clock tick; clock alarm; mouse click,0.965955913066864
Logistic Regression,4,4-194754-A-0.wav,0,dog,0,dog,dog; car horn; cat,0.9985101819038391
Logistic Regression,4,4-194808-A-29.wav,29,drinking sipping,29,drinking sipping,drinking sipping; breathing; can opening,0.9995147585868835
Logistic Regression,4,4-194979-A-25.wav,25,footsteps,25,footsteps,footsteps; sea waves; hand saw,0.9703269004821777
Logistic Regression,4,4-194981-A-25.wav,25,footsteps,25,footsteps,footsteps; sea waves; helicopter,0.995812177658081
Logistic Regression,4,4-195305-A-31.wav,31,mouse click,31,mouse click,mouse click; clock tick; helicopter,0.9994375705718994
Logistic Regression,4,4-195451-A-44.wav,44,engine,44,engine,engine; washing machine; chainsaw,0.9935012459754944
Logistic Regression,4,4-195497-A-11.wav,11,sea waves,11,sea waves,sea waves; helicopter; laughing,0.9999548196792603
Logistic Regression,4,4-195497-B-11.wav,11,sea waves,11,sea waves,sea waves; water drops; sneezing,0.9994229078292847
Logistic Regression,4,4-195707-A-13.wav,13,crickets,13,crickets,crickets; insects; chirping birds,0.9997342228889465
Logistic Regression,4,4-195805-A-13.wav,13,crickets,13,crickets,crickets; wind; mouse click,0.9986881613731384
Logistic Regression,4,4-196671-A-8.wav,8,sheep,8,sheep,sheep; cow; pig,0.992923378944397
Logistic Regression,4,4-196671-B-8.wav,8,sheep,8,sheep,sheep; cow; crying baby,0.9995363354682922
Logistic Regression,4,4-196672-A-8.wav,8,sheep,8,sheep,sheep; insects; pig,0.9991932511329651
Logistic Regression,4,4-197103-A-6.wav,6,hen,6,hen,hen; rooster; frog,0.9980573058128357
Logistic Regression,4,4-197454-A-28.wav,28,snoring,28,snoring,snoring; drinking sipping; engine,0.9996128082275391
Logistic Regression,4,4-197454-B-28.wav,28,snoring,28,snoring,snoring; pig; cow,0.9993739128112793
Logistic Regression,4,4-197871-A-15.wav,15,water drops,15,water drops,water drops; pouring water; glass breaking,0.9984750747680664
Logistic Regression,4,4-198025-A-23.wav,23,breathing,23,breathing,breathing; sneezing; drinking sipping,0.9976312518119812
Logistic Regression,4,4-198360-A-49.wav,49,hand saw,49,hand saw,hand saw; chainsaw; vacuum cleaner,0.9931545257568359
Logistic Regression,4,4-198360-B-49.wav,49,hand saw,49,hand saw,hand saw; chainsaw; vacuum cleaner,0.9997115135192871
Logistic Regression,4,4-198360-C-49.wav,49,hand saw,49,hand saw,hand saw; vacuum cleaner; footsteps,0.9990984797477722
Logistic Regression,4,4-198841-A-37.wav,37,clock alarm,37,clock alarm,clock alarm; clock tick; mouse click,0.9995941519737244
Logistic Regression,4,4-198962-A-25.wav,25,footsteps,25,footsteps,footsteps; door wood knock; door wood creaks,0.9884249567985535
Logistic Regression,4,4-198962-B-25.wav,25,footsteps,25,footsteps,footsteps; door wood knock; door wood creaks,0.9626520872116089
Logistic Regression,4,4-198965-A-38.wav,38,clock tick,38,clock tick,clock tick; mouse click; car horn,0.9997754693031311
Logistic Regression,4,4-199261-A-0.wav,0,dog,0,dog,dog; chirping birds; hen,0.9986163973808289
Logistic Regression,4,4-200330-A-6.wav,6,hen,6,hen,hen; rooster; pig,0.9998298287391663
Logistic Regression,4,4-200330-B-6.wav,6,hen,6,hen,hen; rooster; chirping birds,0.9996607303619385
Logistic Regression,4,4-201300-A-31.wav,31,mouse click,31,mouse click,mouse click; keyboard typing; clock tick,0.9987221360206604
Logistic Regression,4,4-201800-A-31.wav,31,mouse click,31,mouse click,mouse click; clock alarm; can opening,0.9995870590209961
Logistic Regression,4,4-201988-A-44.wav,44,engine,47,airplane,airplane; crackling fire; engine,0.27187982201576233
Logistic Regression,4,4-202298-A-31.wav,31,mouse click,31,mouse click,mouse click; clock tick; can opening,0.9946730732917786
Logistic Regression,4,4-202749-A-13.wav,13,crickets,13,crickets,crickets; insects; chirping birds,0.9999500513076782
Logistic Regression,4,4-204115-A-39.wav,39,glass breaking,39,glass breaking,glass breaking; washing machine; coughing,0.996102511882782
Logistic Regression,4,4-204119-A-39.wav,39,glass breaking,39,glass breaking,glass breaking; vacuum cleaner; drinking sipping,0.9993579983711243
Logistic Regression,4,4-204121-A-39.wav,39,glass breaking,39,glass breaking,glass breaking; crackling fire; washing machine,0.9989885091781616
Logistic Regression,4,4-204123-A-39.wav,39,glass breaking,39,glass breaking,glass breaking; sneezing; drinking sipping,0.9986473917961121
Logistic Regression,4,4-204202-A-29.wav,29,drinking sipping,29,drinking sipping,drinking sipping; can opening; breathing,0.8920084238052368
Logistic Regression,4,4-204612-A-31.wav,31,mouse click,31,mouse click,mouse click; can opening; clock tick,0.9891901612281799
Logistic Regression,4,4-204618-A-11.wav,11,sea waves,11,sea waves,sea waves; wind; laughing,0.9988476634025574
Logistic Regression,4,4-204683-A-31.wav,31,mouse click,38,clock tick,clock tick; mouse click; water drops,0.45432958006858826
Logistic Regression,4,4-204684-A-37.wav,37,clock alarm,37,clock alarm,clock alarm; church bells; clock tick,0.998754620552063
Logistic Regression,4,4-204777-A-39.wav,39,glass breaking,39,glass breaking,glass breaking; drinking sipping; keyboard typing,0.9974998831748962
Logistic Regression,4,4-204777-B-39.wav,39,glass breaking,39,glass breaking,glass breaking; vacuum cleaner; keyboard typing,0.9965649247169495
Logistic Regression,4,4-204777-C-39.wav,39,glass breaking,39,glass breaking,glass breaking; washing machine; drinking sipping,0.9988003969192505
Logistic Regression,4,4-204830-A-6.wav,6,hen,6,hen,hen; rooster; pig,0.9999099969863892
Logistic Regression,4,4-205526-A-23.wav,23,breathing,23,breathing,breathing; snoring; laughing,0.9845799803733826
Logistic Regression,4,4-205526-B-23.wav,23,breathing,23,breathing,breathing; laughing; snoring,0.9721165895462036
Logistic Regression,4,4-205738-A-22.wav,22,clapping,22,clapping,clapping; laughing; vacuum cleaner,0.9996844530105591
Logistic Regression,4,4-207116-A-23.wav,23,breathing,23,breathing,breathing; snoring; laughing,0.993488073348999
Logistic Regression,4,4-207124-A-0.wav,0,dog,0,dog,dog; engine; cow,0.9994447827339172
Logistic Regression,4,4-208021-A-1.wav,1,rooster,1,rooster,rooster; hen; door wood knock,0.9971587061882019
Logistic Regression,4,4-209536-A-37.wav,37,clock alarm,37,clock alarm,clock alarm; church bells; rooster,0.9957332015037537
Logistic Regression,4,4-209698-A-37.wav,37,clock alarm,37,clock alarm,clock alarm; rooster; coughing,0.9971722364425659
Logistic Regression,4,4-210000-A-23.wav,23,breathing,23,breathing,breathing; snoring; crickets,0.7927789092063904
Logistic Regression,4,4-210000-B-23.wav,23,breathing,23,breathing,breathing; snoring; crickets,0.9901844263076782
Logistic Regression,4,4-210309-A-31.wav,31,mouse click,31,mouse click,mouse click; vacuum cleaner; keyboard typing,0.9965407848358154
Logistic Regression,4,4-210593-A-29.wav,29,drinking sipping,29,drinking sipping,drinking sipping; frog; washing machine,0.9999662041664124
Logistic Regression,4,4-211502-A-30.wav,30,door wood knock,30,door wood knock,door wood knock; coughing; water drops,0.999055027961731
Logistic Regression,4,4-212604-A-15.wav,15,water drops,15,water drops,water drops; mouse click; pouring water,0.9947175979614258
Logistic Regression,4,4-212604-B-15.wav,15,water drops,15,water drops,water drops; pouring water; chirping birds,0.9986345171928406
Logistic Regression,4,4-212604-C-15.wav,15,water drops,15,water drops,water drops; pouring water; mouse click,0.9974581599235535
Logistic Regression,4,4-212698-A-39.wav,39,glass breaking,39,glass breaking,glass breaking; drinking sipping; crackling fire,0.9992204904556274
Logistic Regression,4,4-212728-A-34.wav,34,can opening,34,can opening,can opening; vacuum cleaner; coughing,0.9947096109390259
Logistic Regression,4,4-213193-A-29.wav,29,drinking sipping,29,drinking sipping,drinking sipping; water drops; footsteps,0.993342399597168
Logistic Regression,4,4-213915-A-3.wav,3,cow,3,cow,cow; pig; chainsaw,0.9993407130241394
Logistic Regression,4,4-213915-B-3.wav,3,cow,3,cow,cow; pig; rooster,0.9998036623001099
Logistic Regression,4,4-213915-C-3.wav,3,cow,3,cow,cow; pig; church bells,0.9997375011444092
Logistic Regression,4,4-215635-A-34.wav,34,can opening,34,can opening,can opening; mouse click; crackling fire,0.9993520975112915
Logistic Regression,4,4-216211-A-14.wav,14,chirping birds,13,crickets,crickets; chirping birds; insects,0.8000879883766174
Logistic Regression,4,4-216349-A-34.wav,34,can opening,34,can opening,can opening; mouse click; crackling fire,0.9897062182426453
Logistic Regression,4,4-218199-A-35.wav,35,washing machine,35,washing machine,washing machine; helicopter; insects,0.997551679611206
Logistic Regression,4,4-218199-B-35.wav,35,washing machine,35,washing machine,washing machine; vacuum cleaner; insects,0.9421730637550354
Logistic Regression,4,4-218199-C-35.wav,35,washing machine,35,washing machine,washing machine; engine; helicopter,0.99993896484375
Logistic Regression,4,4-218199-D-35.wav,35,washing machine,35,washing machine,washing machine; helicopter; siren,0.9595907330513
Logistic Regression,4,4-218199-E-35.wav,35,washing machine,35,washing machine,washing machine; rain; chirping birds,0.9304929971694946
Logistic Regression,4,4-218199-F-35.wav,35,washing machine,35,washing machine,washing machine; footsteps; hand saw,0.9993452429771423
Logistic Regression,4,4-218199-G-35.wav,35,washing machine,35,washing machine,washing machine; helicopter; airplane,0.9423194527626038
Logistic Regression,4,4-218199-H-35.wav,35,washing machine,35,washing machine,washing machine; insects; vacuum cleaner,0.9656126499176025
Logistic Regression,4,4-218304-A-25.wav,25,footsteps,25,footsteps,footsteps; engine; helicopter,0.9992621541023254
Logistic Regression,4,4-218304-B-25.wav,25,footsteps,25,footsteps,footsteps; drinking sipping; crackling fire,0.9992679357528687
Logistic Regression,4,4-223125-A-14.wav,14,chirping birds,14,chirping birds,chirping birds; brushing teeth; wind,0.9469643831253052
Logistic Regression,4,4-223127-A-14.wav,14,chirping birds,14,chirping birds,chirping birds; crow; crickets,0.9838738441467285
Logistic Regression,4,4-232495-A-6.wav,6,hen,6,hen,hen; rooster; laughing,0.9996412992477417
Logistic Regression,4,4-234644-A-2.wav,2,pig,2,pig,pig; hen; frog,0.9991412162780762
Logistic Regression,4,4-234879-A-6.wav,6,hen,6,hen,hen; frog; airplane,0.9992355108261108
Logistic Regression,4,4-244318-A-6.wav,6,hen,6,hen,hen; rooster; pig,0.9995262026786804
Logistic Regression,4,4-250864-A-8.wav,8,sheep,8,sheep,sheep; cow; cat,0.963527500629425
Logistic Regression,4,4-250869-A-2.wav,2,pig,2,pig,pig; drinking sipping; laughing,0.9952903389930725
Logistic Regression,4,4-250869-B-2.wav,2,pig,2,pig,pig; frog; sheep,0.9977836608886719
Logistic Regression,4,4-250869-C-2.wav,2,pig,2,pig,pig; frog; sheep,0.9856729507446289
Logistic Regression,4,4-251645-A-49.wav,49,hand saw,49,hand saw,hand saw; vacuum cleaner; chainsaw,0.9998717308044434
Logistic Regression,4,4-251645-B-49.wav,49,hand saw,49,hand saw,hand saw; chainsaw; brushing teeth,0.9998199939727783
Logistic Regression,4,4-251959-A-47.wav,47,airplane,40,helicopter,helicopter; wind; sea waves,0.7340031266212463
Logistic Regression,4,4-253649-A-6.wav,6,hen,6,hen,hen; frog; crying baby,0.7717786431312561
Logistic Regression,4,4-255371-A-47.wav,47,airplane,47,airplane,airplane; helicopter; thunderstorm,0.9999820590019226
Logistic Regression,4,4-261068-A-30.wav,30,door wood knock,30,door wood knock,door wood knock; rooster; footsteps,0.9979124665260315
Logistic Regression,4,4-264453-A-34.wav,34,can opening,34,can opening,can opening; pouring water; crackling fire,0.9994109272956848
Logistic Regression,4,4-59579-A-20.wav,20,crying baby,20,crying baby,crying baby; coughing; breathing,0.9990184903144836
Logistic Regression,4,4-59579-B-20.wav,20,crying baby,20,crying baby,crying baby; laughing; coughing,0.9484170079231262
Logistic Regression,4,4-67358-A-42.wav,42,siren,42,siren,siren; clock alarm; vacuum cleaner,0.9996980428695679
Logistic Regression,4,4-80761-A-42.wav,42,siren,42,siren,siren; helicopter; airplane,0.9995343089103699
Logistic Regression,4,4-90014-A-42.wav,42,siren,42,siren,siren; car horn; helicopter,0.9930579662322998
Logistic Regression,4,4-90014-B-42.wav,42,siren,42,siren,siren; car horn; helicopter,0.9907535314559937
Logistic Regression,4,4-99193-A-4.wav,4,frog,4,frog,frog; hen; chirping birds,0.99945467710495
Logistic Regression,4,4-99193-B-4.wav,4,frog,4,frog,frog; hen; crickets,0.9994461536407471
Logistic Regression,4,4-99644-A-4.wav,4,frog,4,frog,frog; cat; drinking sipping,0.9985259771347046
Logistic Regression,4,4-99644-B-4.wav,4,frog,4,frog,frog; crickets; snoring,0.9962218403816223
Logistic Regression,4,4-99644-C-4.wav,4,frog,4,frog,frog; crickets; thunderstorm,0.9995469450950623
Logistic Regression,4,4-99644-D-4.wav,4,frog,4,frog,frog; crickets; toilet flush,0.9991206526756287
Zero-Shot CLAP,5,5-103415-A-2.wav,2,pig,2,pig,pig; rooster; cow,0.5799233913421631
Zero-Shot CLAP,5,5-103416-A-2.wav,2,pig,6,hen,hen; laughing; cow,0.496468186378479
Zero-Shot CLAP,5,5-103418-A-2.wav,2,pig,2,pig,pig; hen; rooster,0.6159883737564087
Zero-Shot CLAP,5,5-103420-A-2.wav,2,pig,6,hen,hen; crow; pig,0.4453269839286804
Zero-Shot CLAP,5,5-103421-A-2.wav,2,pig,2,pig,pig; hen; rooster,0.6103715896606445
Zero-Shot CLAP,5,5-103422-A-2.wav,2,pig,2,pig,pig; rooster; cow,0.5934904217720032
Zero-Shot CLAP,5,5-117118-A-42.wav,42,siren,42,siren,siren; car horn; chainsaw,0.38947629928588867
Zero-Shot CLAP,5,5-117120-A-42.wav,42,siren,42,siren,siren; car horn; chainsaw,0.36770185828208923
Zero-Shot CLAP,5,5-117122-A-42.wav,42,siren,42,siren,siren; car horn; chainsaw,0.36679607629776
Zero-Shot CLAP,5,5-117250-A-2.wav,2,pig,1,rooster,rooster; pig; crow,0.47524940967559814
Zero-Shot CLAP,5,5-117773-A-16.wav,16,wind,47,airplane,airplane; thunderstorm; rain,0.32829391956329346
Zero-Shot CLAP,5,5-127990-A-2.wav,2,pig,2,pig,pig; hen; rooster,0.4965716600418091
Zero-Shot CLAP,5,5-133989-A-42.wav,42,siren,42,siren,siren; car horn; airplane,0.4424218535423279
Zero-Shot CLAP,5,5-133989-B-42.wav,42,siren,42,siren,siren; car horn; airplane,0.47916078567504883
Zero-Shot CLAP,5,5-141683-A-35.wav,35,washing machine,47,airplane,airplane; helicopter; engine,0.24209704995155334
Zero-Shot CLAP,5,5-147297-A-27.wav,27,brushing teeth,27,brushing teeth,brushing teeth; hand saw; pig,0.5188316106796265
Zero-Shot CLAP,5,5-150409-A-42.wav,42,siren,42,siren,siren; train; car horn,0.3705175518989563
Zero-Shot CLAP,5,5-151085-A-20.wav,20,crying baby,20,crying baby,crying baby; hen; clock alarm,0.38293057680130005
Zero-Shot CLAP,5,5-156026-A-4.wav,4,frog,4,frog,frog; crow; hen,0.34165674448013306
Zero-Shot CLAP,5,5-156026-B-4.wav,4,frog,9,crow,crow; frog; hen,0.40947777032852173
Zero-Shot CLAP,5,5-156026-C-4.wav,4,frog,4,frog,frog; crow; crickets,0.4910973310470581
Zero-Shot CLAP,5,5-156026-D-4.wav,4,frog,9,crow,crow; hen; rooster,0.34478476643562317
Zero-Shot CLAP,5,5-156698-A-18.wav,18,toilet flush,18,toilet flush,toilet flush; brushing teeth; pouring water,0.46238648891448975
Zero-Shot CLAP,5,5-156999-A-19.wav,19,thunderstorm,19,thunderstorm,thunderstorm; glass breaking; crow,0.4836912453174591
Zero-Shot CLAP,5,5-156999-B-19.wav,19,thunderstorm,19,thunderstorm,thunderstorm; fireworks; crow,0.46906518936157227
Zero-Shot CLAP,5,5-156999-C-19.wav,19,thunderstorm,19,thunderstorm,thunderstorm; fireworks; glass breaking,0.3875415623188019
Zero-Shot CLAP,5,5-156999-D-19.wav,19,thunderstorm,19,thunderstorm,thunderstorm; crow; car horn,0.5273682475090027
Zero-Shot CLAP,5,5-156999-E-19.wav,19,thunderstorm,19,thunderstorm,thunderstorm; fireworks; glass breaking,0.5070759057998657
Zero-Shot CLAP,5,5-157204-A-16.wav,16,wind,42,siren,siren; wind; crow,0.1646462380886078
Zero-Shot CLAP,5,5-157204-B-16.wav,16,wind,13,crickets,crickets; siren; breathing,0.13597384095191956
Zero-Shot CLAP,5,5-160551-A-42.wav,42,siren,42,siren,siren; glass breaking; rain,0.38426604866981506
Zero-Shot CLAP,5,5-160614-A-48.wav,48,fireworks,48,fireworks,fireworks; clapping; glass breaking,0.3236587643623352
Zero-Shot CLAP,5,5-160614-B-48.wav,48,fireworks,48,fireworks,fireworks; clapping; crackling fire,0.4604170322418213
Zero-Shot CLAP,5,5-160614-C-48.wav,48,fireworks,48,fireworks,fireworks; clapping; crow,0.4139511287212372
Zero-Shot CLAP,5,5-160614-D-48.wav,48,fireworks,22,clapping,clapping; fireworks; chirping birds,0.3326590061187744
Zero-Shot CLAP,5,5-160614-E-48.wav,48,fireworks,48,fireworks,fireworks; crackling fire; clapping,0.38367486000061035
Zero-Shot CLAP,5,5-160614-F-48.wav,48,fireworks,48,fireworks,fireworks; clapping; crackling fire,0.4169943034648895
Zero-Shot CLAP,5,5-160614-G-48.wav,48,fireworks,48,fireworks,fireworks; clapping; door wood creaks,0.4588187038898468
Zero-Shot CLAP,5,5-160614-H-48.wav,48,fireworks,48,fireworks,fireworks; clapping; crackling fire,0.45673316717147827
Zero-Shot CLAP,5,5-161270-A-33.wav,33,door wood creaks,33,door wood creaks,door wood creaks; door wood knock; frog,0.5414009690284729
Zero-Shot CLAP,5,5-161270-B-33.wav,33,door wood creaks,33,door wood creaks,door wood creaks; frog; door wood knock,0.4697304368019104
Zero-Shot CLAP,5,5-169983-A-5.wav,5,cat,5,cat,cat; crow; door wood creaks,0.5922595262527466
Zero-Shot CLAP,5,5-170338-A-41.wav,41,chainsaw,41,chainsaw,chainsaw; engine; vacuum cleaner,0.3300783634185791
Zero-Shot CLAP,5,5-170338-B-41.wav,41,chainsaw,41,chainsaw,chainsaw; engine; vacuum cleaner,0.4355124235153198
Zero-Shot CLAP,5,5-171118-A-26.wav,26,laughing,26,laughing,laughing; clapping; sneezing,0.4678370952606201
Zero-Shot CLAP,5,5-171653-A-41.wav,41,chainsaw,41,chainsaw,chainsaw; hand saw; vacuum cleaner,0.49146077036857605
Zero-Shot CLAP,5,5-172299-A-5.wav,5,cat,5,cat,cat; crow; crying baby,0.5725888609886169
Zero-Shot CLAP,5,5-172639-A-5.wav,5,cat,5,cat,cat; crow; crying baby,0.6414644718170166
Zero-Shot CLAP,5,5-173568-A-33.wav,33,door wood creaks,33,door wood creaks,door wood creaks; door wood knock; cat,0.5945222973823547
Zero-Shot CLAP,5,5-177034-A-18.wav,18,toilet flush,18,toilet flush,toilet flush; pouring water; brushing teeth,0.531758189201355
Zero-Shot CLAP,5,5-177614-A-5.wav,5,cat,5,cat,cat; crow; hen,0.5757731199264526
Zero-Shot CLAP,5,5-177779-A-33.wav,33,door wood creaks,33,door wood creaks,door wood creaks; mouse click; door wood knock,0.29845190048217773
Zero-Shot CLAP,5,5-177957-A-40.wav,40,helicopter,40,helicopter,helicopter; airplane; engine,0.19272810220718384
Zero-Shot CLAP,5,5-177957-B-40.wav,40,helicopter,40,helicopter,helicopter; airplane; engine,0.27584394812583923
Zero-Shot CLAP,5,5-177957-C-40.wav,40,helicopter,40,helicopter,helicopter; airplane; engine,0.4339788556098938
Zero-Shot CLAP,5,5-177957-D-40.wav,40,helicopter,40,helicopter,helicopter; airplane; engine,0.37728986144065857
Zero-Shot CLAP,5,5-177957-E-40.wav,40,helicopter,40,helicopter,helicopter; airplane; engine,0.2456524670124054
Zero-Shot CLAP,5,5-178997-A-24.wav,24,coughing,24,coughing,coughing; rooster; crickets,0.5120947360992432
Zero-Shot CLAP,5,5-179294-A-46.wav,46,church bells,46,church bells,church bells; footsteps; clock alarm,0.46304601430892944
Zero-Shot CLAP,5,5-179496-A-16.wav,16,wind,45,train,train; crow; siren,0.1835576891899109
Zero-Shot CLAP,5,5-179496-B-16.wav,16,wind,43,car horn,car horn; crow; train,0.23658625781536102
Zero-Shot CLAP,5,5-179860-A-43.wav,43,car horn,43,car horn,car horn; siren; crow,0.38529661297798157
Zero-Shot CLAP,5,5-179863-A-43.wav,43,car horn,43,car horn,car horn; siren; cat,0.3663293421268463
Zero-Shot CLAP,5,5-179865-A-43.wav,43,car horn,43,car horn,car horn; siren; crow,0.4487144947052002
Zero-Shot CLAP,5,5-179866-A-43.wav,43,car horn,43,car horn,car horn; crow; clock alarm,0.4316948652267456
Zero-Shot CLAP,5,5-179868-A-43.wav,43,car horn,43,car horn,car horn; siren; can opening,0.397909551858902
Zero-Shot CLAP,5,5-180156-A-43.wav,43,car horn,43,car horn,car horn; siren; clapping,0.29717105627059937
Zero-Shot CLAP,5,5-180156-B-43.wav,43,car horn,43,car horn,car horn; door wood creaks; footsteps,0.3019563555717468
Zero-Shot CLAP,5,5-180156-C-43.wav,43,car horn,43,car horn,car horn; door wood creaks; siren,0.267397940158844
Zero-Shot CLAP,5,5-180229-A-27.wav,27,brushing teeth,27,brushing teeth,brushing teeth; hand saw; pig,0.4842534065246582
Zero-Shot CLAP,5,5-181458-A-33.wav,33,door wood creaks,33,door wood creaks,door wood creaks; door wood knock; cat,0.5934311151504517
Zero-Shot CLAP,5,5-181766-A-10.wav,10,rain,10,rain,rain; water drops; thunderstorm,0.46576470136642456
Zero-Shot CLAP,5,5-181977-A-35.wav,35,washing machine,35,washing machine,washing machine; cat; hen,0.38650697469711304
Zero-Shot CLAP,5,5-182007-A-36.wav,36,vacuum cleaner,40,helicopter,helicopter; airplane; engine,0.44679486751556396
Zero-Shot CLAP,5,5-182010-A-36.wav,36,vacuum cleaner,47,airplane,airplane; helicopter; vacuum cleaner,0.3882949650287628
Zero-Shot CLAP,5,5-182012-A-36.wav,36,vacuum cleaner,36,vacuum cleaner,vacuum cleaner; airplane; helicopter,0.4084954857826233
Zero-Shot CLAP,5,5-182404-A-18.wav,18,toilet flush,18,toilet flush,toilet flush; pouring water; washing machine,0.6061089038848877
Zero-Shot CLAP,5,5-184323-A-42.wav,42,siren,42,siren,siren; car horn; crow,0.41898399591445923
Zero-Shot CLAP,5,5-184871-A-24.wav,24,coughing,24,coughing,coughing; laughing; sneezing,0.3915065824985504
Zero-Shot CLAP,5,5-185516-A-27.wav,27,brushing teeth,27,brushing teeth,brushing teeth; hand saw; water drops,0.5411554574966431
Zero-Shot CLAP,5,5-185579-A-41.wav,41,chainsaw,41,chainsaw,chainsaw; hand saw; engine,0.49986279010772705
Zero-Shot CLAP,5,5-185579-B-41.wav,41,chainsaw,41,chainsaw,chainsaw; vacuum cleaner; hand saw,0.4119860529899597
Zero-Shot CLAP,5,5-185908-A-18.wav,18,toilet flush,18,toilet flush,toilet flush; brushing teeth; pouring water,0.4854554831981659
Zero-Shot CLAP,5,5-186924-A-12.wav,12,crackling fire,12,crackling fire,crackling fire; thunderstorm; rain,0.4513963460922241
Zero-Shot CLAP,5,5-187201-A-4.wav,4,frog,4,frog,frog; crickets; insects,0.5450590252876282
Zero-Shot CLAP,5,5-187201-B-4.wav,4,frog,4,frog,frog; crickets; chirping birds,0.48869672417640686
Zero-Shot CLAP,5,5-187444-A-33.wav,33,door wood creaks,33,door wood creaks,door wood creaks; door wood knock; cow,0.5421885251998901
Zero-Shot CLAP,5,5-187979-A-21.wav,21,sneezing,21,sneezing,sneezing; coughing; cat,0.58988356590271
Zero-Shot CLAP,5,5-188365-A-36.wav,36,vacuum cleaner,36,vacuum cleaner,vacuum cleaner; cat; brushing teeth,0.2773638963699341
Zero-Shot CLAP,5,5-188495-A-19.wav,19,thunderstorm,19,thunderstorm,thunderstorm; church bells; crow,0.4340953230857849
Zero-Shot CLAP,5,5-188606-A-33.wav,33,door wood creaks,33,door wood creaks,door wood creaks; door wood knock; mouse click,0.5705599784851074
Zero-Shot CLAP,5,5-188655-A-10.wav,10,rain,10,rain,rain; water drops; pouring water,0.41744810342788696
Zero-Shot CLAP,5,5-188716-A-46.wav,46,church bells,46,church bells,church bells; water drops; car horn,0.5500316023826599
Zero-Shot CLAP,5,5-188796-A-45.wav,45,train,45,train,train; door wood knock; washing machine,0.3644039034843445
Zero-Shot CLAP,5,5-188945-A-45.wav,45,train,45,train,train; thunderstorm; airplane,0.38976240158081055
Zero-Shot CLAP,5,5-189212-A-12.wav,12,crackling fire,12,crackling fire,crackling fire; glass breaking; thunderstorm,0.41709840297698975
Zero-Shot CLAP,5,5-189237-A-12.wav,12,crackling fire,12,crackling fire,crackling fire; glass breaking; water drops,0.36603838205337524
Zero-Shot CLAP,5,5-189795-A-4.wav,4,frog,4,frog,frog; crickets; rooster,0.5645288228988647
Zero-Shot CLAP,5,5-191131-A-40.wav,40,helicopter,47,airplane,airplane; thunderstorm; engine,0.3686453700065613
Zero-Shot CLAP,5,5-191497-A-33.wav,33,door wood creaks,33,door wood creaks,door wood creaks; door wood knock; frog,0.5046076774597168
Zero-Shot CLAP,5,5-192191-A-19.wav,19,thunderstorm,19,thunderstorm,thunderstorm; crow; church bells,0.44245854020118713
Zero-Shot CLAP,5,5-193339-A-10.wav,10,rain,10,rain,rain; water drops; pouring water,0.45185360312461853
Zero-Shot CLAP,5,5-193473-A-12.wav,12,crackling fire,12,crackling fire,crackling fire; rooster; rain,0.4262365996837616
Zero-Shot CLAP,5,5-193473-B-12.wav,12,crackling fire,12,crackling fire,crackling fire; rain; thunderstorm,0.3859078288078308
Zero-Shot CLAP,5,5-194533-A-21.wav,21,sneezing,21,sneezing,sneezing; coughing; cat,0.45636647939682007
Zero-Shot CLAP,5,5-194892-A-10.wav,10,rain,10,rain,rain; water drops; thunderstorm,0.4649171233177185
Zero-Shot CLAP,5,5-194899-A-3.wav,3,cow,3,cow,cow; rooster; sheep,0.5723097920417786
Zero-Shot CLAP,5,5-194899-B-3.wav,3,cow,3,cow,cow; rooster; pig,0.45255032181739807
Zero-Shot CLAP,5,5-194899-C-3.wav,3,cow,3,cow,cow; rooster; sheep,0.5945242643356323
Zero-Shot CLAP,5,5-194899-D-3.wav,3,cow,3,cow,cow; rooster; cat,0.47400370240211487
Zero-Shot CLAP,5,5-194930-A-1.wav,1,rooster,1,rooster,rooster; hen; clapping,0.3978060185909271
Zero-Shot CLAP,5,5-194930-B-1.wav,1,rooster,1,rooster,rooster; hen; cow,0.41180846095085144
Zero-Shot CLAP,5,5-194932-A-7.wav,7,insects,5,cat,cat; cow; hen,0.3144926428794861
Zero-Shot CLAP,5,5-195517-A-7.wav,7,insects,4,frog,frog; crickets; cat,0.25255435705184937
Zero-Shot CLAP,5,5-195518-A-7.wav,7,insects,5,cat,cat; hen; brushing teeth,0.24028369784355164
Zero-Shot CLAP,5,5-195557-A-19.wav,19,thunderstorm,19,thunderstorm,thunderstorm; church bells; crow,0.4746105670928955
Zero-Shot CLAP,5,5-195710-A-10.wav,10,rain,10,rain,rain; water drops; washing machine,0.5673786401748657
Zero-Shot CLAP,5,5-197118-A-45.wav,45,train,45,train,train; engine; chirping birds,0.33200427889823914
Zero-Shot CLAP,5,5-197121-A-45.wav,45,train,45,train,train; clock alarm; footsteps,0.34120073914527893
Zero-Shot CLAP,5,5-197121-B-45.wav,45,train,45,train,train; clapping; clock alarm,0.3348914682865143
Zero-Shot CLAP,5,5-197446-A-7.wav,7,insects,7,insects,insects; frog; cat,0.3202020823955536
Zero-Shot CLAP,5,5-197913-A-18.wav,18,toilet flush,18,toilet flush,toilet flush; pouring water; brushing teeth,0.511733889579773
Zero-Shot CLAP,5,5-197988-A-46.wav,46,church bells,46,church bells,church bells; clock alarm; water drops,0.548905611038208
Zero-Shot CLAP,5,5-198278-A-7.wav,7,insects,27,brushing teeth,brushing teeth; insects; vacuum cleaner,0.3573768138885498
Zero-Shot CLAP,5,5-198278-B-7.wav,7,insects,7,insects,insects; engine; rain,0.33236247301101685
Zero-Shot CLAP,5,5-198278-C-7.wav,7,insects,7,insects,insects; vacuum cleaner; engine,0.32684525847435
Zero-Shot CLAP,5,5-198321-A-10.wav,10,rain,10,rain,rain; water drops; pouring water,0.4412992596626282
Zero-Shot CLAP,5,5-198373-A-46.wav,46,church bells,46,church bells,church bells; car horn; clock tick,0.5625876188278198
Zero-Shot CLAP,5,5-198411-A-20.wav,20,crying baby,20,crying baby,crying baby; rooster; clock alarm,0.31809839606285095
Zero-Shot CLAP,5,5-198411-B-20.wav,20,crying baby,20,crying baby,crying baby; laughing; cat,0.3691084384918213
Zero-Shot CLAP,5,5-198411-C-20.wav,20,crying baby,20,crying baby,crying baby; clock alarm; cat,0.3938855528831482
Zero-Shot CLAP,5,5-198411-D-20.wav,20,crying baby,20,crying baby,crying baby; cat; cow,0.41919124126434326
Zero-Shot CLAP,5,5-198411-E-20.wav,20,crying baby,20,crying baby,crying baby; cat; clock alarm,0.4230949878692627
Zero-Shot CLAP,5,5-198411-F-20.wav,20,crying baby,20,crying baby,crying baby; clock alarm; cat,0.3832930326461792
Zero-Shot CLAP,5,5-198411-G-20.wav,20,crying baby,20,crying baby,crying baby; cat; water drops,0.44124335050582886
Zero-Shot CLAP,5,5-198600-A-45.wav,45,train,45,train,train; car horn; clock alarm,0.358917772769928
Zero-Shot CLAP,5,5-198891-A-8.wav,8,sheep,8,sheep,sheep; cow; rooster,0.5259984135627747
Zero-Shot CLAP,5,5-198891-B-8.wav,8,sheep,8,sheep,sheep; cow; hen,0.5076026916503906
Zero-Shot CLAP,5,5-198891-C-8.wav,8,sheep,8,sheep,sheep; cow; hen,0.5413873195648193
Zero-Shot CLAP,5,5-198891-D-8.wav,8,sheep,8,sheep,sheep; cow; pig,0.5948975086212158
Zero-Shot CLAP,5,5-199284-A-45.wav,45,train,45,train,train; car horn; clock alarm,0.36653876304626465
Zero-Shot CLAP,5,5-199284-B-45.wav,45,train,45,train,train; wind; clapping,0.3930615186691284
Zero-Shot CLAP,5,5-200329-A-8.wav,8,sheep,8,sheep,sheep; cow; rooster,0.5688589811325073
Zero-Shot CLAP,5,5-200329-B-8.wav,8,sheep,8,sheep,sheep; cow; crow,0.5480507016181946
Zero-Shot CLAP,5,5-200329-C-8.wav,8,sheep,8,sheep,sheep; cow; rooster,0.49186548590660095
Zero-Shot CLAP,5,5-200334-A-1.wav,1,rooster,1,rooster,rooster; hen; clapping,0.4127451777458191
Zero-Shot CLAP,5,5-200334-B-1.wav,1,rooster,1,rooster,rooster; hen; crow,0.4086599051952362
Zero-Shot CLAP,5,5-200339-A-1.wav,1,rooster,1,rooster,rooster; hen; cow,0.46676528453826904
Zero-Shot CLAP,5,5-200461-A-11.wav,11,sea waves,11,sea waves,sea waves; washing machine; pouring water,0.4238686263561249
Zero-Shot CLAP,5,5-200461-B-11.wav,11,sea waves,11,sea waves,sea waves; washing machine; pouring water,0.4218079447746277
Zero-Shot CLAP,5,5-201170-A-46.wav,46,church bells,46,church bells,church bells; clapping; water drops,0.49213749170303345
Zero-Shot CLAP,5,5-201172-A-46.wav,46,church bells,46,church bells,church bells; water drops; rain,0.5024644136428833
Zero-Shot CLAP,5,5-201194-A-38.wav,38,clock tick,38,clock tick,clock tick; clock alarm; water drops,0.3714713454246521
Zero-Shot CLAP,5,5-201274-A-21.wav,21,sneezing,21,sneezing,sneezing; cat; crow,0.5523311495780945
Zero-Shot CLAP,5,5-201664-A-18.wav,18,toilet flush,27,brushing teeth,brushing teeth; toilet flush; pouring water,0.4308602511882782
Zero-Shot CLAP,5,5-202020-A-18.wav,18,toilet flush,18,toilet flush,toilet flush; pouring water; brushing teeth,0.5309358835220337
Zero-Shot CLAP,5,5-202220-A-21.wav,21,sneezing,21,sneezing,sneezing; coughing; laughing,0.38838133215904236
Zero-Shot CLAP,5,5-202540-A-18.wav,18,toilet flush,18,toilet flush,toilet flush; brushing teeth; pouring water,0.5552546977996826
Zero-Shot CLAP,5,5-202795-A-3.wav,3,cow,3,cow,cow; rooster; snoring,0.43485528230667114
Zero-Shot CLAP,5,5-202898-A-10.wav,10,rain,15,water drops,water drops; pouring water; rain,0.3999043405056
Zero-Shot CLAP,5,5-203128-A-0.wav,0,dog,0,dog,dog; cat; brushing teeth,0.3266657590866089
Zero-Shot CLAP,5,5-203128-B-0.wav,0,dog,0,dog,dog; hen; rooster,0.25931793451309204
Zero-Shot CLAP,5,5-203739-A-10.wav,10,rain,10,rain,rain; water drops; clapping,0.43560725450515747
Zero-Shot CLAP,5,5-204114-A-29.wav,29,drinking sipping,2,pig,pig; drinking sipping; brushing teeth,0.32467707991600037
Zero-Shot CLAP,5,5-204352-A-13.wav,13,crickets,13,crickets,crickets; insects; frog,0.6085882186889648
Zero-Shot CLAP,5,5-204352-B-13.wav,13,crickets,13,crickets,crickets; insects; frog,0.6152387857437134
Zero-Shot CLAP,5,5-204604-A-24.wav,24,coughing,24,coughing,coughing; hen; laughing,0.5571146607398987
Zero-Shot CLAP,5,5-204741-A-46.wav,46,church bells,46,church bells,church bells; clock alarm; water drops,0.48977577686309814
Zero-Shot CLAP,5,5-205090-A-32.wav,32,keyboard typing,31,mouse click,mouse click; door wood knock; keyboard typing,0.2948912978172302
Zero-Shot CLAP,5,5-205589-A-17.wav,17,pouring water,17,pouring water,pouring water; water drops; brushing teeth,0.403655469417572
Zero-Shot CLAP,5,5-205589-B-17.wav,17,pouring water,17,pouring water,pouring water; water drops; brushing teeth,0.4745280146598816
Zero-Shot CLAP,5,5-205898-A-40.wav,40,helicopter,47,airplane,airplane; helicopter; engine,0.4573941230773926
Zero-Shot CLAP,5,5-207681-A-24.wav,24,coughing,24,coughing,coughing; rooster; laughing,0.4982486367225647
Zero-Shot CLAP,5,5-207781-A-17.wav,17,pouring water,17,pouring water,pouring water; water drops; drinking sipping,0.4076632857322693
Zero-Shot CLAP,5,5-207811-A-35.wav,35,washing machine,35,washing machine,washing machine; engine; airplane,0.3405669331550598
Zero-Shot CLAP,5,5-207811-B-35.wav,35,washing machine,47,airplane,airplane; helicopter; vacuum cleaner,0.42398813366889954
Zero-Shot CLAP,5,5-207836-A-29.wav,29,drinking sipping,2,pig,pig; drinking sipping; cat,0.4084239900112152
Zero-Shot CLAP,5,5-207836-B-29.wav,29,drinking sipping,29,drinking sipping,drinking sipping; brushing teeth; pouring water,0.4546053409576416
Zero-Shot CLAP,5,5-207836-C-29.wav,29,drinking sipping,29,drinking sipping,drinking sipping; pouring water; coughing,0.586605966091156
Zero-Shot CLAP,5,5-207836-D-29.wav,29,drinking sipping,29,drinking sipping,drinking sipping; pig; pouring water,0.605298638343811
Zero-Shot CLAP,5,5-208030-A-0.wav,0,dog,0,dog,dog; brushing teeth; can opening,0.27511066198349
Zero-Shot CLAP,5,5-208624-A-38.wav,38,clock tick,38,clock tick,clock tick; clock alarm; water drops,0.5603792667388916
Zero-Shot CLAP,5,5-208761-A-24.wav,24,coughing,24,coughing,coughing; laughing; rooster,0.33251044154167175
Zero-Shot CLAP,5,5-208810-A-11.wav,11,sea waves,11,sea waves,sea waves; vacuum cleaner; glass breaking,0.46229004859924316
Zero-Shot CLAP,5,5-208810-B-11.wav,11,sea waves,11,sea waves,sea waves; clapping; rain,0.5374946594238281
Zero-Shot CLAP,5,5-209698-A-38.wav,38,clock tick,38,clock tick,clock tick; clock alarm; mouse click,0.46770521998405457
Zero-Shot CLAP,5,5-209719-A-24.wav,24,coughing,24,coughing,coughing; cat; cow,0.516312301158905
Zero-Shot CLAP,5,5-209833-A-38.wav,38,clock tick,38,clock tick,clock tick; clock alarm; water drops,0.48729220032691956
Zero-Shot CLAP,5,5-209989-A-22.wav,22,clapping,22,clapping,clapping; brushing teeth; water drops,0.4480510652065277
Zero-Shot CLAP,5,5-209992-A-44.wav,44,engine,44,engine,engine; helicopter; airplane,0.13151009380817413
Zero-Shot CLAP,5,5-209992-B-44.wav,44,engine,44,engine,engine; airplane; hen,0.2731700539588928
Zero-Shot CLAP,5,5-210540-A-13.wav,13,crickets,13,crickets,crickets; insects; frog,0.4898551106452942
Zero-Shot CLAP,5,5-210571-A-38.wav,38,clock tick,38,clock tick,clock tick; clock alarm; mouse click,0.6063832640647888
Zero-Shot CLAP,5,5-210612-A-37.wav,37,clock alarm,37,clock alarm,clock alarm; cat; siren,0.4369734823703766
Zero-Shot CLAP,5,5-211197-A-24.wav,24,coughing,24,coughing,coughing; laughing; crickets,0.4834022521972656
Zero-Shot CLAP,5,5-211408-A-37.wav,37,clock alarm,37,clock alarm,clock alarm; clock tick; water drops,0.5357433557510376
Zero-Shot CLAP,5,5-212050-A-27.wav,27,brushing teeth,27,brushing teeth,brushing teeth; hand saw; pig,0.48441386222839355
Zero-Shot CLAP,5,5-212054-A-36.wav,36,vacuum cleaner,36,vacuum cleaner,vacuum cleaner; brushing teeth; cat,0.4360424876213074
Zero-Shot CLAP,5,5-212059-A-36.wav,36,vacuum cleaner,36,vacuum cleaner,vacuum cleaner; brushing teeth; hand saw,0.4848743677139282
Zero-Shot CLAP,5,5-212181-A-38.wav,38,clock tick,38,clock tick,clock tick; mouse click; clock alarm,0.43440961837768555
Zero-Shot CLAP,5,5-212454-A-0.wav,0,dog,0,dog,dog; brushing teeth; rooster,0.12582670152187347
Zero-Shot CLAP,5,5-212730-A-17.wav,17,pouring water,15,water drops,water drops; pouring water; drinking sipping,0.40136951208114624
Zero-Shot CLAP,5,5-212734-A-17.wav,17,pouring water,17,pouring water,pouring water; water drops; drinking sipping,0.495096892118454
Zero-Shot CLAP,5,5-212736-A-17.wav,17,pouring water,17,pouring water,pouring water; water drops; drinking sipping,0.40663522481918335
Zero-Shot CLAP,5,5-213077-A-11.wav,11,sea waves,11,sea waves,sea waves; wind; rain,0.5392440557479858
Zero-Shot CLAP,5,5-213293-A-23.wav,23,breathing,23,breathing,breathing; coughing; wind,0.36695533990859985
Zero-Shot CLAP,5,5-213802-A-12.wav,12,crackling fire,12,crackling fire,crackling fire; pouring water; vacuum cleaner,0.2920098900794983
Zero-Shot CLAP,5,5-213836-A-9.wav,9,crow,9,crow,crow; rooster; car horn,0.46302348375320435
Zero-Shot CLAP,5,5-213836-B-9.wav,9,crow,9,crow,crow; rooster; glass breaking,0.45112210512161255
Zero-Shot CLAP,5,5-213836-C-9.wav,9,crow,9,crow,crow; rooster; car horn,0.45860955119132996
Zero-Shot CLAP,5,5-213836-D-9.wav,9,crow,9,crow,crow; rooster; hen,0.4719061255455017
Zero-Shot CLAP,5,5-213855-A-0.wav,0,dog,0,dog,dog; siren; car horn,0.13885119557380676
Zero-Shot CLAP,5,5-214362-A-17.wav,17,pouring water,29,drinking sipping,drinking sipping; pouring water; water drops,0.34017878770828247
Zero-Shot CLAP,5,5-214759-A-5.wav,5,cat,5,cat,cat; crow; crying baby,0.5169909596443176
Zero-Shot CLAP,5,5-214759-B-5.wav,5,cat,5,cat,cat; crow; crying baby,0.55876225233078
Zero-Shot CLAP,5,5-214869-A-9.wav,9,crow,9,crow,crow; rooster; hen,0.40648460388183594
Zero-Shot CLAP,5,5-215005-A-32.wav,32,keyboard typing,32,keyboard typing,keyboard typing; water drops; clapping,0.35801130533218384
Zero-Shot CLAP,5,5-215172-A-13.wav,13,crickets,13,crickets,crickets; insects; frog,0.554212212562561
Zero-Shot CLAP,5,5-215179-A-13.wav,13,crickets,13,crickets,crickets; insects; crow,0.4147346317768097
Zero-Shot CLAP,5,5-215445-A-47.wav,47,airplane,47,airplane,airplane; thunderstorm; wind,0.4561327397823334
Zero-Shot CLAP,5,5-215447-A-47.wav,47,airplane,47,airplane,airplane; wind; clock tick,0.4101529121398926
Zero-Shot CLAP,5,5-215449-A-47.wav,47,airplane,47,airplane,airplane; thunderstorm; glass breaking,0.4073048233985901
Zero-Shot CLAP,5,5-215634-A-17.wav,17,pouring water,17,pouring water,pouring water; drinking sipping; water drops,0.3981306552886963
Zero-Shot CLAP,5,5-215658-A-12.wav,12,crackling fire,12,crackling fire,crackling fire; thunderstorm; rain,0.44176146388053894
Zero-Shot CLAP,5,5-215658-B-12.wav,12,crackling fire,12,crackling fire,crackling fire; thunderstorm; rain,0.4457284212112427
Zero-Shot CLAP,5,5-216131-A-32.wav,32,keyboard typing,22,clapping,clapping; keyboard typing; mouse click,0.30619561672210693
Zero-Shot CLAP,5,5-216213-A-13.wav,13,crickets,13,crickets,crickets; frog; insects,0.5202711820602417
Zero-Shot CLAP,5,5-216214-A-13.wav,13,crickets,13,crickets,crickets; chirping birds; insects,0.47966331243515015
Zero-Shot CLAP,5,5-216216-A-13.wav,13,crickets,13,crickets,crickets; insects; frog,0.5531094074249268
Zero-Shot CLAP,5,5-216368-A-28.wav,28,snoring,28,snoring,snoring; rooster; breathing,0.5211468935012817
Zero-Shot CLAP,5,5-216370-A-41.wav,41,chainsaw,41,chainsaw,chainsaw; hand saw; cow,0.43545058369636536
Zero-Shot CLAP,5,5-216370-B-41.wav,41,chainsaw,41,chainsaw,chainsaw; hand saw; engine,0.48808062076568604
Zero-Shot CLAP,5,5-217158-A-0.wav,0,dog,0,dog,dog; crow; clock alarm,0.24611826241016388
Zero-Shot CLAP,5,5-217186-A-16.wav,16,wind,14,chirping birds,chirping birds; airplane; car horn,0.20392096042633057
Zero-Shot CLAP,5,5-217186-B-16.wav,16,wind,16,wind,wind; siren; crow,0.28478768467903137
Zero-Shot CLAP,5,5-217186-C-16.wav,16,wind,16,wind,wind; crow; thunderstorm,0.3496728539466858
Zero-Shot CLAP,5,5-218196-A-27.wav,27,brushing teeth,27,brushing teeth,brushing teeth; hand saw; pig,0.49383240938186646
Zero-Shot CLAP,5,5-218196-B-27.wav,27,brushing teeth,27,brushing teeth,brushing teeth; hand saw; pig,0.5210034847259521
Zero-Shot CLAP,5,5-218494-A-22.wav,22,clapping,22,clapping,clapping; mouse click; rooster,0.5734421610832214
Zero-Shot CLAP,5,5-218980-A-30.wav,30,door wood knock,30,door wood knock,door wood knock; door wood creaks; mouse click,0.49667584896087646
Zero-Shot CLAP,5,5-218981-A-30.wav,30,door wood knock,30,door wood knock,door wood knock; door wood creaks; can opening,0.45815202593803406
Zero-Shot CLAP,5,5-219044-A-46.wav,46,church bells,46,church bells,church bells; clock alarm; water drops,0.4835600256919861
Zero-Shot CLAP,5,5-219242-A-37.wav,37,clock alarm,37,clock alarm,clock alarm; cat; frog,0.46325623989105225
Zero-Shot CLAP,5,5-219242-B-37.wav,37,clock alarm,37,clock alarm,clock alarm; frog; mouse click,0.50641930103302
Zero-Shot CLAP,5,5-219318-A-31.wav,31,mouse click,31,mouse click,mouse click; keyboard typing; clock tick,0.4467740058898926
Zero-Shot CLAP,5,5-219342-A-38.wav,38,clock tick,38,clock tick,clock tick; clock alarm; frog,0.43061530590057373
Zero-Shot CLAP,5,5-219379-A-11.wav,11,sea waves,11,sea waves,sea waves; clapping; vacuum cleaner,0.48867905139923096
Zero-Shot CLAP,5,5-219379-B-11.wav,11,sea waves,11,sea waves,sea waves; rain; water drops,0.5204967260360718
Zero-Shot CLAP,5,5-219379-C-11.wav,11,sea waves,11,sea waves,sea waves; rain; clapping,0.4999438524246216
Zero-Shot CLAP,5,5-220026-A-21.wav,21,sneezing,21,sneezing,sneezing; coughing; cat,0.657680869102478
Zero-Shot CLAP,5,5-220027-A-21.wav,21,sneezing,21,sneezing,sneezing; vacuum cleaner; coughing,0.6445198059082031
Zero-Shot CLAP,5,5-220939-A-27.wav,27,brushing teeth,27,brushing teeth,brushing teeth; hen; clapping,0.40557625889778137
Zero-Shot CLAP,5,5-220955-A-40.wav,40,helicopter,38,clock tick,clock tick; car horn; footsteps,0.23940598964691162
Zero-Shot CLAP,5,5-221518-A-21.wav,21,sneezing,21,sneezing,sneezing; coughing; cat,0.6117312908172607
Zero-Shot CLAP,5,5-221528-A-39.wav,39,glass breaking,39,glass breaking,glass breaking; can opening; cat,0.45082440972328186
Zero-Shot CLAP,5,5-221529-A-39.wav,39,glass breaking,39,glass breaking,glass breaking; can opening; cat,0.43166041374206543
Zero-Shot CLAP,5,5-221567-A-22.wav,22,clapping,22,clapping,clapping; toilet flush; fireworks,0.497671902179718
Zero-Shot CLAP,5,5-221568-A-22.wav,22,clapping,22,clapping,clapping; glass breaking; pouring water,0.45199668407440186
Zero-Shot CLAP,5,5-221593-A-21.wav,21,sneezing,21,sneezing,sneezing; coughing; cat,0.5964449644088745
Zero-Shot CLAP,5,5-221878-A-34.wav,34,can opening,34,can opening,can opening; car horn; glass breaking,0.39371252059936523
Zero-Shot CLAP,5,5-221950-A-22.wav,22,clapping,22,clapping,clapping; glass breaking; mouse click,0.2614585757255554
Zero-Shot CLAP,5,5-222041-A-9.wav,9,crow,9,crow,crow; rooster; wind,0.39155805110931396
Zero-Shot CLAP,5,5-222524-A-41.wav,41,chainsaw,44,engine,engine; vacuum cleaner; airplane,0.33622390031814575
Zero-Shot CLAP,5,5-222894-A-32.wav,32,keyboard typing,32,keyboard typing,keyboard typing; mouse click; brushing teeth,0.3404996395111084
Zero-Shot CLAP,5,5-223099-A-32.wav,32,keyboard typing,31,mouse click,mouse click; keyboard typing; can opening,0.4823673963546753
Zero-Shot CLAP,5,5-223099-B-32.wav,32,keyboard typing,31,mouse click,mouse click; keyboard typing; clapping,0.3532905876636505
Zero-Shot CLAP,5,5-223103-A-31.wav,31,mouse click,31,mouse click,mouse click; drinking sipping; can opening,0.36118316650390625
Zero-Shot CLAP,5,5-223176-A-37.wav,37,clock alarm,37,clock alarm,clock alarm; frog; cat,0.4698503017425537
Zero-Shot CLAP,5,5-223317-A-31.wav,31,mouse click,31,mouse click,mouse click; clock tick; frog,0.5298538208007812
Zero-Shot CLAP,5,5-223810-A-35.wav,35,washing machine,15,water drops,water drops; washing machine; clock tick,0.3744931221008301
Zero-Shot CLAP,5,5-231551-A-36.wav,36,vacuum cleaner,36,vacuum cleaner,vacuum cleaner; cat; brushing teeth,0.43362516164779663
Zero-Shot CLAP,5,5-231762-A-0.wav,0,dog,1,rooster,rooster; dog; cat,0.29049932956695557
Zero-Shot CLAP,5,5-232272-A-44.wav,44,engine,44,engine,engine; airplane; cat,0.32601433992385864
Zero-Shot CLAP,5,5-232802-A-31.wav,31,mouse click,31,mouse click,mouse click; keyboard typing; brushing teeth,0.5061590075492859
Zero-Shot CLAP,5,5-232816-A-23.wav,23,breathing,23,breathing,breathing; snoring; drinking sipping,0.2414538562297821
Zero-Shot CLAP,5,5-233019-A-31.wav,31,mouse click,31,mouse click,mouse click; door wood creaks; clock tick,0.37298083305358887
Zero-Shot CLAP,5,5-233160-A-1.wav,1,rooster,1,rooster,rooster; hen; crow,0.4088563323020935
Zero-Shot CLAP,5,5-233260-A-23.wav,23,breathing,23,breathing,breathing; snoring; coughing,0.3948669135570526
Zero-Shot CLAP,5,5-233312-A-28.wav,28,snoring,28,snoring,snoring; rooster; cat,0.5386667847633362
Zero-Shot CLAP,5,5-233605-A-39.wav,39,glass breaking,39,glass breaking,glass breaking; can opening; cat,0.47892606258392334
Zero-Shot CLAP,5,5-233607-A-39.wav,39,glass breaking,39,glass breaking,glass breaking; can opening; cat,0.5048454403877258
Zero-Shot CLAP,5,5-233645-A-37.wav,37,clock alarm,37,clock alarm,clock alarm; clock tick; hen,0.5423808097839355
Zero-Shot CLAP,5,5-233787-A-7.wav,7,insects,3,cow,cow; sheep; hand saw,0.1842225193977356
Zero-Shot CLAP,5,5-234145-A-28.wav,28,snoring,28,snoring,snoring; pig; dog,0.45169466733932495
Zero-Shot CLAP,5,5-234247-A-37.wav,37,clock alarm,37,clock alarm,clock alarm; clock tick; frog,0.5957424640655518
Zero-Shot CLAP,5,5-234263-A-25.wav,25,footsteps,25,footsteps,footsteps; door wood knock; cat,0.4656022787094116
Zero-Shot CLAP,5,5-234335-A-23.wav,23,breathing,23,breathing,breathing; coughing; sneezing,0.3280658721923828
Zero-Shot CLAP,5,5-234855-A-25.wav,25,footsteps,25,footsteps,footsteps; cat; car horn,0.40841519832611084
Zero-Shot CLAP,5,5-234879-A-1.wav,1,rooster,1,rooster,rooster; hen; cow,0.44394248723983765
Zero-Shot CLAP,5,5-234879-B-1.wav,1,rooster,1,rooster,rooster; hen; clapping,0.41210371255874634
Zero-Shot CLAP,5,5-234923-A-32.wav,32,keyboard typing,32,keyboard typing,keyboard typing; mouse click; clapping,0.33973801136016846
Zero-Shot CLAP,5,5-235507-A-44.wav,44,engine,44,engine,engine; hen; clock tick,0.28780823945999146
Zero-Shot CLAP,5,5-235593-A-23.wav,23,breathing,23,breathing,breathing; wind; crying baby,0.31662389636039734
Zero-Shot CLAP,5,5-235644-A-30.wav,30,door wood knock,30,door wood knock,door wood knock; door wood creaks; rooster,0.5710759162902832
Zero-Shot CLAP,5,5-235671-A-38.wav,38,clock tick,38,clock tick,clock tick; water drops; mouse click,0.48778271675109863
Zero-Shot CLAP,5,5-235874-A-28.wav,28,snoring,28,snoring,snoring; drinking sipping; rooster,0.35539552569389343
Zero-Shot CLAP,5,5-235893-A-28.wav,28,snoring,28,snoring,snoring; breathing; rooster,0.28237611055374146
Zero-Shot CLAP,5,5-235956-A-47.wav,47,airplane,47,airplane,airplane; wind; car horn,0.373923659324646
Zero-Shot CLAP,5,5-236288-A-28.wav,28,snoring,28,snoring,snoring; rooster; breathing,0.48327454924583435
Zero-Shot CLAP,5,5-236299-A-34.wav,34,can opening,34,can opening,can opening; mouse click; glass breaking,0.3452761769294739
Zero-Shot CLAP,5,5-237315-A-31.wav,31,mouse click,31,mouse click,mouse click; frog; clock tick,0.48806798458099365
Zero-Shot CLAP,5,5-237499-A-4.wav,4,frog,4,frog,frog; cat; crying baby,0.5043379068374634
Zero-Shot CLAP,5,5-237795-A-34.wav,34,can opening,34,can opening,can opening; coughing; glass breaking,0.4181419610977173
Zero-Shot CLAP,5,5-238021-A-35.wav,35,washing machine,47,airplane,airplane; helicopter; engine,0.36429405212402344
Zero-Shot CLAP,5,5-238492-A-23.wav,23,breathing,23,breathing,breathing; coughing; pig,0.5221569538116455
Zero-Shot CLAP,5,5-238926-A-31.wav,31,mouse click,31,mouse click,mouse click; clock tick; water drops,0.4296000897884369
Zero-Shot CLAP,5,5-238938-A-27.wav,27,brushing teeth,27,brushing teeth,brushing teeth; pig; drinking sipping,0.46014511585235596
Zero-Shot CLAP,5,5-240671-A-44.wav,44,engine,44,engine,engine; hen; washing machine,0.21889594197273254
Zero-Shot CLAP,5,5-241846-A-15.wav,15,water drops,15,water drops,water drops; glass breaking; pouring water,0.4791107773780823
Zero-Shot CLAP,5,5-242490-A-14.wav,14,chirping birds,14,chirping birds,chirping birds; clapping; crow,0.4841415286064148
Zero-Shot CLAP,5,5-242491-A-14.wav,14,chirping birds,14,chirping birds,chirping birds; clapping; crow,0.4478493332862854
Zero-Shot CLAP,5,5-242492-A-3.wav,3,cow,1,rooster,rooster; cow; crow,0.5578320622444153
Zero-Shot CLAP,5,5-242711-A-9.wav,9,crow,9,crow,crow; chirping birds; cat,0.4325593113899231
Zero-Shot CLAP,5,5-242932-A-26.wav,26,laughing,26,laughing,laughing; hen; cat,0.33962902426719666
Zero-Shot CLAP,5,5-242932-B-26.wav,26,laughing,26,laughing,laughing; crying baby; hen,0.36340075731277466
Zero-Shot CLAP,5,5-243025-A-25.wav,25,footsteps,25,footsteps,footsteps; drinking sipping; cat,0.21631182730197906
Zero-Shot CLAP,5,5-243036-A-29.wav,29,drinking sipping,29,drinking sipping,drinking sipping; water drops; pig,0.427513062953949
Zero-Shot CLAP,5,5-243448-A-14.wav,14,chirping birds,14,chirping birds,chirping birds; hen; crow,0.54811692237854
Zero-Shot CLAP,5,5-243449-A-14.wav,14,chirping birds,13,crickets,crickets; frog; insects,0.47525930404663086
Zero-Shot CLAP,5,5-243450-A-14.wav,14,chirping birds,14,chirping birds,chirping birds; crickets; hen,0.38134533166885376
Zero-Shot CLAP,5,5-243459-A-14.wav,14,chirping birds,14,chirping birds,chirping birds; brushing teeth; hen,0.4481060802936554
Zero-Shot CLAP,5,5-243459-B-14.wav,14,chirping birds,14,chirping birds,chirping birds; crow; rooster,0.33947819471359253
Zero-Shot CLAP,5,5-243635-A-29.wav,29,drinking sipping,29,drinking sipping,drinking sipping; pig; water drops,0.4992472529411316
Zero-Shot CLAP,5,5-243773-A-44.wav,44,engine,44,engine,engine; hen; clock tick,0.2836264371871948
Zero-Shot CLAP,5,5-243773-B-44.wav,44,engine,44,engine,engine; hen; airplane,0.2427019476890564
Zero-Shot CLAP,5,5-243783-A-44.wav,44,engine,44,engine,engine; hen; clock tick,0.2002413123846054
Zero-Shot CLAP,5,5-244178-A-32.wav,32,keyboard typing,32,keyboard typing,keyboard typing; mouse click; clapping,0.3293339014053345
Zero-Shot CLAP,5,5-244310-A-25.wav,25,footsteps,25,footsteps,footsteps; water drops; cat,0.28628742694854736
Zero-Shot CLAP,5,5-244315-A-6.wav,6,hen,6,hen,hen; rooster; clapping,0.49218738079071045
Zero-Shot CLAP,5,5-244315-B-6.wav,6,hen,6,hen,hen; rooster; clapping,0.4538012444972992
Zero-Shot CLAP,5,5-244315-C-6.wav,6,hen,6,hen,hen; rooster; laughing,0.5150111317634583
Zero-Shot CLAP,5,5-244327-A-34.wav,34,can opening,34,can opening,can opening; fireworks; pouring water,0.30173230171203613
Zero-Shot CLAP,5,5-244459-A-28.wav,28,snoring,28,snoring,snoring; breathing; drinking sipping,0.5052782893180847
Zero-Shot CLAP,5,5-244526-A-26.wav,26,laughing,26,laughing,laughing; hen; pig,0.4828651249408722
Zero-Shot CLAP,5,5-244651-A-31.wav,31,mouse click,31,mouse click,mouse click; frog; crickets,0.3999890685081482
Zero-Shot CLAP,5,5-244933-A-34.wav,34,can opening,34,can opening,can opening; mouse click; water drops,0.39517971873283386
Zero-Shot CLAP,5,5-245040-A-35.wav,35,washing machine,33,door wood creaks,door wood creaks; clock tick; engine,0.4311271905899048
Zero-Shot CLAP,5,5-248341-A-6.wav,6,hen,6,hen,hen; rooster; cow,0.5329498052597046
Zero-Shot CLAP,5,5-248341-B-6.wav,6,hen,6,hen,hen; rooster; cow,0.46652892231941223
Zero-Shot CLAP,5,5-248341-C-6.wav,6,hen,6,hen,hen; rooster; cat,0.493698388338089
Zero-Shot CLAP,5,5-249748-A-28.wav,28,snoring,28,snoring,snoring; drinking sipping; rooster,0.4272136092185974
Zero-Shot CLAP,5,5-249937-A-22.wav,22,clapping,22,clapping,clapping; clock alarm; water drops,0.5498184561729431
Zero-Shot CLAP,5,5-250026-A-30.wav,30,door wood knock,30,door wood knock,door wood knock; door wood creaks; mouse click,0.5232117176055908
Zero-Shot CLAP,5,5-250026-B-30.wav,30,door wood knock,30,door wood knock,door wood knock; door wood creaks; cat,0.42568904161453247
Zero-Shot CLAP,5,5-250258-A-49.wav,49,hand saw,49,hand saw,hand saw; hen; coughing,0.4061622619628906
Zero-Shot CLAP,5,5-250629-A-37.wav,37,clock alarm,37,clock alarm,clock alarm; crickets; frog,0.5878610610961914
Zero-Shot CLAP,5,5-250753-A-34.wav,34,can opening,34,can opening,can opening; glass breaking; mouse click,0.42320358753204346
Zero-Shot CLAP,5,5-251426-A-30.wav,30,door wood knock,30,door wood knock,door wood knock; mouse click; door wood creaks,0.4616015553474426
Zero-Shot CLAP,5,5-251426-B-30.wav,30,door wood knock,30,door wood knock,door wood knock; door wood creaks; rooster,0.4886636734008789
Zero-Shot CLAP,5,5-251489-A-24.wav,24,coughing,24,coughing,coughing; laughing; rooster,0.4609999656677246
Zero-Shot CLAP,5,5-251957-A-47.wav,47,airplane,47,airplane,airplane; train; helicopter,0.3924521803855896
Zero-Shot CLAP,5,5-251962-A-47.wav,47,airplane,47,airplane,airplane; vacuum cleaner; helicopter,0.3151622414588928
Zero-Shot CLAP,5,5-251963-A-47.wav,47,airplane,47,airplane,airplane; helicopter; sea waves,0.2991451323032379
Zero-Shot CLAP,5,5-251971-A-47.wav,47,airplane,47,airplane,airplane; helicopter; engine,0.3729124367237091
Zero-Shot CLAP,5,5-252248-A-34.wav,34,can opening,31,mouse click,mouse click; can opening; pig,0.32268595695495605
Zero-Shot CLAP,5,5-253085-A-3.wav,3,cow,3,cow,cow; rooster; sheep,0.4307774305343628
Zero-Shot CLAP,5,5-253085-B-3.wav,3,cow,3,cow,cow; rooster; sheep,0.46176213026046753
Zero-Shot CLAP,5,5-253094-A-49.wav,49,hand saw,49,hand saw,hand saw; chainsaw; brushing teeth,0.6218668222427368
Zero-Shot CLAP,5,5-253094-B-49.wav,49,hand saw,49,hand saw,hand saw; chainsaw; brushing teeth,0.5315684676170349
Zero-Shot CLAP,5,5-253094-C-49.wav,49,hand saw,49,hand saw,hand saw; chainsaw; brushing teeth,0.49325352907180786
Zero-Shot CLAP,5,5-253094-D-49.wav,49,hand saw,49,hand saw,hand saw; chainsaw; brushing teeth,0.6122293472290039
Zero-Shot CLAP,5,5-253101-A-49.wav,49,hand saw,49,hand saw,hand saw; chainsaw; brushing teeth,0.5365225076675415
Zero-Shot CLAP,5,5-253101-B-49.wav,49,hand saw,49,hand saw,hand saw; chainsaw; brushing teeth,0.5973608493804932
Zero-Shot CLAP,5,5-253101-C-49.wav,49,hand saw,49,hand saw,hand saw; chainsaw; brushing teeth,0.578093945980072
Zero-Shot CLAP,5,5-253534-A-26.wav,26,laughing,26,laughing,laughing; hen; brushing teeth,0.40610450506210327
Zero-Shot CLAP,5,5-254160-A-22.wav,22,clapping,22,clapping,clapping; keyboard typing; mouse click,0.41889533400535583
Zero-Shot CLAP,5,5-254832-A-15.wav,15,water drops,15,water drops,water drops; clock tick; clock alarm,0.4591638445854187
Zero-Shot CLAP,5,5-254832-B-15.wav,15,water drops,15,water drops,water drops; clock tick; rain,0.4736766815185547
Zero-Shot CLAP,5,5-256452-A-5.wav,5,cat,5,cat,cat; crow; crying baby,0.6050877571105957
Zero-Shot CLAP,5,5-256512-A-30.wav,30,door wood knock,30,door wood knock,door wood knock; door wood creaks; cow,0.4789179563522339
Zero-Shot CLAP,5,5-257349-A-15.wav,15,water drops,15,water drops,water drops; brushing teeth; pouring water,0.4316723942756653
Zero-Shot CLAP,5,5-257642-A-39.wav,39,glass breaking,39,glass breaking,glass breaking; cat; can opening,0.3718990683555603
Zero-Shot CLAP,5,5-257839-A-14.wav,14,chirping birds,14,chirping birds,chirping birds; hen; crow,0.3181808590888977
Zero-Shot CLAP,5,5-259169-A-5.wav,5,cat,5,cat,cat; crow; door wood creaks,0.617152214050293
Zero-Shot CLAP,5,5-259180-A-15.wav,15,water drops,15,water drops,water drops; pouring water; drinking sipping,0.5531898736953735
Zero-Shot CLAP,5,5-259514-A-26.wav,26,laughing,24,coughing,coughing; laughing; hen,0.42956846952438354
Zero-Shot CLAP,5,5-259640-A-29.wav,29,drinking sipping,29,drinking sipping,drinking sipping; pig; cat,0.4459451138973236
Zero-Shot CLAP,5,5-260011-A-34.wav,34,can opening,34,can opening,can opening; mouse click; crow,0.3609595000743866
Zero-Shot CLAP,5,5-260164-A-23.wav,23,breathing,23,breathing,breathing; coughing; snoring,0.47249042987823486
Zero-Shot CLAP,5,5-260432-A-39.wav,39,glass breaking,39,glass breaking,glass breaking; cat; door wood creaks,0.4469531774520874
Zero-Shot CLAP,5,5-260433-A-39.wav,39,glass breaking,39,glass breaking,glass breaking; can opening; cat,0.4482928514480591
Zero-Shot CLAP,5,5-260434-A-39.wav,39,glass breaking,39,glass breaking,glass breaking; can opening; clapping,0.48186174035072327
Zero-Shot CLAP,5,5-260875-A-35.wav,35,washing machine,47,airplane,airplane; helicopter; engine,0.31515100598335266
Zero-Shot CLAP,5,5-261325-A-9.wav,9,crow,9,crow,crow; glass breaking; can opening,0.44694745540618896
Zero-Shot CLAP,5,5-261433-A-15.wav,15,water drops,17,pouring water,pouring water; glass breaking; water drops,0.31150516867637634
Zero-Shot CLAP,5,5-261439-A-15.wav,15,water drops,15,water drops,water drops; drinking sipping; pouring water,0.36491626501083374
Zero-Shot CLAP,5,5-261464-A-23.wav,23,breathing,1,rooster,rooster; breathing; snoring,0.3029579520225525
Zero-Shot CLAP,5,5-262641-A-15.wav,15,water drops,15,water drops,water drops; pouring water; glass breaking,0.4110904335975647
Zero-Shot CLAP,5,5-262957-A-22.wav,22,clapping,22,clapping,clapping; rain; brushing teeth,0.5752787590026855
Zero-Shot CLAP,5,5-263490-A-25.wav,25,footsteps,25,footsteps,footsteps; clapping; wind,0.3006744086742401
Zero-Shot CLAP,5,5-263491-A-25.wav,25,footsteps,25,footsteps,footsteps; clapping; sea waves,0.2079576551914215
Zero-Shot CLAP,5,5-263501-A-25.wav,25,footsteps,25,footsteps,footsteps; clock alarm; clock tick,0.31084638833999634
Zero-Shot CLAP,5,5-263775-A-26.wav,26,laughing,26,laughing,laughing; coughing; breathing,0.42145416140556335
Zero-Shot CLAP,5,5-263775-B-26.wav,26,laughing,24,coughing,coughing; laughing; dog,0.38340306282043457
Zero-Shot CLAP,5,5-263831-A-6.wav,6,hen,6,hen,hen; rooster; laughing,0.5150519609451294
Zero-Shot CLAP,5,5-263831-B-6.wav,6,hen,6,hen,hen; rooster; laughing,0.4887545108795166
Zero-Shot CLAP,5,5-263902-A-36.wav,36,vacuum cleaner,36,vacuum cleaner,vacuum cleaner; cat; water drops,0.4178476333618164
Zero-Shot CLAP,5,5-51149-A-25.wav,25,footsteps,30,door wood knock,door wood knock; footsteps; door wood creaks,0.3151955008506775
Zero-Shot CLAP,5,5-61635-A-8.wav,8,sheep,8,sheep,sheep; cow; rooster,0.5507806539535522
Zero-Shot CLAP,5,5-9032-A-0.wav,0,dog,6,hen,hen; cat; dog,0.3223409950733185
Proto-LC,5,5-103415-A-2.wav,2,pig,2,pig,pig; dog; cow,0.8244682550430298
Proto-LC,5,5-103416-A-2.wav,2,pig,6,hen,hen; rooster; laughing,0.538122296333313
Proto-LC,5,5-103418-A-2.wav,2,pig,2,pig,pig; dog; rooster,0.8033657073974609
Proto-LC,5,5-103420-A-2.wav,2,pig,1,rooster,rooster; crying baby; cat,0.5186656713485718
Proto-LC,5,5-103421-A-2.wav,2,pig,2,pig,pig; dog; hen,0.8518141508102417
Proto-LC,5,5-103422-A-2.wav,2,pig,2,pig,pig; dog; rooster,0.6971689462661743
Proto-LC,5,5-117118-A-42.wav,42,siren,42,siren,siren; thunderstorm; car horn,0.8013428449630737
Proto-LC,5,5-117120-A-42.wav,42,siren,42,siren,siren; clock alarm; car horn,0.7838873863220215
Proto-LC,5,5-117122-A-42.wav,42,siren,42,siren,siren; thunderstorm; car horn,0.7345110177993774
Proto-LC,5,5-117250-A-2.wav,2,pig,1,rooster,rooster; dog; cow,0.6084927916526794
Proto-LC,5,5-117773-A-16.wav,16,wind,16,wind,wind; airplane; engine,0.6122772693634033
Proto-LC,5,5-127990-A-2.wav,2,pig,2,pig,pig; dog; hen,0.8523455858230591
Proto-LC,5,5-133989-A-42.wav,42,siren,42,siren,siren; car horn; airplane,0.8420932292938232
Proto-LC,5,5-133989-B-42.wav,42,siren,42,siren,siren; car horn; helicopter,0.8685877323150635
Proto-LC,5,5-141683-A-35.wav,35,washing machine,40,helicopter,helicopter; airplane; engine,0.604631245136261
Proto-LC,5,5-147297-A-27.wav,27,brushing teeth,27,brushing teeth,brushing teeth; washing machine; drinking sipping,0.887607216835022
Proto-LC,5,5-150409-A-42.wav,42,siren,45,train,train; siren; car horn,0.6146976351737976
Proto-LC,5,5-151085-A-20.wav,20,crying baby,20,crying baby,crying baby; hen; clock alarm,0.8216849565505981
Proto-LC,5,5-156026-A-4.wav,4,frog,4,frog,frog; crow; cat,0.670333981513977
Proto-LC,5,5-156026-B-4.wav,4,frog,4,frog,frog; crow; hen,0.675509512424469
Proto-LC,5,5-156026-C-4.wav,4,frog,4,frog,frog; insects; crow,0.8139303922653198
Proto-LC,5,5-156026-D-4.wav,4,frog,9,crow,crow; chirping birds; frog,0.650940477848053
Proto-LC,5,5-156698-A-18.wav,18,toilet flush,18,toilet flush,toilet flush; pouring water; washing machine,0.9180108308792114
Proto-LC,5,5-156999-A-19.wav,19,thunderstorm,19,thunderstorm,thunderstorm; fireworks; rain,0.9043000936508179
Proto-LC,5,5-156999-B-19.wav,19,thunderstorm,19,thunderstorm,thunderstorm; fireworks; crackling fire,0.7262601852416992
Proto-LC,5,5-156999-C-19.wav,19,thunderstorm,19,thunderstorm,thunderstorm; fireworks; wind,0.7591369152069092
Proto-LC,5,5-156999-D-19.wav,19,thunderstorm,19,thunderstorm,thunderstorm; fireworks; wind,0.8152773380279541
Proto-LC,5,5-156999-E-19.wav,19,thunderstorm,19,thunderstorm,thunderstorm; fireworks; wind,0.8142672181129456
Proto-LC,5,5-157204-A-16.wav,16,wind,16,wind,wind; engine; vacuum cleaner,0.5805954933166504
Proto-LC,5,5-157204-B-16.wav,16,wind,16,wind,wind; engine; vacuum cleaner,0.49649369716644287
Proto-LC,5,5-160551-A-42.wav,42,siren,42,siren,siren; rain; wind,0.6649448871612549
Proto-LC,5,5-160614-A-48.wav,48,fireworks,48,fireworks,fireworks; clapping; crackling fire,0.6862651109695435
Proto-LC,5,5-160614-B-48.wav,48,fireworks,48,fireworks,fireworks; clapping; thunderstorm,0.7929481267929077
Proto-LC,5,5-160614-C-48.wav,48,fireworks,48,fireworks,fireworks; clapping; crackling fire,0.7187792062759399
Proto-LC,5,5-160614-D-48.wav,48,fireworks,48,fireworks,fireworks; clapping; crackling fire,0.6536970138549805
Proto-LC,5,5-160614-E-48.wav,48,fireworks,48,fireworks,fireworks; crackling fire; thunderstorm,0.7211451530456543
Proto-LC,5,5-160614-F-48.wav,48,fireworks,48,fireworks,fireworks; clapping; crackling fire,0.720797598361969
Proto-LC,5,5-160614-G-48.wav,48,fireworks,48,fireworks,fireworks; clapping; church bells,0.8194241523742676
Proto-LC,5,5-160614-H-48.wav,48,fireworks,48,fireworks,fireworks; clapping; crackling fire,0.8204292058944702
Proto-LC,5,5-161270-A-33.wav,33,door wood creaks,33,door wood creaks,door wood creaks; door wood knock; footsteps,0.8041548728942871
Proto-LC,5,5-161270-B-33.wav,33,door wood creaks,33,door wood creaks,door wood creaks; door wood knock; engine,0.7282689213752747
Proto-LC,5,5-169983-A-5.wav,5,cat,5,cat,cat; wind; crow,0.8762387037277222
Proto-LC,5,5-170338-A-41.wav,41,chainsaw,44,engine,engine; chainsaw; vacuum cleaner,0.6234975457191467
Proto-LC,5,5-170338-B-41.wav,41,chainsaw,41,chainsaw,chainsaw; engine; vacuum cleaner,0.7353545427322388
Proto-LC,5,5-171118-A-26.wav,26,laughing,26,laughing,laughing; clapping; coughing,0.6981012225151062
Proto-LC,5,5-171653-A-41.wav,41,chainsaw,41,chainsaw,chainsaw; hand saw; engine,0.8203290700912476
Proto-LC,5,5-172299-A-5.wav,5,cat,5,cat,cat; crying baby; crow,0.8661539554595947
Proto-LC,5,5-172639-A-5.wav,5,cat,5,cat,cat; sheep; crying baby,0.9137389659881592
Proto-LC,5,5-173568-A-33.wav,33,door wood creaks,33,door wood creaks,door wood creaks; door wood knock; engine,0.743756890296936
Proto-LC,5,5-177034-A-18.wav,18,toilet flush,18,toilet flush,toilet flush; washing machine; brushing teeth,0.913127064704895
Proto-LC,5,5-177614-A-5.wav,5,cat,5,cat,cat; crow; car horn,0.8014674186706543
Proto-LC,5,5-177779-A-33.wav,33,door wood creaks,33,door wood creaks,door wood creaks; mouse click; clock tick,0.5707722902297974
Proto-LC,5,5-177957-A-40.wav,40,helicopter,40,helicopter,helicopter; engine; airplane,0.5554428696632385
Proto-LC,5,5-177957-B-40.wav,40,helicopter,40,helicopter,helicopter; airplane; engine,0.7525864839553833
Proto-LC,5,5-177957-C-40.wav,40,helicopter,40,helicopter,helicopter; airplane; engine,0.8781373500823975
Proto-LC,5,5-177957-D-40.wav,40,helicopter,40,helicopter,helicopter; airplane; engine,0.8408381938934326
Proto-LC,5,5-177957-E-40.wav,40,helicopter,40,helicopter,helicopter; airplane; engine,0.7142399549484253
Proto-LC,5,5-178997-A-24.wav,24,coughing,24,coughing,coughing; breathing; insects,0.7974708080291748
Proto-LC,5,5-179294-A-46.wav,46,church bells,46,church bells,church bells; thunderstorm; train,0.8800278902053833
Proto-LC,5,5-179496-A-16.wav,16,wind,45,train,train; wind; engine,0.48382848501205444
Proto-LC,5,5-179496-B-16.wav,16,wind,16,wind,wind; engine; train,0.4817492365837097
Proto-LC,5,5-179860-A-43.wav,43,car horn,43,car horn,car horn; siren; door wood knock,0.8339241147041321
Proto-LC,5,5-179863-A-43.wav,43,car horn,43,car horn,car horn; siren; clock alarm,0.8627581596374512
Proto-LC,5,5-179865-A-43.wav,43,car horn,43,car horn,car horn; siren; church bells,0.8984596729278564
Proto-LC,5,5-179866-A-43.wav,43,car horn,43,car horn,car horn; siren; clock tick,0.8206290602684021
Proto-LC,5,5-179868-A-43.wav,43,car horn,43,car horn,car horn; siren; train,0.6862587332725525
Proto-LC,5,5-180156-A-43.wav,43,car horn,43,car horn,car horn; siren; train,0.8030868172645569
Proto-LC,5,5-180156-B-43.wav,43,car horn,43,car horn,car horn; footsteps; siren,0.8091979622840881
Proto-LC,5,5-180156-C-43.wav,43,car horn,43,car horn,car horn; siren; rain,0.7677541375160217
Proto-LC,5,5-180229-A-27.wav,27,brushing teeth,27,brushing teeth,brushing teeth; hand saw; washing machine,0.844640851020813
Proto-LC,5,5-181458-A-33.wav,33,door wood creaks,33,door wood creaks,door wood creaks; door wood knock; cat,0.7834745645523071
Proto-LC,5,5-181766-A-10.wav,10,rain,10,rain,rain; water drops; pouring water,0.8993895649909973
Proto-LC,5,5-181977-A-35.wav,35,washing machine,35,washing machine,washing machine; engine; vacuum cleaner,0.6828585267066956
Proto-LC,5,5-182007-A-36.wav,36,vacuum cleaner,36,vacuum cleaner,vacuum cleaner; airplane; engine,0.6833956837654114
Proto-LC,5,5-182010-A-36.wav,36,vacuum cleaner,47,airplane,airplane; helicopter; vacuum cleaner,0.6719335317611694
Proto-LC,5,5-182012-A-36.wav,36,vacuum cleaner,36,vacuum cleaner,vacuum cleaner; engine; airplane,0.751584529876709
Proto-LC,5,5-182404-A-18.wav,18,toilet flush,18,toilet flush,toilet flush; washing machine; pouring water,0.8426229953765869
Proto-LC,5,5-184323-A-42.wav,42,siren,42,siren,siren; thunderstorm; wind,0.784967303276062
Proto-LC,5,5-184871-A-24.wav,24,coughing,24,coughing,coughing; sneezing; laughing,0.8323655128479004
Proto-LC,5,5-185516-A-27.wav,27,brushing teeth,27,brushing teeth,brushing teeth; pouring water; washing machine,0.8315551280975342
Proto-LC,5,5-185579-A-41.wav,41,chainsaw,41,chainsaw,chainsaw; hand saw; engine,0.8618083000183105
Proto-LC,5,5-185579-B-41.wav,41,chainsaw,41,chainsaw,chainsaw; engine; vacuum cleaner,0.7738635540008545
Proto-LC,5,5-185908-A-18.wav,18,toilet flush,18,toilet flush,toilet flush; washing machine; pouring water,0.8926519155502319
Proto-LC,5,5-186924-A-12.wav,12,crackling fire,12,crackling fire,crackling fire; rain; wind,0.751509428024292
Proto-LC,5,5-187201-A-4.wav,4,frog,4,frog,frog; insects; crickets,0.9217547178268433
Proto-LC,5,5-187201-B-4.wav,4,frog,4,frog,frog; insects; crickets,0.9126037359237671
Proto-LC,5,5-187444-A-33.wav,33,door wood creaks,33,door wood creaks,door wood creaks; engine; footsteps,0.7297335863113403
Proto-LC,5,5-187979-A-21.wav,21,sneezing,21,sneezing,sneezing; coughing; breathing,0.8693272471427917
Proto-LC,5,5-188365-A-36.wav,36,vacuum cleaner,36,vacuum cleaner,vacuum cleaner; engine; can opening,0.6938531398773193
Proto-LC,5,5-188495-A-19.wav,19,thunderstorm,19,thunderstorm,thunderstorm; fireworks; wind,0.8640488386154175
Proto-LC,5,5-188606-A-33.wav,33,door wood creaks,33,door wood creaks,door wood creaks; door wood knock; mouse click,0.8298247456550598
Proto-LC,5,5-188655-A-10.wav,10,rain,10,rain,rain; water drops; pouring water,0.8651244640350342
Proto-LC,5,5-188716-A-46.wav,46,church bells,46,church bells,church bells; thunderstorm; car horn,0.9305253624916077
Proto-LC,5,5-188796-A-45.wav,45,train,45,train,train; washing machine; footsteps,0.8944439888000488
Proto-LC,5,5-188945-A-45.wav,45,train,45,train,train; wind; rain,0.8677924871444702
Proto-LC,5,5-189212-A-12.wav,12,crackling fire,12,crackling fire,crackling fire; rain; thunderstorm,0.8754940032958984
Proto-LC,5,5-189237-A-12.wav,12,crackling fire,12,crackling fire,crackling fire; fireworks; can opening,0.752448320388794
Proto-LC,5,5-189795-A-4.wav,4,frog,4,frog,frog; insects; crickets,0.9470829963684082
Proto-LC,5,5-191131-A-40.wav,40,helicopter,47,airplane,airplane; helicopter; wind,0.6459938287734985
Proto-LC,5,5-191497-A-33.wav,33,door wood creaks,33,door wood creaks,door wood creaks; door wood knock; cat,0.6799994111061096
Proto-LC,5,5-192191-A-19.wav,19,thunderstorm,19,thunderstorm,thunderstorm; fireworks; wind,0.9486408233642578
Proto-LC,5,5-193339-A-10.wav,10,rain,10,rain,rain; water drops; washing machine,0.8408719301223755
Proto-LC,5,5-193473-A-12.wav,12,crackling fire,12,crackling fire,crackling fire; rain; fireworks,0.7455264329910278
Proto-LC,5,5-193473-B-12.wav,12,crackling fire,12,crackling fire,crackling fire; rain; thunderstorm,0.8005701899528503
Proto-LC,5,5-194533-A-21.wav,21,sneezing,24,coughing,coughing; sneezing; laughing,0.7945225238800049
Proto-LC,5,5-194892-A-10.wav,10,rain,10,rain,rain; washing machine; water drops,0.8973421454429626
Proto-LC,5,5-194899-A-3.wav,3,cow,3,cow,cow; rooster; sheep,0.845345139503479
Proto-LC,5,5-194899-B-3.wav,3,cow,3,cow,cow; rooster; sheep,0.7442922592163086
Proto-LC,5,5-194899-C-3.wav,3,cow,1,rooster,rooster; cow; sheep,0.7824453115463257
Proto-LC,5,5-194899-D-3.wav,3,cow,1,rooster,rooster; cow; sheep,0.793481171131134
Proto-LC,5,5-194930-A-1.wav,1,rooster,1,rooster,rooster; hen; chirping birds,0.743502676486969
Proto-LC,5,5-194930-B-1.wav,1,rooster,1,rooster,rooster; hen; cow,0.7892294526100159
Proto-LC,5,5-194932-A-7.wav,7,insects,7,insects,insects; brushing teeth; engine,0.5494936108589172
Proto-LC,5,5-195517-A-7.wav,7,insects,7,insects,insects; crickets; brushing teeth,0.5859253406524658
Proto-LC,5,5-195518-A-7.wav,7,insects,7,insects,insects; brushing teeth; washing machine,0.593692421913147
Proto-LC,5,5-195557-A-19.wav,19,thunderstorm,19,thunderstorm,thunderstorm; fireworks; church bells,0.9601001143455505
Proto-LC,5,5-195710-A-10.wav,10,rain,10,rain,rain; wind; washing machine,0.7541319131851196
Proto-LC,5,5-197118-A-45.wav,45,train,45,train,train; engine; footsteps,0.8331538438796997
Proto-LC,5,5-197121-A-45.wav,45,train,45,train,train; footsteps; engine,0.8506067991256714
Proto-LC,5,5-197121-B-45.wav,45,train,45,train,train; washing machine; thunderstorm,0.7937830686569214
Proto-LC,5,5-197446-A-7.wav,7,insects,7,insects,insects; crickets; brushing teeth,0.5399354696273804
Proto-LC,5,5-197913-A-18.wav,18,toilet flush,18,toilet flush,toilet flush; pouring water; washing machine,0.8968653678894043
Proto-LC,5,5-197988-A-46.wav,46,church bells,46,church bells,church bells; clock alarm; thunderstorm,0.8950644731521606
Proto-LC,5,5-198278-A-7.wav,7,insects,7,insects,insects; brushing teeth; engine,0.6047818064689636
Proto-LC,5,5-198278-B-7.wav,7,insects,7,insects,insects; engine; crickets,0.6000423431396484
Proto-LC,5,5-198278-C-7.wav,7,insects,7,insects,insects; engine; crickets,0.5995216369628906
Proto-LC,5,5-198321-A-10.wav,10,rain,10,rain,rain; water drops; wind,0.897106945514679
Proto-LC,5,5-198373-A-46.wav,46,church bells,46,church bells,church bells; clock alarm; car horn,0.864224910736084
Proto-LC,5,5-198411-A-20.wav,20,crying baby,20,crying baby,crying baby; cat; laughing,0.7797108888626099
Proto-LC,5,5-198411-B-20.wav,20,crying baby,20,crying baby,crying baby; laughing; coughing,0.8408762216567993
Proto-LC,5,5-198411-C-20.wav,20,crying baby,20,crying baby,crying baby; cat; breathing,0.8248565793037415
Proto-LC,5,5-198411-D-20.wav,20,crying baby,20,crying baby,crying baby; laughing; cat,0.913647472858429
Proto-LC,5,5-198411-E-20.wav,20,crying baby,20,crying baby,crying baby; cat; clock alarm,0.9111858606338501
Proto-LC,5,5-198411-F-20.wav,20,crying baby,20,crying baby,crying baby; cat; clock alarm,0.7999498844146729
Proto-LC,5,5-198411-G-20.wav,20,crying baby,20,crying baby,crying baby; laughing; cat,0.883949875831604
Proto-LC,5,5-198600-A-45.wav,45,train,45,train,train; wind; engine,0.9194058179855347
Proto-LC,5,5-198891-A-8.wav,8,sheep,8,sheep,sheep; cow; rooster,0.8831435441970825
Proto-LC,5,5-198891-B-8.wav,8,sheep,8,sheep,sheep; cow; rooster,0.897990345954895
Proto-LC,5,5-198891-C-8.wav,8,sheep,8,sheep,sheep; cow; rooster,0.8708926439285278
Proto-LC,5,5-198891-D-8.wav,8,sheep,8,sheep,sheep; cow; rooster,0.84833163022995
Proto-LC,5,5-199284-A-45.wav,45,train,45,train,train; footsteps; washing machine,0.9417528510093689
Proto-LC,5,5-199284-B-45.wav,45,train,45,train,train; engine; wind,0.8803520202636719
Proto-LC,5,5-200329-A-8.wav,8,sheep,8,sheep,sheep; cow; rooster,0.9283581972122192
Proto-LC,5,5-200329-B-8.wav,8,sheep,8,sheep,sheep; cow; cat,0.8985269069671631
Proto-LC,5,5-200329-C-8.wav,8,sheep,8,sheep,sheep; cow; rooster,0.8956730365753174
Proto-LC,5,5-200334-A-1.wav,1,rooster,1,rooster,rooster; hen; chirping birds,0.849411129951477
Proto-LC,5,5-200334-B-1.wav,1,rooster,1,rooster,rooster; hen; chirping birds,0.8479030132293701
Proto-LC,5,5-200339-A-1.wav,1,rooster,1,rooster,rooster; hen; cow,0.8377962708473206
Proto-LC,5,5-200461-A-11.wav,11,sea waves,11,sea waves,sea waves; wind; washing machine,0.8921456336975098
Proto-LC,5,5-200461-B-11.wav,11,sea waves,11,sea waves,sea waves; wind; washing machine,0.8743933439254761
Proto-LC,5,5-201170-A-46.wav,46,church bells,46,church bells,church bells; thunderstorm; wind,0.9189471006393433
Proto-LC,5,5-201172-A-46.wav,46,church bells,46,church bells,church bells; rain; thunderstorm,0.8810017108917236
Proto-LC,5,5-201194-A-38.wav,38,clock tick,38,clock tick,clock tick; clock alarm; mouse click,0.8859981298446655
Proto-LC,5,5-201274-A-21.wav,21,sneezing,21,sneezing,sneezing; coughing; can opening,0.7957155704498291
Proto-LC,5,5-201664-A-18.wav,18,toilet flush,18,toilet flush,toilet flush; brushing teeth; washing machine,0.8866523504257202
Proto-LC,5,5-202020-A-18.wav,18,toilet flush,18,toilet flush,toilet flush; washing machine; pouring water,0.9369468688964844
Proto-LC,5,5-202220-A-21.wav,21,sneezing,21,sneezing,sneezing; coughing; laughing,0.7286115884780884
Proto-LC,5,5-202540-A-18.wav,18,toilet flush,18,toilet flush,toilet flush; pouring water; washing machine,0.9400020837783813
Proto-LC,5,5-202795-A-3.wav,3,cow,1,rooster,rooster; cow; snoring,0.7454028129577637
Proto-LC,5,5-202898-A-10.wav,10,rain,10,rain,rain; water drops; pouring water,0.7985875606536865
Proto-LC,5,5-203128-A-0.wav,0,dog,0,dog,dog; rooster; clock alarm,0.7666342258453369
Proto-LC,5,5-203128-B-0.wav,0,dog,0,dog,dog; hen; rooster,0.7507914900779724
Proto-LC,5,5-203739-A-10.wav,10,rain,10,rain,rain; water drops; washing machine,0.8274580836296082
Proto-LC,5,5-204114-A-29.wav,29,drinking sipping,29,drinking sipping,drinking sipping; pig; dog,0.6447261571884155
Proto-LC,5,5-204352-A-13.wav,13,crickets,13,crickets,crickets; insects; frog,0.8484883904457092
Proto-LC,5,5-204352-B-13.wav,13,crickets,13,crickets,crickets; insects; frog,0.8411381840705872
Proto-LC,5,5-204604-A-24.wav,24,coughing,24,coughing,coughing; laughing; crying baby,0.9283779263496399
Proto-LC,5,5-204741-A-46.wav,46,church bells,46,church bells,church bells; clock tick; clock alarm,0.7467514276504517
Proto-LC,5,5-205090-A-32.wav,32,keyboard typing,32,keyboard typing,keyboard typing; mouse click; footsteps,0.70843905210495
Proto-LC,5,5-205589-A-17.wav,17,pouring water,17,pouring water,pouring water; water drops; toilet flush,0.867024302482605
Proto-LC,5,5-205589-B-17.wav,17,pouring water,17,pouring water,pouring water; water drops; toilet flush,0.8937147855758667
Proto-LC,5,5-205898-A-40.wav,40,helicopter,40,helicopter,helicopter; airplane; engine,0.8233389854431152
Proto-LC,5,5-207681-A-24.wav,24,coughing,24,coughing,coughing; sneezing; laughing,0.8839409947395325
Proto-LC,5,5-207781-A-17.wav,17,pouring water,17,pouring water,pouring water; water drops; drinking sipping,0.8352104425430298
Proto-LC,5,5-207811-A-35.wav,35,washing machine,44,engine,engine; vacuum cleaner; washing machine,0.8071689605712891
Proto-LC,5,5-207811-B-35.wav,35,washing machine,44,engine,engine; airplane; vacuum cleaner,0.729061484336853
Proto-LC,5,5-207836-A-29.wav,29,drinking sipping,2,pig,pig; drinking sipping; dog,0.5841740369796753
Proto-LC,5,5-207836-B-29.wav,29,drinking sipping,29,drinking sipping,drinking sipping; brushing teeth; washing machine,0.6183878779411316
Proto-LC,5,5-207836-C-29.wav,29,drinking sipping,29,drinking sipping,drinking sipping; pouring water; water drops,0.8240271806716919
Proto-LC,5,5-207836-D-29.wav,29,drinking sipping,29,drinking sipping,drinking sipping; pouring water; water drops,0.826217532157898
Proto-LC,5,5-208030-A-0.wav,0,dog,0,dog,dog; hen; clock alarm,0.7057400941848755
Proto-LC,5,5-208624-A-38.wav,38,clock tick,38,clock tick,clock tick; clock alarm; mouse click,0.7990631461143494
Proto-LC,5,5-208761-A-24.wav,24,coughing,24,coughing,coughing; laughing; crying baby,0.7723223567008972
Proto-LC,5,5-208810-A-11.wav,11,sea waves,11,sea waves,sea waves; wind; rain,0.8016308546066284
Proto-LC,5,5-208810-B-11.wav,11,sea waves,11,sea waves,sea waves; wind; rain,0.929597020149231
Proto-LC,5,5-209698-A-38.wav,38,clock tick,38,clock tick,clock tick; clock alarm; mouse click,0.8775476813316345
Proto-LC,5,5-209719-A-24.wav,24,coughing,24,coughing,coughing; sneezing; breathing,0.8548562526702881
Proto-LC,5,5-209833-A-38.wav,38,clock tick,38,clock tick,clock tick; clock alarm; water drops,0.8937714099884033
Proto-LC,5,5-209989-A-22.wav,22,clapping,22,clapping,clapping; water drops; laughing,0.8048686981201172
Proto-LC,5,5-209992-A-44.wav,44,engine,40,helicopter,helicopter; engine; train,0.49592429399490356
Proto-LC,5,5-209992-B-44.wav,44,engine,44,engine,engine; airplane; helicopter,0.7087318897247314
Proto-LC,5,5-210540-A-13.wav,13,crickets,13,crickets,crickets; insects; chirping birds,0.8308447599411011
Proto-LC,5,5-210571-A-38.wav,38,clock tick,38,clock tick,clock tick; mouse click; clock alarm,0.8547124862670898
Proto-LC,5,5-210612-A-37.wav,37,clock alarm,37,clock alarm,clock alarm; mouse click; clock tick,0.6949008703231812
Proto-LC,5,5-211197-A-24.wav,24,coughing,24,coughing,coughing; laughing; breathing,0.9068294763565063
Proto-LC,5,5-211408-A-37.wav,37,clock alarm,37,clock alarm,clock alarm; clock tick; church bells,0.8175860643386841
Proto-LC,5,5-212050-A-27.wav,27,brushing teeth,27,brushing teeth,brushing teeth; hand saw; dog,0.7419382929801941
Proto-LC,5,5-212054-A-36.wav,36,vacuum cleaner,36,vacuum cleaner,vacuum cleaner; engine; washing machine,0.7157913446426392
Proto-LC,5,5-212059-A-36.wav,36,vacuum cleaner,36,vacuum cleaner,vacuum cleaner; engine; chainsaw,0.7270950675010681
Proto-LC,5,5-212181-A-38.wav,38,clock tick,38,clock tick,clock tick; clock alarm; mouse click,0.67972731590271
Proto-LC,5,5-212454-A-0.wav,0,dog,0,dog,dog; rooster; car horn,0.6143534779548645
Proto-LC,5,5-212730-A-17.wav,17,pouring water,17,pouring water,pouring water; water drops; drinking sipping,0.7769980430603027
Proto-LC,5,5-212734-A-17.wav,17,pouring water,17,pouring water,pouring water; water drops; drinking sipping,0.8657888174057007
Proto-LC,5,5-212736-A-17.wav,17,pouring water,17,pouring water,pouring water; water drops; drinking sipping,0.8722505569458008
Proto-LC,5,5-213077-A-11.wav,11,sea waves,11,sea waves,sea waves; wind; rain,0.824313223361969
Proto-LC,5,5-213293-A-23.wav,23,breathing,23,breathing,breathing; snoring; crying baby,0.8221137523651123
Proto-LC,5,5-213802-A-12.wav,12,crackling fire,44,engine,engine; crackling fire; vacuum cleaner,0.5760914087295532
Proto-LC,5,5-213836-A-9.wav,9,crow,9,crow,crow; chirping birds; rooster,0.9331473112106323
Proto-LC,5,5-213836-B-9.wav,9,crow,9,crow,crow; chirping birds; cat,0.9258688688278198
Proto-LC,5,5-213836-C-9.wav,9,crow,9,crow,crow; chirping birds; wind,0.9074956178665161
Proto-LC,5,5-213836-D-9.wav,9,crow,9,crow,crow; chirping birds; hen,0.9262707233428955
Proto-LC,5,5-213855-A-0.wav,0,dog,0,dog,dog; car horn; clock alarm,0.5917186141014099
Proto-LC,5,5-214362-A-17.wav,17,pouring water,17,pouring water,pouring water; drinking sipping; water drops,0.7113347053527832
Proto-LC,5,5-214759-A-5.wav,5,cat,5,cat,cat; crow; crying baby,0.9030299186706543
Proto-LC,5,5-214759-B-5.wav,5,cat,5,cat,cat; crying baby; crow,0.9334672689437866
Proto-LC,5,5-214869-A-9.wav,9,crow,9,crow,crow; chirping birds; hen,0.8645414113998413
Proto-LC,5,5-215005-A-32.wav,32,keyboard typing,32,keyboard typing,keyboard typing; mouse click; water drops,0.8551695346832275
Proto-LC,5,5-215172-A-13.wav,13,crickets,13,crickets,crickets; insects; engine,0.8999910354614258
Proto-LC,5,5-215179-A-13.wav,13,crickets,13,crickets,crickets; insects; wind,0.803693413734436
Proto-LC,5,5-215445-A-47.wav,47,airplane,47,airplane,airplane; helicopter; thunderstorm,0.786460280418396
Proto-LC,5,5-215447-A-47.wav,47,airplane,47,airplane,airplane; wind; helicopter,0.6997288465499878
Proto-LC,5,5-215449-A-47.wav,47,airplane,47,airplane,airplane; helicopter; thunderstorm,0.7227710485458374
Proto-LC,5,5-215634-A-17.wav,17,pouring water,17,pouring water,pouring water; drinking sipping; water drops,0.6820541620254517
Proto-LC,5,5-215658-A-12.wav,12,crackling fire,12,crackling fire,crackling fire; thunderstorm; rain,0.8138464689254761
Proto-LC,5,5-215658-B-12.wav,12,crackling fire,12,crackling fire,crackling fire; rain; thunderstorm,0.7871120572090149
Proto-LC,5,5-216131-A-32.wav,32,keyboard typing,32,keyboard typing,keyboard typing; mouse click; clapping,0.8831512928009033
Proto-LC,5,5-216213-A-13.wav,13,crickets,7,insects,insects; crickets; chirping birds,0.7921748757362366
Proto-LC,5,5-216214-A-13.wav,13,crickets,13,crickets,crickets; insects; chirping birds,0.8473533391952515
Proto-LC,5,5-216216-A-13.wav,13,crickets,13,crickets,crickets; insects; chirping birds,0.8764612674713135
Proto-LC,5,5-216368-A-28.wav,28,snoring,28,snoring,snoring; breathing; drinking sipping,0.924347996711731
Proto-LC,5,5-216370-A-41.wav,41,chainsaw,41,chainsaw,chainsaw; hand saw; engine,0.7996507883071899
Proto-LC,5,5-216370-B-41.wav,41,chainsaw,41,chainsaw,chainsaw; hand saw; engine,0.8331364393234253
Proto-LC,5,5-217158-A-0.wav,0,dog,0,dog,dog; rooster; clock alarm,0.6814295053482056
Proto-LC,5,5-217186-A-16.wav,16,wind,47,airplane,airplane; wind; train,0.5713207125663757
Proto-LC,5,5-217186-B-16.wav,16,wind,16,wind,wind; siren; thunderstorm,0.6735883951187134
Proto-LC,5,5-217186-C-16.wav,16,wind,16,wind,wind; thunderstorm; airplane,0.690970778465271
Proto-LC,5,5-218196-A-27.wav,27,brushing teeth,27,brushing teeth,brushing teeth; pouring water; washing machine,0.8857347965240479
Proto-LC,5,5-218196-B-27.wav,27,brushing teeth,27,brushing teeth,brushing teeth; washing machine; drinking sipping,0.8749343156814575
Proto-LC,5,5-218494-A-22.wav,22,clapping,22,clapping,clapping; laughing; glass breaking,0.8710769414901733
Proto-LC,5,5-218980-A-30.wav,30,door wood knock,30,door wood knock,door wood knock; footsteps; door wood creaks,0.7913986444473267
Proto-LC,5,5-218981-A-30.wav,30,door wood knock,30,door wood knock,door wood knock; engine; can opening,0.540925920009613
Proto-LC,5,5-219044-A-46.wav,46,church bells,46,church bells,church bells; footsteps; car horn,0.9087558388710022
Proto-LC,5,5-219242-A-37.wav,37,clock alarm,37,clock alarm,clock alarm; clock tick; mouse click,0.8475750684738159
Proto-LC,5,5-219242-B-37.wav,37,clock alarm,37,clock alarm,clock alarm; clock tick; mouse click,0.8917390704154968
Proto-LC,5,5-219318-A-31.wav,31,mouse click,31,mouse click,mouse click; keyboard typing; clock tick,0.823039174079895
Proto-LC,5,5-219342-A-38.wav,38,clock tick,38,clock tick,clock tick; clock alarm; mouse click,0.868397057056427
Proto-LC,5,5-219379-A-11.wav,11,sea waves,11,sea waves,sea waves; wind; rain,0.8090213537216187
Proto-LC,5,5-219379-B-11.wav,11,sea waves,11,sea waves,sea waves; wind; rain,0.9348833560943604
Proto-LC,5,5-219379-C-11.wav,11,sea waves,11,sea waves,sea waves; wind; rain,0.9066181778907776
Proto-LC,5,5-220026-A-21.wav,21,sneezing,21,sneezing,sneezing; coughing; laughing,0.8118236660957336
Proto-LC,5,5-220027-A-21.wav,21,sneezing,21,sneezing,sneezing; coughing; breathing,0.8644969463348389
Proto-LC,5,5-220939-A-27.wav,27,brushing teeth,27,brushing teeth,brushing teeth; can opening; dog,0.5944643616676331
Proto-LC,5,5-220955-A-40.wav,40,helicopter,45,train,train; washing machine; wind,0.4238567352294922
Proto-LC,5,5-221518-A-21.wav,21,sneezing,21,sneezing,sneezing; coughing; breathing,0.8783770799636841
Proto-LC,5,5-221528-A-39.wav,39,glass breaking,39,glass breaking,glass breaking; can opening; crackling fire,0.9138050079345703
Proto-LC,5,5-221529-A-39.wav,39,glass breaking,39,glass breaking,glass breaking; can opening; crackling fire,0.7596442103385925
Proto-LC,5,5-221567-A-22.wav,22,clapping,22,clapping,clapping; laughing; glass breaking,0.741025447845459
Proto-LC,5,5-221568-A-22.wav,22,clapping,22,clapping,clapping; pouring water; toilet flush,0.7716727256774902
Proto-LC,5,5-221593-A-21.wav,21,sneezing,21,sneezing,sneezing; coughing; can opening,0.8630805015563965
Proto-LC,5,5-221878-A-34.wav,34,can opening,34,can opening,can opening; crackling fire; glass breaking,0.7329950332641602
Proto-LC,5,5-221950-A-22.wav,22,clapping,22,clapping,clapping; fireworks; footsteps,0.6560256481170654
Proto-LC,5,5-222041-A-9.wav,9,crow,9,crow,crow; chirping birds; wind,0.7590000629425049
Proto-LC,5,5-222524-A-41.wav,41,chainsaw,44,engine,engine; chirping birds; airplane,0.6663040518760681
Proto-LC,5,5-222894-A-32.wav,32,keyboard typing,32,keyboard typing,keyboard typing; mouse click; toilet flush,0.7499861717224121
Proto-LC,5,5-223099-A-32.wav,32,keyboard typing,32,keyboard typing,keyboard typing; mouse click; can opening,0.8222911357879639
Proto-LC,5,5-223099-B-32.wav,32,keyboard typing,32,keyboard typing,keyboard typing; mouse click; clock tick,0.813014566898346
Proto-LC,5,5-223103-A-31.wav,31,mouse click,31,mouse click,mouse click; keyboard typing; can opening,0.718751847743988
Proto-LC,5,5-223176-A-37.wav,37,clock alarm,37,clock alarm,clock alarm; clock tick; mouse click,0.7858008146286011
Proto-LC,5,5-223317-A-31.wav,31,mouse click,31,mouse click,mouse click; clock tick; keyboard typing,0.8344881534576416
Proto-LC,5,5-223810-A-35.wav,35,washing machine,35,washing machine,washing machine; engine; vacuum cleaner,0.6770099997520447
Proto-LC,5,5-231551-A-36.wav,36,vacuum cleaner,36,vacuum cleaner,vacuum cleaner; engine; washing machine,0.6929209232330322
Proto-LC,5,5-231762-A-0.wav,0,dog,0,dog,dog; rooster; cat,0.6934730410575867
Proto-LC,5,5-232272-A-44.wav,44,engine,44,engine,engine; helicopter; airplane,0.7242991924285889
Proto-LC,5,5-232802-A-31.wav,31,mouse click,31,mouse click,mouse click; keyboard typing; can opening,0.7385063171386719
Proto-LC,5,5-232816-A-23.wav,23,breathing,23,breathing,breathing; snoring; wind,0.5749313831329346
Proto-LC,5,5-233019-A-31.wav,31,mouse click,31,mouse click,mouse click; keyboard typing; clock tick,0.6292363405227661
Proto-LC,5,5-233160-A-1.wav,1,rooster,1,rooster,rooster; hen; crow,0.8211784362792969
Proto-LC,5,5-233260-A-23.wav,23,breathing,23,breathing,breathing; snoring; wind,0.8021060228347778
Proto-LC,5,5-233312-A-28.wav,28,snoring,28,snoring,snoring; breathing; dog,0.8577805757522583
Proto-LC,5,5-233605-A-39.wav,39,glass breaking,39,glass breaking,glass breaking; can opening; sneezing,0.8874469995498657
Proto-LC,5,5-233607-A-39.wav,39,glass breaking,39,glass breaking,glass breaking; can opening; sneezing,0.9093373417854309
Proto-LC,5,5-233645-A-37.wav,37,clock alarm,37,clock alarm,clock alarm; clock tick; rooster,0.8513977527618408
Proto-LC,5,5-233787-A-7.wav,7,insects,27,brushing teeth,brushing teeth; hand saw; pouring water,0.4009091854095459
Proto-LC,5,5-234145-A-28.wav,28,snoring,28,snoring,snoring; breathing; dog,0.8211587071418762
Proto-LC,5,5-234247-A-37.wav,37,clock alarm,37,clock alarm,clock alarm; clock tick; rooster,0.819512128829956
Proto-LC,5,5-234263-A-25.wav,25,footsteps,25,footsteps,footsteps; door wood knock; door wood creaks,0.8371042013168335
Proto-LC,5,5-234335-A-23.wav,23,breathing,23,breathing,breathing; sneezing; snoring,0.7857168316841125
Proto-LC,5,5-234855-A-25.wav,25,footsteps,25,footsteps,footsteps; vacuum cleaner; door wood knock,0.6418519020080566
Proto-LC,5,5-234879-A-1.wav,1,rooster,1,rooster,rooster; hen; cow,0.7954685688018799
Proto-LC,5,5-234879-B-1.wav,1,rooster,1,rooster,rooster; hen; cow,0.831243097782135
Proto-LC,5,5-234923-A-32.wav,32,keyboard typing,32,keyboard typing,keyboard typing; mouse click; water drops,0.872044563293457
Proto-LC,5,5-235507-A-44.wav,44,engine,44,engine,engine; helicopter; airplane,0.6545007228851318
Proto-LC,5,5-235593-A-23.wav,23,breathing,23,breathing,breathing; snoring; crying baby,0.7443002462387085
Proto-LC,5,5-235644-A-30.wav,30,door wood knock,30,door wood knock,door wood knock; door wood creaks; footsteps,0.8831804394721985
Proto-LC,5,5-235671-A-38.wav,38,clock tick,38,clock tick,clock tick; mouse click; water drops,0.8119615912437439
Proto-LC,5,5-235874-A-28.wav,28,snoring,28,snoring,snoring; breathing; drinking sipping,0.8495627641677856
Proto-LC,5,5-235893-A-28.wav,28,snoring,28,snoring,snoring; breathing; drinking sipping,0.7706193923950195
Proto-LC,5,5-235956-A-47.wav,47,airplane,47,airplane,airplane; helicopter; thunderstorm,0.7396441102027893
Proto-LC,5,5-236288-A-28.wav,28,snoring,28,snoring,snoring; breathing; drinking sipping,0.9173827171325684
Proto-LC,5,5-236299-A-34.wav,34,can opening,34,can opening,can opening; glass breaking; dog,0.7930160760879517
Proto-LC,5,5-237315-A-31.wav,31,mouse click,31,mouse click,mouse click; keyboard typing; clock tick,0.8447786569595337
Proto-LC,5,5-237499-A-4.wav,4,frog,4,frog,frog; insects; cat,0.8666570782661438
Proto-LC,5,5-237795-A-34.wav,34,can opening,34,can opening,can opening; drinking sipping; crackling fire,0.7434824109077454
Proto-LC,5,5-238021-A-35.wav,35,washing machine,47,airplane,airplane; helicopter; engine,0.6499284505844116
Proto-LC,5,5-238492-A-23.wav,23,breathing,23,breathing,breathing; snoring; footsteps,0.766549825668335
Proto-LC,5,5-238926-A-31.wav,31,mouse click,38,clock tick,clock tick; mouse click; keyboard typing,0.6712173819541931
Proto-LC,5,5-238938-A-27.wav,27,brushing teeth,27,brushing teeth,brushing teeth; drinking sipping; washing machine,0.7917557954788208
Proto-LC,5,5-240671-A-44.wav,44,engine,44,engine,engine; airplane; washing machine,0.632319450378418
Proto-LC,5,5-241846-A-15.wav,15,water drops,15,water drops,water drops; pouring water; sea waves,0.7205872535705566
Proto-LC,5,5-242490-A-14.wav,14,chirping birds,14,chirping birds,chirping birds; crow; insects,0.8851937055587769
Proto-LC,5,5-242491-A-14.wav,14,chirping birds,14,chirping birds,chirping birds; crow; insects,0.9132847785949707
Proto-LC,5,5-242492-A-3.wav,3,cow,1,rooster,rooster; cow; sheep,0.740841269493103
Proto-LC,5,5-242711-A-9.wav,9,crow,9,crow,crow; chirping birds; cat,0.8789072036743164
Proto-LC,5,5-242932-A-26.wav,26,laughing,26,laughing,laughing; crying baby; coughing,0.6839907169342041
Proto-LC,5,5-242932-B-26.wav,26,laughing,20,crying baby,crying baby; laughing; coughing,0.7718168497085571
Proto-LC,5,5-243025-A-25.wav,25,footsteps,25,footsteps,footsteps; train; crackling fire,0.532741904258728
Proto-LC,5,5-243036-A-29.wav,29,drinking sipping,29,drinking sipping,drinking sipping; water drops; pouring water,0.8510880470275879
Proto-LC,5,5-243448-A-14.wav,14,chirping birds,14,chirping birds,chirping birds; insects; hen,0.8100926280021667
Proto-LC,5,5-243449-A-14.wav,14,chirping birds,13,crickets,crickets; insects; frog,0.7263262867927551
Proto-LC,5,5-243450-A-14.wav,14,chirping birds,14,chirping birds,chirping birds; crickets; insects,0.7197834849357605
Proto-LC,5,5-243459-A-14.wav,14,chirping birds,14,chirping birds,chirping birds; hen; crow,0.7969220876693726
Proto-LC,5,5-243459-B-14.wav,14,chirping birds,14,chirping birds,chirping birds; crow; wind,0.7091706991195679
Proto-LC,5,5-243635-A-29.wav,29,drinking sipping,29,drinking sipping,drinking sipping; pouring water; water drops,0.8663204312324524
Proto-LC,5,5-243773-A-44.wav,44,engine,44,engine,engine; helicopter; airplane,0.719416618347168
Proto-LC,5,5-243773-B-44.wav,44,engine,44,engine,engine; helicopter; airplane,0.6843729615211487
Proto-LC,5,5-243783-A-44.wav,44,engine,44,engine,engine; helicopter; airplane,0.6115226745605469
Proto-LC,5,5-244178-A-32.wav,32,keyboard typing,32,keyboard typing,keyboard typing; mouse click; water drops,0.8803399205207825
Proto-LC,5,5-244310-A-25.wav,25,footsteps,25,footsteps,footsteps; crackling fire; wind,0.5513428449630737
Proto-LC,5,5-244315-A-6.wav,6,hen,6,hen,hen; rooster; chirping birds,0.8915883302688599
Proto-LC,5,5-244315-B-6.wav,6,hen,6,hen,hen; rooster; chirping birds,0.8795108795166016
Proto-LC,5,5-244315-C-6.wav,6,hen,6,hen,hen; rooster; chirping birds,0.866411030292511
Proto-LC,5,5-244327-A-34.wav,34,can opening,34,can opening,can opening; pouring water; glass breaking,0.7257658243179321
Proto-LC,5,5-244459-A-28.wav,28,snoring,28,snoring,snoring; breathing; drinking sipping,0.8602817058563232
Proto-LC,5,5-244526-A-26.wav,26,laughing,26,laughing,laughing; hen; pig,0.759634256362915
Proto-LC,5,5-244651-A-31.wav,31,mouse click,31,mouse click,mouse click; keyboard typing; clock tick,0.7300083637237549
Proto-LC,5,5-244933-A-34.wav,34,can opening,34,can opening,can opening; mouse click; crackling fire,0.7932868003845215
Proto-LC,5,5-245040-A-35.wav,35,washing machine,35,washing machine,washing machine; engine; vacuum cleaner,0.566072404384613
Proto-LC,5,5-248341-A-6.wav,6,hen,6,hen,hen; rooster; pig,0.7761154770851135
Proto-LC,5,5-248341-B-6.wav,6,hen,6,hen,hen; rooster; chirping birds,0.8628638982772827
Proto-LC,5,5-248341-C-6.wav,6,hen,6,hen,hen; rooster; dog,0.8054708242416382
Proto-LC,5,5-249748-A-28.wav,28,snoring,28,snoring,snoring; drinking sipping; breathing,0.7885115742683411
Proto-LC,5,5-249937-A-22.wav,22,clapping,22,clapping,clapping; rain; clock alarm,0.8793981671333313
Proto-LC,5,5-250026-A-30.wav,30,door wood knock,30,door wood knock,door wood knock; door wood creaks; footsteps,0.8194819092750549
Proto-LC,5,5-250026-B-30.wav,30,door wood knock,30,door wood knock,door wood knock; door wood creaks; keyboard typing,0.703211784362793
Proto-LC,5,5-250258-A-49.wav,49,hand saw,49,hand saw,hand saw; chainsaw; breathing,0.6167749166488647
Proto-LC,5,5-250629-A-37.wav,37,clock alarm,37,clock alarm,clock alarm; car horn; clock tick,0.8833722472190857
Proto-LC,5,5-250753-A-34.wav,34,can opening,34,can opening,can opening; glass breaking; brushing teeth,0.4721272587776184
Proto-LC,5,5-251426-A-30.wav,30,door wood knock,30,door wood knock,door wood knock; door wood creaks; footsteps,0.8454192876815796
Proto-LC,5,5-251426-B-30.wav,30,door wood knock,30,door wood knock,door wood knock; door wood creaks; footsteps,0.8993451595306396
Proto-LC,5,5-251489-A-24.wav,24,coughing,24,coughing,coughing; laughing; crying baby,0.9114078283309937
Proto-LC,5,5-251957-A-47.wav,47,airplane,47,airplane,airplane; train; helicopter,0.7222223877906799
Proto-LC,5,5-251962-A-47.wav,47,airplane,47,airplane,airplane; helicopter; train,0.6520700454711914
Proto-LC,5,5-251963-A-47.wav,47,airplane,47,airplane,airplane; helicopter; wind,0.7331739664077759
Proto-LC,5,5-251971-A-47.wav,47,airplane,47,airplane,airplane; helicopter; engine,0.8482780456542969
Proto-LC,5,5-252248-A-34.wav,34,can opening,34,can opening,can opening; mouse click; drinking sipping,0.6719346046447754
Proto-LC,5,5-253085-A-3.wav,3,cow,3,cow,cow; rooster; sheep,0.8103343844413757
Proto-LC,5,5-253085-B-3.wav,3,cow,3,cow,cow; sheep; rooster,0.8338613510131836
Proto-LC,5,5-253094-A-49.wav,49,hand saw,49,hand saw,hand saw; chainsaw; engine,0.9460201263427734
Proto-LC,5,5-253094-B-49.wav,49,hand saw,49,hand saw,hand saw; chainsaw; brushing teeth,0.8071828484535217
Proto-LC,5,5-253094-C-49.wav,49,hand saw,49,hand saw,hand saw; chainsaw; brushing teeth,0.8251543045043945
Proto-LC,5,5-253094-D-49.wav,49,hand saw,49,hand saw,hand saw; chainsaw; engine,0.8985313177108765
Proto-LC,5,5-253101-A-49.wav,49,hand saw,49,hand saw,hand saw; chainsaw; brushing teeth,0.8422521352767944
Proto-LC,5,5-253101-B-49.wav,49,hand saw,49,hand saw,hand saw; chainsaw; brushing teeth,0.8936505317687988
Proto-LC,5,5-253101-C-49.wav,49,hand saw,49,hand saw,hand saw; chainsaw; brushing teeth,0.8708447813987732
Proto-LC,5,5-253534-A-26.wav,26,laughing,26,laughing,laughing; hen; crying baby,0.6796974539756775
Proto-LC,5,5-254160-A-22.wav,22,clapping,22,clapping,clapping; keyboard typing; car horn,0.701480507850647
Proto-LC,5,5-254832-A-15.wav,15,water drops,15,water drops,water drops; pouring water; clock tick,0.7741347551345825
Proto-LC,5,5-254832-B-15.wav,15,water drops,15,water drops,water drops; pouring water; clock tick,0.7803198099136353
Proto-LC,5,5-256452-A-5.wav,5,cat,5,cat,cat; crying baby; crow,0.8903318643569946
Proto-LC,5,5-256512-A-30.wav,30,door wood knock,30,door wood knock,door wood knock; footsteps; door wood creaks,0.8327290415763855
Proto-LC,5,5-257349-A-15.wav,15,water drops,15,water drops,water drops; pouring water; rain,0.7540438175201416
Proto-LC,5,5-257642-A-39.wav,39,glass breaking,39,glass breaking,glass breaking; can opening; sneezing,0.7795063257217407
Proto-LC,5,5-257839-A-14.wav,14,chirping birds,14,chirping birds,chirping birds; crow; hen,0.7754136323928833
Proto-LC,5,5-259169-A-5.wav,5,cat,5,cat,cat; crow; rooster,0.8215481042861938
Proto-LC,5,5-259180-A-15.wav,15,water drops,15,water drops,water drops; pouring water; drinking sipping,0.72388756275177
Proto-LC,5,5-259514-A-26.wav,26,laughing,26,laughing,laughing; coughing; breathing,0.6494871377944946
Proto-LC,5,5-259640-A-29.wav,29,drinking sipping,29,drinking sipping,drinking sipping; coughing; snoring,0.8046172857284546
Proto-LC,5,5-260011-A-34.wav,34,can opening,34,can opening,can opening; mouse click; glass breaking,0.7530661821365356
Proto-LC,5,5-260164-A-23.wav,23,breathing,23,breathing,breathing; snoring; drinking sipping,0.8516741991043091
Proto-LC,5,5-260432-A-39.wav,39,glass breaking,39,glass breaking,glass breaking; can opening; clapping,0.8459227681159973
Proto-LC,5,5-260433-A-39.wav,39,glass breaking,39,glass breaking,glass breaking; can opening; crackling fire,0.8726073503494263
Proto-LC,5,5-260434-A-39.wav,39,glass breaking,39,glass breaking,glass breaking; can opening; clapping,0.8428243398666382
Proto-LC,5,5-260875-A-35.wav,35,washing machine,47,airplane,airplane; helicopter; engine,0.664480447769165
Proto-LC,5,5-261325-A-9.wav,9,crow,9,crow,crow; chirping birds; sheep,0.8110151290893555
Proto-LC,5,5-261433-A-15.wav,15,water drops,15,water drops,water drops; pouring water; drinking sipping,0.5917505621910095
Proto-LC,5,5-261439-A-15.wav,15,water drops,15,water drops,water drops; drinking sipping; pouring water,0.6359279751777649
Proto-LC,5,5-261464-A-23.wav,23,breathing,23,breathing,breathing; snoring; wind,0.6507369875907898
Proto-LC,5,5-262641-A-15.wav,15,water drops,15,water drops,water drops; pouring water; washing machine,0.7205743789672852
Proto-LC,5,5-262957-A-22.wav,22,clapping,22,clapping,clapping; rain; keyboard typing,0.8424158096313477
Proto-LC,5,5-263490-A-25.wav,25,footsteps,25,footsteps,footsteps; train; wind,0.604627251625061
Proto-LC,5,5-263491-A-25.wav,25,footsteps,25,footsteps,footsteps; wind; train,0.5808953642845154
Proto-LC,5,5-263501-A-25.wav,25,footsteps,25,footsteps,footsteps; fireworks; train,0.5438436269760132
Proto-LC,5,5-263775-A-26.wav,26,laughing,26,laughing,laughing; coughing; breathing,0.7058029174804688
Proto-LC,5,5-263775-B-26.wav,26,laughing,26,laughing,laughing; coughing; dog,0.5760597586631775
Proto-LC,5,5-263831-A-6.wav,6,hen,6,hen,hen; rooster; chirping birds,0.9050341844558716
Proto-LC,5,5-263831-B-6.wav,6,hen,6,hen,hen; rooster; chirping birds,0.8604409098625183
Proto-LC,5,5-263902-A-36.wav,36,vacuum cleaner,36,vacuum cleaner,vacuum cleaner; engine; washing machine,0.8327993154525757
Proto-LC,5,5-51149-A-25.wav,25,footsteps,25,footsteps,footsteps; door wood knock; train,0.6468245983123779
Proto-LC,5,5-61635-A-8.wav,8,sheep,8,sheep,sheep; cow; rooster,0.851702094078064
Proto-LC,5,5-9032-A-0.wav,0,dog,0,dog,dog; chirping birds; cat,0.6366181373596191
Logistic Regression,5,5-103415-A-2.wav,2,pig,2,pig,pig; hen; sheep,0.9979563355445862
Logistic Regression,5,5-103416-A-2.wav,2,pig,6,hen,hen; laughing; pig,0.4910179078578949
Logistic Regression,5,5-103418-A-2.wav,2,pig,2,pig,pig; dog; hen,0.9981685280799866
Logistic Regression,5,5-103420-A-2.wav,2,pig,2,pig,pig; cat; crying baby,0.6145046353340149
Logistic Regression,5,5-103421-A-2.wav,2,pig,2,pig,pig; hen; brushing teeth,0.9982811212539673
Logistic Regression,5,5-103422-A-2.wav,2,pig,2,pig,pig; snoring; cow,0.8170326948165894
Logistic Regression,5,5-117118-A-42.wav,42,siren,42,siren,siren; thunderstorm; wind,0.998651921749115
Logistic Regression,5,5-117120-A-42.wav,42,siren,42,siren,siren; clock alarm; sea waves,0.9990584850311279
Logistic Regression,5,5-117122-A-42.wav,42,siren,42,siren,siren; wind; thunderstorm,0.997399091720581
Logistic Regression,5,5-117250-A-2.wav,2,pig,29,drinking sipping,drinking sipping; pig; cow,0.21378499269485474
Logistic Regression,5,5-117773-A-16.wav,16,wind,16,wind,wind; airplane; vacuum cleaner,0.9941761493682861
Logistic Regression,5,5-127990-A-2.wav,2,pig,2,pig,pig; hen; frog,0.9994326233863831
Logistic Regression,5,5-133989-A-42.wav,42,siren,42,siren,siren; car horn; wind,0.999807596206665
Logistic Regression,5,5-133989-B-42.wav,42,siren,42,siren,siren; wind; vacuum cleaner,0.9998682141304016
Logistic Regression,5,5-141683-A-35.wav,35,washing machine,35,washing machine,washing machine; wind; airplane,0.9874356389045715
Logistic Regression,5,5-147297-A-27.wav,27,brushing teeth,27,brushing teeth,brushing teeth; wind; hand saw,0.9999076724052429
Logistic Regression,5,5-150409-A-42.wav,42,siren,42,siren,siren; train; wind,0.4825117588043213
Logistic Regression,5,5-151085-A-20.wav,20,crying baby,20,crying baby,crying baby; cat; coughing,0.9975825548171997
Logistic Regression,5,5-156026-A-4.wav,4,frog,4,frog,frog; crow; cat,0.9674089550971985
Logistic Regression,5,5-156026-B-4.wav,4,frog,4,frog,frog; crow; clock tick,0.9031991362571716
Logistic Regression,5,5-156026-C-4.wav,4,frog,4,frog,frog; snoring; crickets,0.995756983757019
Logistic Regression,5,5-156026-D-4.wav,4,frog,9,crow,crow; frog; cat,0.7135759592056274
Logistic Regression,5,5-156698-A-18.wav,18,toilet flush,18,toilet flush,toilet flush; pouring water; rain,0.9972382187843323
Logistic Regression,5,5-156999-A-19.wav,19,thunderstorm,19,thunderstorm,thunderstorm; airplane; fireworks,0.9994314908981323
Logistic Regression,5,5-156999-B-19.wav,19,thunderstorm,19,thunderstorm,thunderstorm; fireworks; airplane,0.9838146567344666
Logistic Regression,5,5-156999-C-19.wav,19,thunderstorm,19,thunderstorm,thunderstorm; fireworks; wind,0.99085932970047
Logistic Regression,5,5-156999-D-19.wav,19,thunderstorm,19,thunderstorm,thunderstorm; airplane; wind,0.9947691559791565
Logistic Regression,5,5-156999-E-19.wav,19,thunderstorm,19,thunderstorm,thunderstorm; airplane; fireworks,0.993896484375
Logistic Regression,5,5-157204-A-16.wav,16,wind,16,wind,wind; chirping birds; breathing,0.99940425157547
Logistic Regression,5,5-157204-B-16.wav,16,wind,16,wind,wind; crickets; chirping birds,0.9974190592765808
Logistic Regression,5,5-160551-A-42.wav,42,siren,42,siren,siren; wind; rain,0.9234832525253296
Logistic Regression,5,5-160614-A-48.wav,48,fireworks,48,fireworks,fireworks; clapping; crackling fire,0.9290496706962585
Logistic Regression,5,5-160614-B-48.wav,48,fireworks,48,fireworks,fireworks; clapping; engine,0.9922773838043213
Logistic Regression,5,5-160614-C-48.wav,48,fireworks,48,fireworks,fireworks; car horn; clapping,0.9969916343688965
Logistic Regression,5,5-160614-D-48.wav,48,fireworks,48,fireworks,fireworks; clapping; chirping birds,0.9915940165519714
Logistic Regression,5,5-160614-E-48.wav,48,fireworks,48,fireworks,fireworks; crackling fire; footsteps,0.8856402635574341
Logistic Regression,5,5-160614-F-48.wav,48,fireworks,48,fireworks,fireworks; clapping; crackling fire,0.9887033700942993
Logistic Regression,5,5-160614-G-48.wav,48,fireworks,48,fireworks,fireworks; clapping; engine,0.9988762736320496
Logistic Regression,5,5-160614-H-48.wav,48,fireworks,48,fireworks,fireworks; clapping; crackling fire,0.9979313015937805
Logistic Regression,5,5-161270-A-33.wav,33,door wood creaks,33,door wood creaks,door wood creaks; footsteps; mouse click,0.9997804164886475
Logistic Regression,5,5-161270-B-33.wav,33,door wood creaks,33,door wood creaks,door wood creaks; snoring; mouse click,0.9995840787887573
Logistic Regression,5,5-169983-A-5.wav,5,cat,5,cat,cat; wind; sheep,0.9990085959434509
Logistic Regression,5,5-170338-A-41.wav,41,chainsaw,41,chainsaw,chainsaw; helicopter; door wood creaks,0.9792202711105347
Logistic Regression,5,5-170338-B-41.wav,41,chainsaw,41,chainsaw,chainsaw; vacuum cleaner; helicopter,0.9994521141052246
Logistic Regression,5,5-171118-A-26.wav,26,laughing,26,laughing,laughing; coughing; clapping,0.9990140795707703
Logistic Regression,5,5-171653-A-41.wav,41,chainsaw,41,chainsaw,chainsaw; engine; hand saw,0.9923669099807739
Logistic Regression,5,5-172299-A-5.wav,5,cat,5,cat,cat; crying baby; dog,0.9981938600540161
Logistic Regression,5,5-172639-A-5.wav,5,cat,5,cat,cat; sheep; door wood knock,0.9998816251754761
Logistic Regression,5,5-173568-A-33.wav,33,door wood creaks,33,door wood creaks,door wood creaks; insects; door wood knock,0.9828356504440308
Logistic Regression,5,5-177034-A-18.wav,18,toilet flush,18,toilet flush,toilet flush; sneezing; insects,0.998689591884613
Logistic Regression,5,5-177614-A-5.wav,5,cat,5,cat,cat; frog; sheep,0.9974547028541565
Logistic Regression,5,5-177779-A-33.wav,33,door wood creaks,33,door wood creaks,door wood creaks; mouse click; water drops,0.9992240071296692
Logistic Regression,5,5-177957-A-40.wav,40,helicopter,40,helicopter,helicopter; washing machine; engine,0.6850419640541077
Logistic Regression,5,5-177957-B-40.wav,40,helicopter,40,helicopter,helicopter; washing machine; crickets,0.8088822364807129
Logistic Regression,5,5-177957-C-40.wav,40,helicopter,40,helicopter,helicopter; washing machine; engine,0.9993396997451782
Logistic Regression,5,5-177957-D-40.wav,40,helicopter,40,helicopter,helicopter; washing machine; engine,0.9391247034072876
Logistic Regression,5,5-177957-E-40.wav,40,helicopter,35,washing machine,washing machine; helicopter; engine,0.5541695952415466
Logistic Regression,5,5-178997-A-24.wav,24,coughing,24,coughing,coughing; sneezing; crickets,0.997847855091095
Logistic Regression,5,5-179294-A-46.wav,46,church bells,46,church bells,church bells; footsteps; train,0.9997745156288147
Logistic Regression,5,5-179496-A-16.wav,16,wind,47,airplane,airplane; wind; chainsaw,0.9443492889404297
Logistic Regression,5,5-179496-B-16.wav,16,wind,16,wind,wind; airplane; chainsaw,0.8302645683288574
Logistic Regression,5,5-179860-A-43.wav,43,car horn,43,car horn,car horn; door wood knock; siren,0.9998960494995117
Logistic Regression,5,5-179863-A-43.wav,43,car horn,43,car horn,car horn; siren; engine,0.9999213814735413
Logistic Regression,5,5-179865-A-43.wav,43,car horn,43,car horn,car horn; engine; door wood knock,0.9999132752418518
Logistic Regression,5,5-179866-A-43.wav,43,car horn,43,car horn,car horn; airplane; dog,0.9996702671051025
Logistic Regression,5,5-179868-A-43.wav,43,car horn,43,car horn,car horn; siren; train,0.9872982501983643
Logistic Regression,5,5-180156-A-43.wav,43,car horn,43,car horn,car horn; engine; helicopter,0.9993076920509338
Logistic Regression,5,5-180156-B-43.wav,43,car horn,43,car horn,car horn; rain; footsteps,0.9998375773429871
Logistic Regression,5,5-180156-C-43.wav,43,car horn,43,car horn,car horn; rain; helicopter,0.9992809295654297
Logistic Regression,5,5-180229-A-27.wav,27,brushing teeth,27,brushing teeth,brushing teeth; hand saw; breathing,0.9989827871322632
Logistic Regression,5,5-181458-A-33.wav,33,door wood creaks,33,door wood creaks,door wood creaks; crying baby; door wood knock,0.9984357357025146
Logistic Regression,5,5-181766-A-10.wav,10,rain,10,rain,rain; pouring water; thunderstorm,0.9998143911361694
Logistic Regression,5,5-181977-A-35.wav,35,washing machine,35,washing machine,washing machine; vacuum cleaner; hand saw,0.9960361123085022
Logistic Regression,5,5-182007-A-36.wav,36,vacuum cleaner,35,washing machine,washing machine; vacuum cleaner; wind,0.7325524091720581
Logistic Regression,5,5-182010-A-36.wav,36,vacuum cleaner,35,washing machine,washing machine; vacuum cleaner; wind,0.7146779298782349
Logistic Regression,5,5-182012-A-36.wav,36,vacuum cleaner,36,vacuum cleaner,vacuum cleaner; washing machine; crying baby,0.7869726419448853
Logistic Regression,5,5-182404-A-18.wav,18,toilet flush,18,toilet flush,toilet flush; vacuum cleaner; pouring water,0.998734712600708
Logistic Regression,5,5-184323-A-42.wav,42,siren,42,siren,siren; wind; thunderstorm,0.9948894381523132
Logistic Regression,5,5-184871-A-24.wav,24,coughing,24,coughing,coughing; sneezing; laughing,0.9816088676452637
Logistic Regression,5,5-185516-A-27.wav,27,brushing teeth,27,brushing teeth,brushing teeth; pouring water; hand saw,0.9991499185562134
Logistic Regression,5,5-185579-A-41.wav,41,chainsaw,41,chainsaw,chainsaw; helicopter; hand saw,0.9997907876968384
Logistic Regression,5,5-185579-B-41.wav,41,chainsaw,41,chainsaw,chainsaw; vacuum cleaner; hand saw,0.9970272183418274
Logistic Regression,5,5-185908-A-18.wav,18,toilet flush,18,toilet flush,toilet flush; vacuum cleaner; sea waves,0.9987195134162903
Logistic Regression,5,5-186924-A-12.wav,12,crackling fire,12,crackling fire,crackling fire; rain; washing machine,0.9811381101608276
Logistic Regression,5,5-187201-A-4.wav,4,frog,4,frog,frog; crickets; water drops,0.996904194355011
Logistic Regression,5,5-187201-B-4.wav,4,frog,4,frog,frog; crickets; chirping birds,0.9954248666763306
Logistic Regression,5,5-187444-A-33.wav,33,door wood creaks,33,door wood creaks,door wood creaks; chainsaw; wind,0.9886403679847717
Logistic Regression,5,5-187979-A-21.wav,21,sneezing,21,sneezing,sneezing; coughing; breathing,0.9868974089622498
Logistic Regression,5,5-188365-A-36.wav,36,vacuum cleaner,36,vacuum cleaner,vacuum cleaner; rain; chainsaw,0.9804356098175049
Logistic Regression,5,5-188495-A-19.wav,19,thunderstorm,19,thunderstorm,thunderstorm; wind; airplane,0.9977442622184753
Logistic Regression,5,5-188606-A-33.wav,33,door wood creaks,33,door wood creaks,door wood creaks; mouse click; door wood knock,0.9999017119407654
Logistic Regression,5,5-188655-A-10.wav,10,rain,10,rain,rain; pouring water; car horn,0.9993762373924255
Logistic Regression,5,5-188716-A-46.wav,46,church bells,46,church bells,church bells; thunderstorm; keyboard typing,0.9995686411857605
Logistic Regression,5,5-188796-A-45.wav,45,train,45,train,train; washing machine; footsteps,0.9999212622642517
Logistic Regression,5,5-188945-A-45.wav,45,train,45,train,train; rain; engine,0.9994667768478394
Logistic Regression,5,5-189212-A-12.wav,12,crackling fire,12,crackling fire,crackling fire; rain; crickets,0.9993892908096313
Logistic Regression,5,5-189237-A-12.wav,12,crackling fire,12,crackling fire,crackling fire; mouse click; fireworks,0.9993846416473389
Logistic Regression,5,5-189795-A-4.wav,4,frog,4,frog,frog; crickets; hen,0.9989902377128601
Logistic Regression,5,5-191131-A-40.wav,40,helicopter,47,airplane,airplane; helicopter; washing machine,0.8439587354660034
Logistic Regression,5,5-191497-A-33.wav,33,door wood creaks,33,door wood creaks,door wood creaks; clock tick; chainsaw,0.9995760917663574
Logistic Regression,5,5-192191-A-19.wav,19,thunderstorm,19,thunderstorm,thunderstorm; airplane; wind,0.9996440410614014
Logistic Regression,5,5-193339-A-10.wav,10,rain,10,rain,rain; washing machine; thunderstorm,0.9987029433250427
Logistic Regression,5,5-193473-A-12.wav,12,crackling fire,12,crackling fire,crackling fire; rain; glass breaking,0.9991418719291687
Logistic Regression,5,5-193473-B-12.wav,12,crackling fire,12,crackling fire,crackling fire; rain; glass breaking,0.9992589354515076
Logistic Regression,5,5-194533-A-21.wav,21,sneezing,24,coughing,coughing; sneezing; crying baby,0.6086267828941345
Logistic Regression,5,5-194892-A-10.wav,10,rain,10,rain,rain; thunderstorm; washing machine,0.9998852610588074
Logistic Regression,5,5-194899-A-3.wav,3,cow,3,cow,cow; sheep; pig,0.9923380613327026
Logistic Regression,5,5-194899-B-3.wav,3,cow,3,cow,cow; sheep; drinking sipping,0.9983540177345276
Logistic Regression,5,5-194899-C-3.wav,3,cow,3,cow,cow; sheep; coughing,0.9776332974433899
Logistic Regression,5,5-194899-D-3.wav,3,cow,3,cow,cow; snoring; sheep,0.9985478520393372
Logistic Regression,5,5-194930-A-1.wav,1,rooster,1,rooster,rooster; dog; hen,0.9669909477233887
Logistic Regression,5,5-194930-B-1.wav,1,rooster,1,rooster,rooster; hen; dog,0.99076908826828
Logistic Regression,5,5-194932-A-7.wav,7,insects,7,insects,insects; airplane; chainsaw,0.9998398423194885
Logistic Regression,5,5-195517-A-7.wav,7,insects,7,insects,insects; sneezing; chainsaw,0.9997225403785706
Logistic Regression,5,5-195518-A-7.wav,7,insects,7,insects,insects; brushing teeth; chainsaw,0.9995076656341553
Logistic Regression,5,5-195557-A-19.wav,19,thunderstorm,19,thunderstorm,thunderstorm; fireworks; airplane,0.9998317956924438
Logistic Regression,5,5-195710-A-10.wav,10,rain,10,rain,rain; wind; washing machine,0.8290714025497437
Logistic Regression,5,5-197118-A-45.wav,45,train,45,train,train; chirping birds; sneezing,0.999876081943512
Logistic Regression,5,5-197121-A-45.wav,45,train,45,train,train; footsteps; washing machine,0.999762237071991
Logistic Regression,5,5-197121-B-45.wav,45,train,45,train,train; rain; thunderstorm,0.9977368116378784
Logistic Regression,5,5-197446-A-7.wav,7,insects,7,insects,insects; footsteps; toilet flush,0.9998831152915955
Logistic Regression,5,5-197913-A-18.wav,18,toilet flush,18,toilet flush,toilet flush; pouring water; sea waves,0.9943172931671143
Logistic Regression,5,5-197988-A-46.wav,46,church bells,46,church bells,church bells; water drops; thunderstorm,0.9987726211547852
Logistic Regression,5,5-198278-A-7.wav,7,insects,7,insects,insects; brushing teeth; vacuum cleaner,0.9984038472175598
Logistic Regression,5,5-198278-B-7.wav,7,insects,7,insects,insects; chainsaw; crickets,0.9990528225898743
Logistic Regression,5,5-198278-C-7.wav,7,insects,7,insects,insects; chainsaw; airplane,0.999667763710022
Logistic Regression,5,5-198321-A-10.wav,10,rain,10,rain,rain; wind; pouring water,0.9998606443405151
Logistic Regression,5,5-198373-A-46.wav,46,church bells,46,church bells,church bells; clock tick; airplane,0.9969536662101746
Logistic Regression,5,5-198411-A-20.wav,20,crying baby,20,crying baby,crying baby; coughing; rooster,0.9998530149459839
Logistic Regression,5,5-198411-B-20.wav,20,crying baby,20,crying baby,crying baby; laughing; coughing,0.999814510345459
Logistic Regression,5,5-198411-C-20.wav,20,crying baby,20,crying baby,crying baby; breathing; clock tick,0.9996792078018188
Logistic Regression,5,5-198411-D-20.wav,20,crying baby,20,crying baby,crying baby; coughing; cat,0.999837338924408
Logistic Regression,5,5-198411-E-20.wav,20,crying baby,20,crying baby,crying baby; cat; church bells,0.9999718070030212
Logistic Regression,5,5-198411-F-20.wav,20,crying baby,20,crying baby,crying baby; rooster; cat,0.9996269941329956
Logistic Regression,5,5-198411-G-20.wav,20,crying baby,20,crying baby,crying baby; cat; laughing,0.9998622536659241
Logistic Regression,5,5-198600-A-45.wav,45,train,45,train,train; wind; rain,0.9995845556259155
Logistic Regression,5,5-198891-A-8.wav,8,sheep,8,sheep,sheep; cow; pig,0.9991087317466736
Logistic Regression,5,5-198891-B-8.wav,8,sheep,8,sheep,sheep; pig; cat,0.9990702867507935
Logistic Regression,5,5-198891-C-8.wav,8,sheep,8,sheep,sheep; hen; pig,0.9987309575080872
Logistic Regression,5,5-198891-D-8.wav,8,sheep,8,sheep,sheep; cow; rooster,0.9993208646774292
Logistic Regression,5,5-199284-A-45.wav,45,train,45,train,train; footsteps; rain,0.9998747110366821
Logistic Regression,5,5-199284-B-45.wav,45,train,45,train,train; hand saw; footsteps,0.9996889233589172
Logistic Regression,5,5-200329-A-8.wav,8,sheep,8,sheep,sheep; pig; cat,0.999494731426239
Logistic Regression,5,5-200329-B-8.wav,8,sheep,8,sheep,sheep; cat; wind,0.9993705749511719
Logistic Regression,5,5-200329-C-8.wav,8,sheep,8,sheep,sheep; cow; cat,0.9992024898529053
Logistic Regression,5,5-200334-A-1.wav,1,rooster,1,rooster,rooster; coughing; hen,0.9994078874588013
Logistic Regression,5,5-200334-B-1.wav,1,rooster,1,rooster,rooster; coughing; door wood knock,0.9992950558662415
Logistic Regression,5,5-200339-A-1.wav,1,rooster,1,rooster,rooster; coughing; door wood knock,0.9993933439254761
Logistic Regression,5,5-200461-A-11.wav,11,sea waves,11,sea waves,sea waves; footsteps; wind,0.9995610117912292
Logistic Regression,5,5-200461-B-11.wav,11,sea waves,11,sea waves,sea waves; footsteps; rain,0.9994968175888062
Logistic Regression,5,5-201170-A-46.wav,46,church bells,46,church bells,church bells; airplane; train,0.9998168349266052
Logistic Regression,5,5-201172-A-46.wav,46,church bells,46,church bells,church bells; train; pig,0.9997217655181885
Logistic Regression,5,5-201194-A-38.wav,38,clock tick,38,clock tick,clock tick; clock alarm; mouse click,0.999679446220398
Logistic Regression,5,5-201274-A-21.wav,21,sneezing,21,sneezing,sneezing; can opening; drinking sipping,0.9994173049926758
Logistic Regression,5,5-201664-A-18.wav,18,toilet flush,18,toilet flush,toilet flush; frog; insects,0.9990792274475098
Logistic Regression,5,5-202020-A-18.wav,18,toilet flush,18,toilet flush,toilet flush; drinking sipping; insects,0.9992143511772156
Logistic Regression,5,5-202220-A-21.wav,21,sneezing,21,sneezing,sneezing; coughing; laughing,0.5963342785835266
Logistic Regression,5,5-202540-A-18.wav,18,toilet flush,18,toilet flush,toilet flush; pouring water; vacuum cleaner,0.9987720847129822
Logistic Regression,5,5-202795-A-3.wav,3,cow,3,cow,cow; snoring; chainsaw,0.9976598024368286
Logistic Regression,5,5-202898-A-10.wav,10,rain,10,rain,rain; water drops; pouring water,0.9959439635276794
Logistic Regression,5,5-203128-A-0.wav,0,dog,0,dog,dog; clock alarm; toilet flush,0.9998306035995483
Logistic Regression,5,5-203128-B-0.wav,0,dog,0,dog,dog; hen; clock alarm,0.9996945261955261
Logistic Regression,5,5-203739-A-10.wav,10,rain,10,rain,rain; pig; clock tick,0.9994041919708252
Logistic Regression,5,5-204114-A-29.wav,29,drinking sipping,29,drinking sipping,drinking sipping; pig; brushing teeth,0.9644786715507507
Logistic Regression,5,5-204352-A-13.wav,13,crickets,13,crickets,crickets; mouse click; frog,0.9999608397483826
Logistic Regression,5,5-204352-B-13.wav,13,crickets,13,crickets,crickets; frog; clock alarm,0.9999260306358337
Logistic Regression,5,5-204604-A-24.wav,24,coughing,24,coughing,coughing; crying baby; laughing,0.9997284412384033
Logistic Regression,5,5-204741-A-46.wav,46,church bells,46,church bells,church bells; water drops; clock tick,0.9942132234573364
Logistic Regression,5,5-205090-A-32.wav,32,keyboard typing,32,keyboard typing,keyboard typing; footsteps; door wood knock,0.9837828874588013
Logistic Regression,5,5-205589-A-17.wav,17,pouring water,17,pouring water,pouring water; toilet flush; water drops,0.9997720122337341
Logistic Regression,5,5-205589-B-17.wav,17,pouring water,17,pouring water,pouring water; water drops; toilet flush,0.9973596334457397
Logistic Regression,5,5-205898-A-40.wav,40,helicopter,35,washing machine,washing machine; helicopter; airplane,0.4928542971611023
Logistic Regression,5,5-207681-A-24.wav,24,coughing,24,coughing,coughing; sneezing; can opening,0.999563992023468
Logistic Regression,5,5-207781-A-17.wav,17,pouring water,17,pouring water,pouring water; brushing teeth; water drops,0.9999439716339111
Logistic Regression,5,5-207811-A-35.wav,35,washing machine,35,washing machine,washing machine; engine; vacuum cleaner,0.9816398024559021
Logistic Regression,5,5-207811-B-35.wav,35,washing machine,35,washing machine,washing machine; vacuum cleaner; airplane,0.9974897503852844
Logistic Regression,5,5-207836-A-29.wav,29,drinking sipping,29,drinking sipping,drinking sipping; brushing teeth; pig,0.6903536915779114
Logistic Regression,5,5-207836-B-29.wav,29,drinking sipping,29,drinking sipping,drinking sipping; brushing teeth; water drops,0.7975092530250549
Logistic Regression,5,5-207836-C-29.wav,29,drinking sipping,29,drinking sipping,drinking sipping; pouring water; washing machine,0.9984050393104553
Logistic Regression,5,5-207836-D-29.wav,29,drinking sipping,29,drinking sipping,drinking sipping; washing machine; water drops,0.9998394846916199
Logistic Regression,5,5-208030-A-0.wav,0,dog,0,dog,dog; can opening; vacuum cleaner,0.9993088245391846
Logistic Regression,5,5-208624-A-38.wav,38,clock tick,38,clock tick,clock tick; clock alarm; washing machine,0.9961525797843933
Logistic Regression,5,5-208761-A-24.wav,24,coughing,24,coughing,coughing; crying baby; laughing,0.9992970824241638
Logistic Regression,5,5-208810-A-11.wav,11,sea waves,11,sea waves,sea waves; helicopter; clapping,0.9999215602874756
Logistic Regression,5,5-208810-B-11.wav,11,sea waves,11,sea waves,sea waves; clapping; laughing,0.9999446272850037
Logistic Regression,5,5-209698-A-38.wav,38,clock tick,38,clock tick,clock tick; mouse click; clock alarm,0.9935228824615479
Logistic Regression,5,5-209719-A-24.wav,24,coughing,24,coughing,coughing; sneezing; drinking sipping,0.8749848008155823
Logistic Regression,5,5-209833-A-38.wav,38,clock tick,38,clock tick,clock tick; clock alarm; mouse click,0.9994847178459167
Logistic Regression,5,5-209989-A-22.wav,22,clapping,22,clapping,clapping; engine; laughing,0.9992687702178955
Logistic Regression,5,5-209992-A-44.wav,44,engine,44,engine,engine; helicopter; door wood creaks,0.9400928616523743
Logistic Regression,5,5-209992-B-44.wav,44,engine,44,engine,engine; helicopter; washing machine,0.998829185962677
Logistic Regression,5,5-210540-A-13.wav,13,crickets,13,crickets,crickets; chirping birds; rooster,0.9990922808647156
Logistic Regression,5,5-210571-A-38.wav,38,clock tick,38,clock tick,clock tick; mouse click; clock alarm,0.9984846711158752
Logistic Regression,5,5-210612-A-37.wav,37,clock alarm,37,clock alarm,clock alarm; washing machine; mouse click,0.9982422590255737
Logistic Regression,5,5-211197-A-24.wav,24,coughing,24,coughing,coughing; sneezing; crying baby,0.9997650384902954
Logistic Regression,5,5-211408-A-37.wav,37,clock alarm,37,clock alarm,clock alarm; washing machine; clock tick,0.9978926181793213
Logistic Regression,5,5-212050-A-27.wav,27,brushing teeth,27,brushing teeth,brushing teeth; hand saw; breathing,0.910935640335083
Logistic Regression,5,5-212054-A-36.wav,36,vacuum cleaner,36,vacuum cleaner,vacuum cleaner; washing machine; chainsaw,0.9960370659828186
Logistic Regression,5,5-212059-A-36.wav,36,vacuum cleaner,36,vacuum cleaner,vacuum cleaner; washing machine; brushing teeth,0.9979997277259827
Logistic Regression,5,5-212181-A-38.wav,38,clock tick,38,clock tick,clock tick; mouse click; clock alarm,0.9694287180900574
Logistic Regression,5,5-212454-A-0.wav,0,dog,0,dog,dog; clock alarm; car horn,0.9991783499717712
Logistic Regression,5,5-212730-A-17.wav,17,pouring water,17,pouring water,pouring water; water drops; drinking sipping,0.9985059499740601
Logistic Regression,5,5-212734-A-17.wav,17,pouring water,17,pouring water,pouring water; water drops; brushing teeth,0.9997590780258179
Logistic Regression,5,5-212736-A-17.wav,17,pouring water,17,pouring water,pouring water; water drops; drinking sipping,0.999908983707428
Logistic Regression,5,5-213077-A-11.wav,11,sea waves,16,wind,wind; sea waves; helicopter,0.9430323839187622
Logistic Regression,5,5-213293-A-23.wav,23,breathing,23,breathing,breathing; hand saw; snoring,0.9996655583381653
Logistic Regression,5,5-213802-A-12.wav,12,crackling fire,36,vacuum cleaner,vacuum cleaner; crackling fire; washing machine,0.3560078740119934
Logistic Regression,5,5-213836-A-9.wav,9,crow,9,crow,crow; airplane; sheep,0.999826967716217
Logistic Regression,5,5-213836-B-9.wav,9,crow,9,crow,crow; cat; frog,0.9994743466377258
Logistic Regression,5,5-213836-C-9.wav,9,crow,9,crow,crow; sheep; car horn,0.9994902610778809
Logistic Regression,5,5-213836-D-9.wav,9,crow,9,crow,crow; pig; chainsaw,0.9993535876274109
Logistic Regression,5,5-213855-A-0.wav,0,dog,0,dog,dog; car horn; cat,0.99900221824646
Logistic Regression,5,5-214362-A-17.wav,17,pouring water,17,pouring water,pouring water; drinking sipping; clapping,0.9993323683738708
Logistic Regression,5,5-214759-A-5.wav,5,cat,5,cat,cat; sheep; frog,0.9998827576637268
Logistic Regression,5,5-214759-B-5.wav,5,cat,5,cat,cat; sheep; crying baby,0.9998133182525635
Logistic Regression,5,5-214869-A-9.wav,9,crow,9,crow,crow; frog; chirping birds,0.9991633296012878
Logistic Regression,5,5-215005-A-32.wav,32,keyboard typing,32,keyboard typing,keyboard typing; mouse click; airplane,0.9997459650039673
Logistic Regression,5,5-215172-A-13.wav,13,crickets,13,crickets,crickets; washing machine; mouse click,0.9999615550041199
Logistic Regression,5,5-215179-A-13.wav,13,crickets,13,crickets,crickets; wind; insects,0.9984096884727478
Logistic Regression,5,5-215445-A-47.wav,47,airplane,47,airplane,airplane; wind; thunderstorm,0.9981746673583984
Logistic Regression,5,5-215447-A-47.wav,47,airplane,47,airplane,airplane; wind; thunderstorm,0.9470664262771606
Logistic Regression,5,5-215449-A-47.wav,47,airplane,47,airplane,airplane; thunderstorm; helicopter,0.9974746108055115
Logistic Regression,5,5-215634-A-17.wav,17,pouring water,17,pouring water,pouring water; drinking sipping; can opening,0.9982370138168335
Logistic Regression,5,5-215658-A-12.wav,12,crackling fire,12,crackling fire,crackling fire; rain; thunderstorm,0.9966660141944885
Logistic Regression,5,5-215658-B-12.wav,12,crackling fire,12,crackling fire,crackling fire; rain; thunderstorm,0.9712178707122803
Logistic Regression,5,5-216131-A-32.wav,32,keyboard typing,32,keyboard typing,keyboard typing; mouse click; clapping,0.9995960593223572
Logistic Regression,5,5-216213-A-13.wav,13,crickets,13,crickets,crickets; chirping birds; frog,0.9267367124557495
Logistic Regression,5,5-216214-A-13.wav,13,crickets,13,crickets,crickets; chirping birds; insects,0.9939486384391785
Logistic Regression,5,5-216216-A-13.wav,13,crickets,13,crickets,crickets; chirping birds; insects,0.999940037727356
Logistic Regression,5,5-216368-A-28.wav,28,snoring,28,snoring,snoring; drinking sipping; breathing,0.9987882375717163
Logistic Regression,5,5-216370-A-41.wav,41,chainsaw,41,chainsaw,chainsaw; engine; helicopter,0.9929461479187012
Logistic Regression,5,5-216370-B-41.wav,41,chainsaw,41,chainsaw,chainsaw; engine; hand saw,0.9728780388832092
Logistic Regression,5,5-217158-A-0.wav,0,dog,0,dog,dog; chirping birds; wind,0.9986734390258789
Logistic Regression,5,5-217186-A-16.wav,16,wind,16,wind,wind; airplane; chirping birds,0.5742539167404175
Logistic Regression,5,5-217186-B-16.wav,16,wind,16,wind,wind; breathing; siren,0.9995195865631104
Logistic Regression,5,5-217186-C-16.wav,16,wind,16,wind,wind; breathing; airplane,0.9998335838317871
Logistic Regression,5,5-218196-A-27.wav,27,brushing teeth,27,brushing teeth,brushing teeth; insects; pouring water,0.9999052286148071
Logistic Regression,5,5-218196-B-27.wav,27,brushing teeth,27,brushing teeth,brushing teeth; insects; hand saw,0.9998895525932312
Logistic Regression,5,5-218494-A-22.wav,22,clapping,22,clapping,clapping; laughing; glass breaking,0.9989390969276428
Logistic Regression,5,5-218980-A-30.wav,30,door wood knock,30,door wood knock,door wood knock; door wood creaks; coughing,0.9980432987213135
Logistic Regression,5,5-218981-A-30.wav,30,door wood knock,30,door wood knock,door wood knock; washing machine; door wood creaks,0.800644040107727
Logistic Regression,5,5-219044-A-46.wav,46,church bells,46,church bells,church bells; footsteps; car horn,0.9994620084762573
Logistic Regression,5,5-219242-A-37.wav,37,clock alarm,37,clock alarm,clock alarm; chirping birds; clock tick,0.9996694922447205
Logistic Regression,5,5-219242-B-37.wav,37,clock alarm,37,clock alarm,clock alarm; clock tick; chirping birds,0.9996994137763977
Logistic Regression,5,5-219318-A-31.wav,31,mouse click,31,mouse click,mouse click; keyboard typing; breathing,0.9995704293251038
Logistic Regression,5,5-219342-A-38.wav,38,clock tick,38,clock tick,clock tick; clock alarm; mouse click,0.9988763332366943
Logistic Regression,5,5-219379-A-11.wav,11,sea waves,11,sea waves,sea waves; helicopter; clapping,0.9998421669006348
Logistic Regression,5,5-219379-B-11.wav,11,sea waves,11,sea waves,sea waves; wind; clapping,0.9998949766159058
Logistic Regression,5,5-219379-C-11.wav,11,sea waves,11,sea waves,sea waves; wind; rain,0.9994614720344543
Logistic Regression,5,5-220026-A-21.wav,21,sneezing,21,sneezing,sneezing; laughing; breathing,0.9985840916633606
Logistic Regression,5,5-220027-A-21.wav,21,sneezing,21,sneezing,sneezing; breathing; pouring water,0.9997124671936035
Logistic Regression,5,5-220939-A-27.wav,27,brushing teeth,27,brushing teeth,brushing teeth; can opening; breathing,0.9758574366569519
Logistic Regression,5,5-220955-A-40.wav,40,helicopter,16,wind,wind; washing machine; airplane,0.6281729340553284
Logistic Regression,5,5-221518-A-21.wav,21,sneezing,21,sneezing,sneezing; laughing; coughing,0.9996970891952515
Logistic Regression,5,5-221528-A-39.wav,39,glass breaking,39,glass breaking,glass breaking; water drops; vacuum cleaner,0.9990734457969666
Logistic Regression,5,5-221529-A-39.wav,39,glass breaking,39,glass breaking,glass breaking; sneezing; washing machine,0.9933051466941833
Logistic Regression,5,5-221567-A-22.wav,22,clapping,22,clapping,clapping; laughing; glass breaking,0.9964480996131897
Logistic Regression,5,5-221568-A-22.wav,22,clapping,22,clapping,clapping; laughing; fireworks,0.9986645579338074
Logistic Regression,5,5-221593-A-21.wav,21,sneezing,21,sneezing,sneezing; can opening; coughing,0.997717559337616
Logistic Regression,5,5-221878-A-34.wav,34,can opening,34,can opening,can opening; airplane; mouse click,0.9994474053382874
Logistic Regression,5,5-221950-A-22.wav,22,clapping,22,clapping,clapping; fireworks; dog,0.9956973791122437
Logistic Regression,5,5-222041-A-9.wav,9,crow,9,crow,crow; wind; helicopter,0.9685158133506775
Logistic Regression,5,5-222524-A-41.wav,41,chainsaw,44,engine,engine; chainsaw; chirping birds,0.3759390711784363
Logistic Regression,5,5-222894-A-32.wav,32,keyboard typing,32,keyboard typing,keyboard typing; mouse click; insects,0.9996720552444458
Logistic Regression,5,5-223099-A-32.wav,32,keyboard typing,32,keyboard typing,keyboard typing; mouse click; can opening,0.8496871590614319
Logistic Regression,5,5-223099-B-32.wav,32,keyboard typing,32,keyboard typing,keyboard typing; mouse click; door wood knock,0.9987138509750366
Logistic Regression,5,5-223103-A-31.wav,31,mouse click,31,mouse click,mouse click; can opening; crackling fire,0.9982802867889404
Logistic Regression,5,5-223176-A-37.wav,37,clock alarm,37,clock alarm,clock alarm; mouse click; clock tick,0.9998315572738647
Logistic Regression,5,5-223317-A-31.wav,31,mouse click,31,mouse click,mouse click; clock tick; water drops,0.9987087249755859
Logistic Regression,5,5-223810-A-35.wav,35,washing machine,35,washing machine,washing machine; mouse click; hand saw,0.9996715784072876
Logistic Regression,5,5-231551-A-36.wav,36,vacuum cleaner,36,vacuum cleaner,vacuum cleaner; washing machine; insects,0.9969986081123352
Logistic Regression,5,5-231762-A-0.wav,0,dog,0,dog,dog; rooster; cow,0.9996628165245056
Logistic Regression,5,5-232272-A-44.wav,44,engine,44,engine,engine; washing machine; helicopter,0.9957409501075745
Logistic Regression,5,5-232802-A-31.wav,31,mouse click,31,mouse click,mouse click; keyboard typing; brushing teeth,0.9965919256210327
Logistic Regression,5,5-232816-A-23.wav,23,breathing,28,snoring,snoring; breathing; wind,0.4752093255519867
Logistic Regression,5,5-233019-A-31.wav,31,mouse click,31,mouse click,mouse click; clock tick; keyboard typing,0.9775648713111877
Logistic Regression,5,5-233160-A-1.wav,1,rooster,1,rooster,rooster; door wood knock; coughing,0.9994138479232788
Logistic Regression,5,5-233260-A-23.wav,23,breathing,23,breathing,breathing; snoring; wind,0.9960752129554749
Logistic Regression,5,5-233312-A-28.wav,28,snoring,28,snoring,snoring; cow; cat,0.9998899698257446
Logistic Regression,5,5-233605-A-39.wav,39,glass breaking,39,glass breaking,glass breaking; can opening; vacuum cleaner,0.998582124710083
Logistic Regression,5,5-233607-A-39.wav,39,glass breaking,39,glass breaking,glass breaking; vacuum cleaner; can opening,0.9994283318519592
Logistic Regression,5,5-233645-A-37.wav,37,clock alarm,37,clock alarm,clock alarm; clock tick; crying baby,0.9993634819984436
Logistic Regression,5,5-233787-A-7.wav,7,insects,7,insects,insects; hand saw; pouring water,0.8748305439949036
Logistic Regression,5,5-234145-A-28.wav,28,snoring,28,snoring,snoring; cat; airplane,0.998894453048706
Logistic Regression,5,5-234247-A-37.wav,37,clock alarm,37,clock alarm,clock alarm; clock tick; siren,0.9993919730186462
Logistic Regression,5,5-234263-A-25.wav,25,footsteps,25,footsteps,footsteps; door wood knock; coughing,0.9953749775886536
Logistic Regression,5,5-234335-A-23.wav,23,breathing,23,breathing,breathing; sneezing; vacuum cleaner,0.9975965023040771
Logistic Regression,5,5-234855-A-25.wav,25,footsteps,25,footsteps,footsteps; vacuum cleaner; coughing,0.9986815452575684
Logistic Regression,5,5-234879-A-1.wav,1,rooster,1,rooster,rooster; hen; clock alarm,0.9974148273468018
Logistic Regression,5,5-234879-B-1.wav,1,rooster,1,rooster,rooster; coughing; door wood knock,0.9994878172874451
Logistic Regression,5,5-234923-A-32.wav,32,keyboard typing,32,keyboard typing,keyboard typing; mouse click; crying baby,0.999934196472168
Logistic Regression,5,5-235507-A-44.wav,44,engine,44,engine,engine; washing machine; helicopter,0.9998655319213867
Logistic Regression,5,5-235593-A-23.wav,23,breathing,23,breathing,breathing; snoring; crying baby,0.9880568981170654
Logistic Regression,5,5-235644-A-30.wav,30,door wood knock,30,door wood knock,door wood knock; water drops; door wood creaks,0.9996311068534851
Logistic Regression,5,5-235671-A-38.wav,38,clock tick,38,clock tick,clock tick; mouse click; water drops,0.9861593246459961
Logistic Regression,5,5-235874-A-28.wav,28,snoring,28,snoring,snoring; drinking sipping; breathing,0.9975887537002563
Logistic Regression,5,5-235893-A-28.wav,28,snoring,28,snoring,snoring; breathing; drinking sipping,0.7927411794662476
Logistic Regression,5,5-235956-A-47.wav,47,airplane,47,airplane,airplane; thunderstorm; wind,0.9993997812271118
Logistic Regression,5,5-236288-A-28.wav,28,snoring,28,snoring,snoring; breathing; drinking sipping,0.9985141754150391
Logistic Regression,5,5-236299-A-34.wav,34,can opening,34,can opening,can opening; dog; mouse click,0.9968118071556091
Logistic Regression,5,5-237315-A-31.wav,31,mouse click,31,mouse click,mouse click; keyboard typing; clock tick,0.9981101155281067
Logistic Regression,5,5-237499-A-4.wav,4,frog,4,frog,frog; drinking sipping; snoring,0.998817503452301
Logistic Regression,5,5-237795-A-34.wav,34,can opening,34,can opening,can opening; chirping birds; drinking sipping,0.9999103546142578
Logistic Regression,5,5-238021-A-35.wav,35,washing machine,35,washing machine,washing machine; airplane; vacuum cleaner,0.957544207572937
Logistic Regression,5,5-238492-A-23.wav,23,breathing,23,breathing,breathing; mouse click; laughing,0.9909672141075134
Logistic Regression,5,5-238926-A-31.wav,31,mouse click,31,mouse click,mouse click; clock tick; car horn,0.9854944348335266
Logistic Regression,5,5-238938-A-27.wav,27,brushing teeth,27,brushing teeth,brushing teeth; drinking sipping; wind,0.9993025660514832
Logistic Regression,5,5-240671-A-44.wav,44,engine,44,engine,engine; washing machine; hen,0.9981329441070557
Logistic Regression,5,5-241846-A-15.wav,15,water drops,15,water drops,water drops; pouring water; footsteps,0.9993571639060974
Logistic Regression,5,5-242490-A-14.wav,14,chirping birds,14,chirping birds,chirping birds; crow; wind,0.9998484253883362
Logistic Regression,5,5-242491-A-14.wav,14,chirping birds,14,chirping birds,chirping birds; crickets; crow,0.9999074339866638
Logistic Regression,5,5-242492-A-3.wav,3,cow,3,cow,cow; coughing; chainsaw,0.8584932088851929
Logistic Regression,5,5-242711-A-9.wav,9,crow,9,crow,crow; chirping birds; frog,0.9965029954910278
Logistic Regression,5,5-242932-A-26.wav,26,laughing,26,laughing,laughing; crying baby; sea waves,0.7954222559928894
Logistic Regression,5,5-242932-B-26.wav,26,laughing,20,crying baby,crying baby; laughing; cat,0.9007675647735596
Logistic Regression,5,5-243025-A-25.wav,25,footsteps,25,footsteps,footsteps; engine; drinking sipping,0.9984143972396851
Logistic Regression,5,5-243036-A-29.wav,29,drinking sipping,29,drinking sipping,drinking sipping; washing machine; water drops,0.9998776912689209
Logistic Regression,5,5-243448-A-14.wav,14,chirping birds,14,chirping birds,chirping birds; insects; crickets,0.9988551735877991
Logistic Regression,5,5-243449-A-14.wav,14,chirping birds,13,crickets,crickets; chirping birds; frog,0.7139165997505188
Logistic Regression,5,5-243450-A-14.wav,14,chirping birds,14,chirping birds,chirping birds; crickets; sea waves,0.9999414086341858
Logistic Regression,5,5-243459-A-14.wav,14,chirping birds,14,chirping birds,chirping birds; sea waves; wind,0.9999850392341614
Logistic Regression,5,5-243459-B-14.wav,14,chirping birds,14,chirping birds,chirping birds; crow; sea waves,0.98957359790802
Logistic Regression,5,5-243635-A-29.wav,29,drinking sipping,29,drinking sipping,drinking sipping; water drops; washing machine,0.9999002814292908
Logistic Regression,5,5-243773-A-44.wav,44,engine,44,engine,engine; washing machine; snoring,0.9991072416305542
Logistic Regression,5,5-243773-B-44.wav,44,engine,44,engine,engine; washing machine; helicopter,0.9998272061347961
Logistic Regression,5,5-243783-A-44.wav,44,engine,44,engine,engine; washing machine; clock tick,0.9996554255485535
Logistic Regression,5,5-244178-A-32.wav,32,keyboard typing,32,keyboard typing,keyboard typing; mouse click; pouring water,0.9995145201683044
Logistic Regression,5,5-244310-A-25.wav,25,footsteps,25,footsteps,footsteps; crackling fire; drinking sipping,0.9994587302207947
Logistic Regression,5,5-244315-A-6.wav,6,hen,6,hen,hen; rooster; pig,0.9998321533203125
Logistic Regression,5,5-244315-B-6.wav,6,hen,6,hen,hen; rooster; footsteps,0.9993259310722351
Logistic Regression,5,5-244315-C-6.wav,6,hen,6,hen,hen; pig; rooster,0.9999481439590454
Logistic Regression,5,5-244327-A-34.wav,34,can opening,34,can opening,can opening; pouring water; water drops,0.9998381733894348
Logistic Regression,5,5-244459-A-28.wav,28,snoring,28,snoring,snoring; drinking sipping; sneezing,0.9963511824607849
Logistic Regression,5,5-244526-A-26.wav,26,laughing,26,laughing,laughing; pig; hen,0.9997994303703308
Logistic Regression,5,5-244651-A-31.wav,31,mouse click,31,mouse click,mouse click; can opening; crickets,0.9982455372810364
Logistic Regression,5,5-244933-A-34.wav,34,can opening,34,can opening,can opening; crackling fire; mouse click,0.9982089400291443
Logistic Regression,5,5-245040-A-35.wav,35,washing machine,35,washing machine,washing machine; mouse click; door wood creaks,0.9782325029373169
Logistic Regression,5,5-248341-A-6.wav,6,hen,6,hen,hen; footsteps; rooster,0.9972779750823975
Logistic Regression,5,5-248341-B-6.wav,6,hen,6,hen,hen; rooster; engine,0.9995462894439697
Logistic Regression,5,5-248341-C-6.wav,6,hen,6,hen,hen; rooster; cat,0.9993652105331421
Logistic Regression,5,5-249748-A-28.wav,28,snoring,28,snoring,snoring; drinking sipping; brushing teeth,0.8781443238258362
Logistic Regression,5,5-249937-A-22.wav,22,clapping,22,clapping,clapping; rain; engine,0.9989712238311768
Logistic Regression,5,5-250026-A-30.wav,30,door wood knock,30,door wood knock,door wood knock; door wood creaks; clock tick,0.9995347261428833
Logistic Regression,5,5-250026-B-30.wav,30,door wood knock,30,door wood knock,door wood knock; clock tick; keyboard typing,0.9921892285346985
Logistic Regression,5,5-250258-A-49.wav,49,hand saw,49,hand saw,hand saw; breathing; can opening,0.9797600507736206
Logistic Regression,5,5-250629-A-37.wav,37,clock alarm,37,clock alarm,clock alarm; coughing; clock tick,0.9998014569282532
Logistic Regression,5,5-250753-A-34.wav,34,can opening,34,can opening,can opening; glass breaking; vacuum cleaner,0.8984508514404297
Logistic Regression,5,5-251426-A-30.wav,30,door wood knock,30,door wood knock,door wood knock; rooster; crying baby,0.9998312592506409
Logistic Regression,5,5-251426-B-30.wav,30,door wood knock,30,door wood knock,door wood knock; rooster; door wood creaks,0.9998964667320251
Logistic Regression,5,5-251489-A-24.wav,24,coughing,24,coughing,coughing; crying baby; laughing,0.9992366433143616
Logistic Regression,5,5-251957-A-47.wav,47,airplane,47,airplane,airplane; train; helicopter,0.9872395992279053
Logistic Regression,5,5-251962-A-47.wav,47,airplane,47,airplane,airplane; helicopter; vacuum cleaner,0.9981421232223511
Logistic Regression,5,5-251963-A-47.wav,47,airplane,47,airplane,airplane; helicopter; wind,0.9976054430007935
Logistic Regression,5,5-251971-A-47.wav,47,airplane,47,airplane,airplane; helicopter; sneezing,0.9999829530715942
Logistic Regression,5,5-252248-A-34.wav,34,can opening,34,can opening,can opening; mouse click; brushing teeth,0.9618781208992004
Logistic Regression,5,5-253085-A-3.wav,3,cow,3,cow,cow; sheep; chainsaw,0.97865229845047
Logistic Regression,5,5-253085-B-3.wav,3,cow,3,cow,cow; sheep; chainsaw,0.9645531177520752
Logistic Regression,5,5-253094-A-49.wav,49,hand saw,49,hand saw,hand saw; vacuum cleaner; chainsaw,0.9997450709342957
Logistic Regression,5,5-253094-B-49.wav,49,hand saw,49,hand saw,hand saw; breathing; footsteps,0.9995858073234558
Logistic Regression,5,5-253094-C-49.wav,49,hand saw,49,hand saw,hand saw; footsteps; breathing,0.9995926022529602
Logistic Regression,5,5-253094-D-49.wav,49,hand saw,49,hand saw,hand saw; breathing; vacuum cleaner,0.999686062335968
Logistic Regression,5,5-253101-A-49.wav,49,hand saw,49,hand saw,hand saw; breathing; footsteps,0.999259889125824
Logistic Regression,5,5-253101-B-49.wav,49,hand saw,49,hand saw,hand saw; breathing; chainsaw,0.9997711181640625
Logistic Regression,5,5-253101-C-49.wav,49,hand saw,49,hand saw,hand saw; breathing; vacuum cleaner,0.9998041987419128
Logistic Regression,5,5-253534-A-26.wav,26,laughing,26,laughing,laughing; hen; engine,0.9856253266334534
Logistic Regression,5,5-254160-A-22.wav,22,clapping,22,clapping,clapping; laughing; keyboard typing,0.9989257454872131
Logistic Regression,5,5-254832-A-15.wav,15,water drops,15,water drops,water drops; rain; mouse click,0.9999410510063171
Logistic Regression,5,5-254832-B-15.wav,15,water drops,15,water drops,water drops; mouse click; door wood creaks,0.9999196529388428
Logistic Regression,5,5-256452-A-5.wav,5,cat,5,cat,cat; door wood knock; crying baby,0.9994887113571167
Logistic Regression,5,5-256512-A-30.wav,30,door wood knock,30,door wood knock,door wood knock; rooster; insects,0.9994620680809021
Logistic Regression,5,5-257349-A-15.wav,15,water drops,15,water drops,water drops; pouring water; footsteps,0.9819254875183105
Logistic Regression,5,5-257642-A-39.wav,39,glass breaking,39,glass breaking,glass breaking; sneezing; can opening,0.9991359114646912
Logistic Regression,5,5-257839-A-14.wav,14,chirping birds,14,chirping birds,chirping birds; footsteps; crow,0.9995224475860596
Logistic Regression,5,5-259169-A-5.wav,5,cat,5,cat,cat; wind; dog,0.9986158609390259
Logistic Regression,5,5-259180-A-15.wav,15,water drops,15,water drops,water drops; mouse click; drinking sipping,0.9628603458404541
Logistic Regression,5,5-259514-A-26.wav,26,laughing,26,laughing,laughing; coughing; footsteps,0.7547299265861511
Logistic Regression,5,5-259640-A-29.wav,29,drinking sipping,29,drinking sipping,drinking sipping; snoring; brushing teeth,0.9990265965461731
Logistic Regression,5,5-260011-A-34.wav,34,can opening,34,can opening,can opening; mouse click; airplane,0.9729321002960205
Logistic Regression,5,5-260164-A-23.wav,23,breathing,23,breathing,breathing; snoring; drinking sipping,0.9959232807159424
Logistic Regression,5,5-260432-A-39.wav,39,glass breaking,39,glass breaking,glass breaking; clapping; crackling fire,0.9994856715202332
Logistic Regression,5,5-260433-A-39.wav,39,glass breaking,39,glass breaking,glass breaking; clapping; keyboard typing,0.999739408493042
Logistic Regression,5,5-260434-A-39.wav,39,glass breaking,39,glass breaking,glass breaking; clapping; keyboard typing,0.9995147585868835
Logistic Regression,5,5-260875-A-35.wav,35,washing machine,35,washing machine,washing machine; vacuum cleaner; engine,0.9881510138511658
Logistic Regression,5,5-261325-A-9.wav,9,crow,9,crow,crow; airplane; frog,0.9987249970436096
Logistic Regression,5,5-261433-A-15.wav,15,water drops,15,water drops,water drops; pouring water; drinking sipping,0.9544200897216797
Logistic Regression,5,5-261439-A-15.wav,15,water drops,15,water drops,water drops; drinking sipping; crickets,0.9641730189323425
Logistic Regression,5,5-261464-A-23.wav,23,breathing,23,breathing,breathing; snoring; helicopter,0.42807698249816895
Logistic Regression,5,5-262641-A-15.wav,15,water drops,15,water drops,water drops; wind; crickets,0.9993477463722229
Logistic Regression,5,5-262957-A-22.wav,22,clapping,22,clapping,clapping; rain; laughing,0.9968471527099609
Logistic Regression,5,5-263490-A-25.wav,25,footsteps,25,footsteps,footsteps; train; wind,0.9816524386405945
Logistic Regression,5,5-263491-A-25.wav,25,footsteps,25,footsteps,footsteps; engine; fireworks,0.9958768486976624
Logistic Regression,5,5-263501-A-25.wav,25,footsteps,25,footsteps,footsteps; fireworks; hand saw,0.9748620390892029
Logistic Regression,5,5-263775-A-26.wav,26,laughing,26,laughing,laughing; coughing; breathing,0.7835274338722229
Logistic Regression,5,5-263775-B-26.wav,26,laughing,26,laughing,laughing; coughing; helicopter,0.7277914881706238
Logistic Regression,5,5-263831-A-6.wav,6,hen,6,hen,hen; rooster; engine,0.998661458492279
Logistic Regression,5,5-263831-B-6.wav,6,hen,6,hen,hen; rooster; engine,0.9995487928390503
Logistic Regression,5,5-263902-A-36.wav,36,vacuum cleaner,36,vacuum cleaner,vacuum cleaner; washing machine; can opening,0.9986373782157898
Logistic Regression,5,5-51149-A-25.wav,25,footsteps,25,footsteps,footsteps; washing machine; door wood knock,0.9998775124549866
Logistic Regression,5,5-61635-A-8.wav,8,sheep,8,sheep,sheep; pig; cow,0.9991174936294556
Logistic Regression,5,5-9032-A-0.wav,0,dog,0,dog,dog; chirping birds; cat,0.8570761680603027
